0 train 10.930812
1 train 10.882185
2 train 10.775066
3 train 10.632409
4 train 10.469636
5 train 10.352806
6 train 10.211187
7 train 10.067351
8 train 9.985008
9 train 9.892879
10 train 9.825258
11 train 9.756618
12 train 9.704483
13 train 9.644901
14 train 9.606668
15 train 9.598898
16 train 9.602697
17 train 9.555103
18 train 9.524957
19 train 9.512058
20 train 9.480124
21 train 9.464063
22 train 9.446432
23 train 9.408848
24 train 9.373493
25 train 9.368673
26 train 9.303835
27 train 9.277056
28 train 9.259690
29 train 9.237563
30 train 9.186062
31 train 9.162291
32 train 9.141983
33 train 9.067590
34 train 9.022010
35 train 9.005313
36 train 8.953939
37 train 8.931423
38 train 8.880663
39 train 8.842752
40 train 8.821004
41 train 8.792226
42 train 8.753387
43 train 8.713858
44 train 8.647953
45 train 8.615083
46 train 8.650435
47 train 8.673617
48 train 8.604586
49 train 8.542086
50 train 8.557904
51 train 8.526831
52 train 8.452553
53 train 8.448698
54 train 8.412146
55 train 8.372203
56 train 8.327928
57 train 8.287580
58 train 8.246631
59 train 8.187217
60 train 8.140607
61 train 8.133640
62 train 8.118405
63 train 8.069828
64 train 8.013273
65 train 7.996599
66 train 7.982460
67 train 7.914068
68 train 7.860874
69 train 7.861339
70 train 7.833519
71 train 7.765258
72 train 7.801406
73 train 7.692127
74 train 7.655115
75 train 7.687675
76 train 7.600324
77 train 7.557039
78 train 7.532759
79 train 7.510605
80 train 7.580860
81 train 7.407659
82 train 7.416696
83 train 7.412048
84 train 7.417083
85 train 7.343807
86 train 7.350940
87 train 7.328791
88 train 7.251544
89 train 7.223218
90 train 7.290401
91 train 7.209398
92 train 7.184794
93 train 7.333257
94 train 7.293903
95 train 7.353300
96 train 7.292922
97 train 7.214599
98 train 7.240093
99 train 7.222542
100 train 7.167577
101 train 7.203506
102 train 7.226278
103 train 7.179295
104 train 7.098114
105 train 7.100826
106 train 7.006257
107 train 7.063187
108 train 7.036201
109 train 7.034800
110 train 7.001486
111 train 6.934521
112 train 7.004762
113 train 6.963181
114 train 6.951807
115 train 6.918983
116 train 6.885730
117 train 6.931407
118 train 6.847561
119 train 6.931674
120 train 6.902511
121 train 6.848379
122 train 6.842372
123 train 6.862442
124 train 6.764294
125 train 6.753036
126 train 6.744575
127 train 6.752783
128 train 6.678231
129 train 6.773507
130 train 6.744749
131 train 6.698272
132 train 6.727024
133 train 6.685731
134 train 6.626965
135 train 6.657224
136 train 6.657274
137 train 6.631384
138 train 6.596183
139 train 6.766634
140 train 6.767838
141 train 6.828201
142 train 6.735337
143 train 6.708669
144 train 6.718559
145 train 6.652479
146 train 6.708165
147 train 6.673511
148 train 6.616796
149 train 6.676263
150 train 6.644611
151 train 6.662745
152 train 6.549664
153 train 6.588066
154 train 6.567356
155 train 6.555568
156 train 6.531929
157 train 6.524772
158 train 6.554395
159 train 6.535040
160 train 6.596721
161 train 6.433021
162 train 6.496232
163 train 6.399009
164 train 6.444865
165 train 6.486746
166 train 6.480930
167 train 6.433990
168 train 6.447740
169 train 6.435226
170 train 6.431230
171 train 6.415426
172 train 6.355939
173 train 6.355031
174 train 6.382789
175 train 6.408087
176 train 6.378763
177 train 6.370535
178 train 6.363658
179 train 6.344581
180 train 6.330359
181 train 6.325717
182 train 6.318998
183 train 6.349165
184 train 6.357944
185 train 6.442742
186 train 6.426156
187 train 6.482447
188 train 6.438408
189 train 6.454204
190 train 6.406650
191 train 6.363158
192 train 6.310998
193 train 6.245441
194 train 6.268199
195 train 6.294500
196 train 6.318978
197 train 6.399770
198 train 6.353045
199 train 6.418695
200 train 6.350291
201 train 6.351925
202 train 6.345009
203 train 6.340629
204 train 6.357748
205 train 6.361714
206 train 6.327080
207 train 6.315080
208 train 6.342059
209 train 6.329533
210 train 6.353222
211 train 6.386426
212 train 6.319747
213 train 6.328502
214 train 6.404748
215 train 6.287570
216 train 6.398150
217 train 6.329335
218 train 6.315508
219 train 6.173518
220 train 6.157508
221 train 6.200661
222 train 6.176643
223 train 6.148182
224 train 6.166505
225 train 6.155187
226 train 6.152771
227 train 6.155070
228 train 6.129488
229 train 6.126922
230 train 6.133023
231 train 6.311084
232 train 6.252497
233 train 6.254342
234 train 6.217735
235 train 6.228963
236 train 6.200063
237 train 6.205655
238 train 6.307823
239 train 6.246056
240 train 6.231204
241 train 6.206091
242 train 6.204417
243 train 6.240787
244 train 6.178648
245 train 6.235354
246 train 6.200252
247 train 6.246627
248 train 6.167202
249 train 6.171110
250 train 6.211056
251 train 6.168149
252 train 6.131775
253 train 6.231397
254 train 6.095162
255 train 6.116375
256 train 6.046798
257 train 6.090063
258 train 6.082850
259 train 6.039755
260 train 6.056021
261 train 6.043140
262 train 6.041099
263 train 6.030092
264 train 6.036128
265 train 6.021399
266 train 6.067522
267 train 6.092154
268 train 6.110828
269 train 6.107401
270 train 6.089178
271 train 6.096251
272 train 6.086215
273 train 6.113075
274 train 6.081298
275 train 6.116143
276 train 6.111430
277 train 6.173956
278 train 6.099700
279 train 6.041579
280 train 6.110657
281 train 6.084055
282 train 6.094263
283 train 6.055263
284 train 6.010128
285 train 6.012268
286 train 6.057384
287 train 5.993419
288 train 6.099469
289 train 6.027557
290 train 5.932879
291 train 5.968999
292 train 5.932478
293 train 5.947102
294 train 5.947131
295 train 5.879549
296 train 5.973856
297 train 5.853571
298 train 5.955702
299 train 5.903702
300 train 5.945391
301 train 5.898560
302 train 5.990802
303 train 5.981575
304 train 6.016610
305 train 6.013088
306 train 6.004804
307 train 5.962255
308 train 6.010437
309 train 5.966973
310 train 5.987076
311 train 5.946722
312 train 5.955584
313 train 6.009349
314 train 5.942031
315 train 5.937768
316 train 5.962137
317 train 5.953222
318 train 6.044659
319 train 5.930613
320 train 5.966945
321 train 5.915881
322 train 5.936357
323 train 5.876554
324 train 5.971840
325 train 5.864776
326 train 5.816766
327 train 5.811303
328 train 5.812920
329 train 5.832415
330 train 5.821897
331 train 5.816928
332 train 5.817450
333 train 5.780304
334 train 5.781509
335 train 5.782317
336 train 5.851486
337 train 5.901783
338 train 5.891521
339 train 5.866605
340 train 5.891268
341 train 5.879735
342 train 5.844696
343 train 5.883928
344 train 5.813108
345 train 5.871305
346 train 5.820016
347 train 5.830447
348 train 5.892365
349 train 5.821361
350 train 5.845613
351 train 5.799928
352 train 5.780055
353 train 5.875581
354 train 5.823112
355 train 5.788115
356 train 5.847631
357 train 5.846349
358 train 5.780090
359 train 5.801994
360 train 5.710872
361 train 5.725186
362 train 5.709007
363 train 5.709636
364 train 5.673392
365 train 5.665897
366 train 5.725391
367 train 5.693100
368 train 5.712014
369 train 5.684868
370 train 5.707967
371 train 5.689290
372 train 5.741786
373 train 5.778673
374 train 5.755332
375 train 5.773299
376 train 5.792130
377 train 5.818984
378 train 5.720714
379 train 5.773266
380 train 5.738765
381 train 5.669578
382 train 5.642920
383 train 5.641067
384 train 5.628738
385 train 5.616632
386 train 5.589007
387 train 5.594896
388 train 5.579450
389 train 5.663231
390 train 5.591136
391 train 5.754001
392 train 5.692890
393 train 5.726382
394 train 5.706113
395 train 5.683422
396 train 5.675135
397 train 5.679979
398 train 5.685251
399 train 5.684151
400 train 5.691341
401 train 5.628212
402 train 5.714149
403 train 5.560648
404 train 5.603849
405 train 5.584028
406 train 5.605600
407 train 5.596916
408 train 5.567756
409 train 5.510051
410 train 5.575783
411 train 5.548758
412 train 5.567171
413 train 5.614987
414 train 5.562592
415 train 5.549560
416 train 5.554781
417 train 5.471449
418 train 5.484879
419 train 5.539502
420 train 5.463237
421 train 5.501225
422 train 5.488605
423 train 5.476693
424 train 5.526372
425 train 5.508458
426 train 5.509300
427 train 5.629590
428 train 5.590132
429 train 5.610189
430 train 5.544116
431 train 5.617642
432 train 5.525557
433 train 5.554183
434 train 5.584641
435 train 5.569426
436 train 5.530117
437 train 5.531896
438 train 5.456779
439 train 5.459100
440 train 5.462729
441 train 5.427737
442 train 5.423843
443 train 5.438246
444 train 5.475502
445 train 5.456500
446 train 5.474863
447 train 5.421650
448 train 5.492674
449 train 5.428647
450 train 5.490668
451 train 5.452723
452 train 5.364767
453 train 5.341051
454 train 5.391589
455 train 5.340958
456 train 5.366353
457 train 5.392190
458 train 5.374930
459 train 5.340840
460 train 5.277532
461 train 5.329202
462 train 5.343647
463 train 5.513905
464 train 5.480492
465 train 5.448991
466 train 5.472057
467 train 5.488284
468 train 5.428221
469 train 5.421010
470 train 5.423659
471 train 5.458660
472 train 5.425423
473 train 5.467597
474 train 5.427063
475 train 5.412528
476 train 5.357081
477 train 5.372974
478 train 5.365506
479 train 5.330796
480 train 5.296345
481 train 5.307625
482 train 5.281356
483 train 5.309794
484 train 5.394394
485 train 5.290502
486 train 5.297302
487 train 5.279149
488 train 5.289423
489 train 5.282809
490 train 5.292346
491 train 5.280589
492 train 5.273185
493 train 5.251192
494 train 5.270153
495 train 5.240872
496 train 5.207585
497 train 5.274532
498 train 5.224031
499 train 5.307481
500 train 5.358462
501 train 5.388111
502 train 5.306659
503 train 5.323416
504 train 5.286818
505 train 5.267661
506 train 5.250769
507 train 5.371208
508 train 5.344935
509 train 5.347826
510 train 5.257254
511 train 5.315689
512 train 5.244872
513 train 5.244462
514 train 5.261072
515 train 5.290283
516 train 5.223211
517 train 5.177389
518 train 5.201021
519 train 5.206254
520 train 5.239483
521 train 5.196918
522 train 5.137087
523 train 5.189161
524 train 5.186651
525 train 5.094056
526 train 5.126469
527 train 5.110473
528 train 5.206658
529 train 5.124265
530 train 5.093647
531 train 5.122355
532 train 5.152756
533 train 5.147993
534 train 5.172589
535 train 5.183034
536 train 5.248491
537 train 5.177184
538 train 5.178398
539 train 5.178105
540 train 5.223816
541 train 5.186552
542 train 5.186686
543 train 5.160616
544 train 5.232677
545 train 5.180221
546 train 5.127018
547 train 5.168186
548 train 5.084001
549 train 5.170098
550 train 5.083553
551 train 5.120477
552 train 5.146624
553 train 5.138166
554 train 5.150985
555 train 5.083683
556 train 5.085405
557 train 5.024035
558 train 5.090117
559 train 5.077183
560 train 5.049723
561 train 5.052088
562 train 5.043440
563 train 5.053173
564 train 5.019822
565 train 4.977688
566 train 5.024942
567 train 5.020376
568 train 5.030034
569 train 5.044232
570 train 5.194360
571 train 5.104083
572 train 5.033726
573 train 4.986445
574 train 5.044570
575 train 5.012308
576 train 5.093223
577 train 5.160326
578 train 5.083835
579 train 5.053870
580 train 5.081823
581 train 5.074807
582 train 5.084008
583 train 5.048607
584 train 5.090359
585 train 5.096039
586 train 5.049545
587 train 5.139310
588 train 4.964425
589 train 4.986920
590 train 5.000999
591 train 5.017991
592 train 4.994936
593 train 5.007272
594 train 4.913365
595 train 4.942898
596 train 4.934958
597 train 4.936019
598 train 4.923542
599 train 4.893571
600 train 4.889942
601 train 4.927874
602 train 4.846720
603 train 4.932932
604 train 4.851327
605 train 4.912897
606 train 4.845942
607 train 4.919063
608 train 4.854469
609 train 4.876958
610 train 4.944283
611 train 4.996850
612 train 5.010973
613 train 5.025217
614 train 4.998494
615 train 4.991953
616 train 5.004236
617 train 5.019183
618 train 4.942273
619 train 4.998553
620 train 5.032212
621 train 4.988121
622 train 4.876774
623 train 4.876387
624 train 4.869116
625 train 4.880246
626 train 4.875608
627 train 4.918116
628 train 4.900779
629 train 4.893424
630 train 4.886911
631 train 4.855827
632 train 4.839128
633 train 4.807578
634 train 4.860702
635 train 4.871231
636 train 4.798782
637 train 4.815451
638 train 4.861132
639 train 4.777648
640 train 4.788723
641 train 4.797454
642 train 4.859882
643 train 4.815448
644 train 4.770224
645 train 4.905438
646 train 4.930331
647 train 4.961340
648 train 4.973753
649 train 4.989794
650 train 4.942471
651 train 4.904892
652 train 4.874795
653 train 4.901983
654 train 4.891417
655 train 4.904259
656 train 4.858296
657 train 4.814829
658 train 4.816723
659 train 4.792400
660 train 4.788157
661 train 4.828126
662 train 4.809701
663 train 4.764983
664 train 4.831043
665 train 4.850720
666 train 4.767198
667 train 4.796402
668 train 4.782301
669 train 4.679598
670 train 4.685853
671 train 4.714132
672 train 4.687710
673 train 4.756836
674 train 4.710566
675 train 4.684290
676 train 4.665741
677 train 4.697307
678 train 4.733643
679 train 4.690500
680 train 4.836730
681 train 4.810881
682 train 4.833275
683 train 4.807813
684 train 4.815150
685 train 4.850032
686 train 4.794418
687 train 4.755893
688 train 4.804969
689 train 4.791973
690 train 4.811371
691 train 4.760847
692 train 4.716621
693 train 4.725577
694 train 4.690139
695 train 4.694884
696 train 4.690545
697 train 4.715153
698 train 4.741679
699 train 4.705881
700 train 4.679999
701 train 4.628746
702 train 4.694819
703 train 4.617365
704 train 4.635208
705 train 4.624100
706 train 4.677236
707 train 4.642948
708 train 4.648631
709 train 4.645259
710 train 4.666949
711 train 4.612046
712 train 4.669711
713 train 4.609536
714 train 4.631655
715 train 4.753777
716 train 4.944876
717 train 4.965783
718 train 5.006122
719 train 5.051131
720 train 5.083466
721 train 5.136909
722 train 5.210986
723 train 5.183206
724 train 5.251987
725 train 5.445475
726 train 5.377257
727 train 5.275583
728 train 5.378539
729 train 5.426545
730 train 5.519820
731 train 5.544153
732 train 5.465435
733 train 5.506446
734 train 5.631499
735 train 5.560183
736 train 5.507940
737 train 5.628066
738 train 5.523734
739 train 5.433995
740 train 5.373823
741 train 5.360156
742 train 5.356684
743 train 5.337785
744 train 5.331948
745 train 5.304656
746 train 5.269005
747 train 5.289907
748 train 5.286265
749 train 5.298122
750 train 5.417737
751 train 5.330615
752 train 5.269630
753 train 5.314690
754 train 5.218253
755 train 5.224417
756 train 5.302199
757 train 5.238652
758 train 5.212955
759 train 5.235569
760 train 5.205942
761 train 5.116426
762 train 5.129052
763 train 5.135723
764 train 5.178262
765 train 5.071904
766 train 5.086143
767 train 4.981372
768 train 5.013585
769 train 5.014107
770 train 4.993539
771 train 4.972534
772 train 4.889554
773 train 4.932675
774 train 4.945545
775 train 4.937253
776 train 4.909636
777 train 4.906025
778 train 4.856675
779 train 4.858636
780 train 4.769535
781 train 4.811787
782 train 4.804522
783 train 4.761413
784 train 4.845929
785 train 4.784290
786 train 4.774276
787 train 4.810279
788 train 4.714064
789 train 4.628457
790 train 4.706906
791 train 4.662136
792 train 4.687595
793 train 4.643000
794 train 4.641351
795 train 4.615205
796 train 4.634542
797 train 4.594213
798 train 4.555802
799 train 4.683488
800 train 4.765901
801 train 4.809794
802 train 4.792720
803 train 4.787225
804 train 4.753512
805 train 4.770120
806 train 4.756186
807 train 4.837324
808 train 4.906317
809 train 4.799304
810 train 4.720974
811 train 4.713109
812 train 4.641562
813 train 4.678770
814 train 4.737985
815 train 4.677380
816 train 4.667504
817 train 4.687381
818 train 4.632540
819 train 4.619374
820 train 4.668121
821 train 4.597022
822 train 4.544072
823 train 4.582743
824 train 4.574141
825 train 4.560726
826 train 4.578981
827 train 4.538760
828 train 4.486848
829 train 4.515658
830 train 4.519111
831 train 4.562506
832 train 4.545292
833 train 4.451624
834 train 4.400528
835 train 4.366868
836 train 4.346065
837 train 4.352074
838 train 4.383766
839 train 4.393468
840 train 4.352644
841 train 4.402822
842 train 4.366313
843 train 4.365479
844 train 4.418350
845 train 4.587409
846 train 4.631128
847 train 4.612246
848 train 4.655883
849 train 4.610641
850 train 4.577691
851 train 4.606550
852 train 4.588534
853 train 4.601714
854 train 4.617246
855 train 4.540839
856 train 4.507134
857 train 4.479655
858 train 4.515225
859 train 4.585564
860 train 4.487228
861 train 4.561395
862 train 4.498134
863 train 4.448184
864 train 4.442705
865 train 4.477229
866 train 4.488209
867 train 4.402706
868 train 4.445001
869 train 4.406511
870 train 4.442461
871 train 4.326461
872 train 4.380517
873 train 4.398615
874 train 4.325698
875 train 4.337839
876 train 4.371299
877 train 4.417990
878 train 4.327934
879 train 4.219614
880 train 4.195180
881 train 4.294713
882 train 4.264858
883 train 4.164534
884 train 4.245796
885 train 4.218009
886 train 4.268888
887 train 4.231634
888 train 4.282737
889 train 4.252987
890 train 4.341782
891 train 4.470535
892 train 4.478116
893 train 4.425109
894 train 4.455770
895 train 4.419922
896 train 4.443767
897 train 4.400245
898 train 4.437417
899 train 4.402706
900 train 4.434831
901 train 4.403125
902 train 4.416635
903 train 4.424387
904 train 4.406769
905 train 4.388510
906 train 4.385812
907 train 4.392035
908 train 4.406749
909 train 4.349885
910 train 4.384139
911 train 4.482722
912 train 4.423930
913 train 4.410314
914 train 4.371142
915 train 4.337814
916 train 4.319483
917 train 4.293680
918 train 4.318623
919 train 4.290188
920 train 4.269131
921 train 4.340001
922 train 4.322379
923 train 4.283170
924 train 4.332271
925 train 4.221529
926 train 4.247119
927 train 4.153618
928 train 4.137906
929 train 4.141336
930 train 4.178188
931 train 4.214922
932 train 4.114410
933 train 4.160554
934 train 4.099449
935 train 4.147758
936 train 4.161790
937 train 4.117999
938 train 4.266821
939 train 4.368607
940 train 4.336241
941 train 4.334243
942 train 4.397798
943 train 4.285391
944 train 4.290105
945 train 4.355039
946 train 4.309553
947 train 4.303297
948 train 4.306173
949 train 4.287992
950 train 4.299247
951 train 4.315582
952 train 4.271870
953 train 4.350424
954 train 4.371668
955 train 4.293086
956 train 4.263708
957 train 4.330778
958 train 4.299798
959 train 4.331743
960 train 4.312523
961 train 4.228117
962 train 4.247281
963 train 4.250395
964 train 4.272159
965 train 4.238122
966 train 4.231921
967 train 4.185235
968 train 4.208528
969 train 4.183791
970 train 4.189999
971 train 4.222203
972 train 4.251304
973 train 4.128966
974 train 4.136106
975 train 4.174835
976 train 4.177692
977 train 4.132480
978 train 4.131174
979 train 4.161751
980 train 4.108576
981 train 4.144895
982 train 4.149596
983 train 4.096106
984 train 4.073706
985 train 4.213629
986 train 4.247828
987 train 4.305581
988 train 4.267798
989 train 4.131476
990 train 4.254512
991 train 4.199309
992 train 4.256084
993 train 4.198621
994 train 4.321227
995 train 4.223312
996 train 4.270518
997 train 4.197435
998 train 4.231273
999 train 4.158195
1000 train 4.141128
1001 train 4.161478
1002 train 4.219546
1003 train 4.138778
1004 train 4.210993
1005 train 4.153388
1006 train 4.144478
1007 train 4.175174
1008 train 4.148004
1009 train 4.155292
1010 train 4.105099
1011 train 4.094594
1012 train 4.112012
1013 train 4.089072
1014 train 4.103941
1015 train 4.099844
1016 train 4.080439
1017 train 4.016209
1018 train 4.137531
1019 train 4.079454
1020 train 4.157056
1021 train 4.178023
1022 train 4.211991
1023 train 4.183180
1024 train 4.172987
1025 train 4.157445
1026 train 4.199053
1027 train 4.180450
1028 train 4.133584
1029 train 4.105620
1030 train 4.109460
1031 train 4.152311
1032 train 4.207093
1033 train 4.086816
1034 train 4.111092
1035 train 4.139430
1036 train 4.087265
1037 train 4.108028
1038 train 4.139041
1039 train 4.134372
1040 train 4.091606
1041 train 4.107767
1042 train 4.089343
1043 train 4.086748
1044 train 4.069176
1045 train 4.057371
1046 train 4.035838
1047 train 4.006003
1048 train 4.047548
1049 train 4.050216
1050 train 4.000772
1051 train 4.020486
1052 train 4.049121
1053 train 4.079309
1054 train 4.041076
1055 train 4.098435
1056 train 4.124465
1057 train 4.107075
1058 train 4.129537
1059 train 4.165985
1060 train 4.140409
1061 train 4.075451
1062 train 4.171205
1063 train 4.172833
1064 train 4.155004
1065 train 4.194335
1066 train 4.113914
1067 train 4.081489
1068 train 4.086547
1069 train 4.071687
1070 train 4.056228
1071 train 4.103229
1072 train 4.070954
1073 train 4.097815
1074 train 4.076601
1075 train 4.030433
1076 train 4.058874
1077 train 4.101310
1078 train 4.038377
1079 train 3.998642
1080 train 3.999205
1081 train 4.023340
1082 train 3.963995
1083 train 4.015456
1084 train 4.003692
1085 train 3.965113
1086 train 3.972414
1087 train 4.028212
1088 train 4.011444
1089 train 4.015566
1090 train 4.134301
1091 train 4.087029
1092 train 4.123363
1093 train 4.108593
1094 train 4.221909
1095 train 4.201781
1096 train 4.127312
1097 train 4.147582
1098 train 4.150364
1099 train 4.096611
1100 train 4.116823
1101 train 4.167433
1102 train 4.083323
1103 train 4.028502
1104 train 4.082934
1105 train 4.079977
1106 train 4.213662
1107 train 4.099903
1108 train 4.104985
1109 train 4.069359
1110 train 4.057363
1111 train 4.080853
1112 train 4.069323
1113 train 4.107558
1114 train 3.996929
1115 train 3.989543
1116 train 4.061219
1117 train 3.962146
1118 train 3.975859
1119 train 3.943074
1120 train 3.971425
1121 train 3.951018
1122 train 3.980014
1123 train 3.976422
1124 train 3.979750
1125 train 3.944298
1126 train 4.041760
1127 train 4.040164
1128 train 4.104624
1129 train 4.052977
1130 train 4.036603
1131 train 4.059575
1132 train 3.962838
1133 train 4.100324
1134 train 4.030741
1135 train 4.011333
1136 train 4.024025
1137 train 4.058514
1138 train 4.010654
1139 train 4.061173
1140 train 3.960806
1141 train 4.016960
1142 train 3.972341
1143 train 4.014520
1144 train 3.991501
1145 train 4.009733
1146 train 3.952984
1147 train 4.001946
1148 train 3.960840
1149 train 4.034469
1150 train 3.957231
1151 train 3.996925
1152 train 4.077803
1153 train 3.957832
1154 train 4.040846
1155 train 3.963336
1156 train 3.992922
1157 train 3.903577
1158 train 3.904666
1159 train 3.881064
1160 train 3.917198
1161 train 3.903986
1162 train 3.913475
1163 train 3.857590
1164 train 4.082020
1165 train 3.848350
1166 train 3.888674
1167 train 3.880368
1168 train 3.908936
1169 train 3.948575
1170 train 4.033916
1171 train 4.020957
1172 train 4.019984
1173 train 4.010874
1174 train 4.019035
1175 train 4.019381
1176 train 4.108685
1177 train 4.020245
1178 train 4.053528
1179 train 4.011195
1180 train 4.032268
1181 train 3.977780
1182 train 3.978885
1183 train 3.941157
1184 train 3.969607
1185 train 3.962907
1186 train 3.976696
1187 train 3.958800
1188 train 3.966268
1189 train 3.918634
1190 train 3.957213
1191 train 3.893152
1192 train 3.967049
1193 train 3.855227
1194 train 3.887672
1195 train 3.899204
1196 train 3.807926
1197 train 3.805820
1198 train 3.867723
1199 train 3.872990
1200 train 3.856040
1201 train 3.838265
1202 train 3.873571
1203 train 3.909379
1204 train 3.888657
1205 train 3.995139
1206 train 3.975186
1207 train 3.974401
1208 train 3.948955
1209 train 4.027186
1210 train 4.048975
1211 train 3.934223
1212 train 4.006887
1213 train 3.977314
1214 train 4.013777
1215 train 3.921949
1216 train 3.930791
1217 train 3.969835
1218 train 3.946675
1219 train 3.935137
1220 train 3.977063
1221 train 3.904821
1222 train 3.938275
1223 train 3.933052
1224 train 3.896298
1225 train 3.902507
1226 train 3.933162
1227 train 3.852114
1228 train 3.798738
1229 train 3.851368
1230 train 3.787922
1231 train 3.801908
1232 train 3.817488
1233 train 3.814417
1234 train 3.848240
1235 train 3.852618
1236 train 3.802028
1237 train 3.820207
1238 train 3.868465
1239 train 3.933120
1240 train 3.944352
1241 train 3.856574
1242 train 3.923291
1243 train 3.949878
1244 train 3.903195
1245 train 3.988032
1246 train 3.947865
1247 train 3.952653
1248 train 3.921116
1249 train 3.910493
1250 train 3.910365
1251 train 3.879724
1252 train 3.887935
1253 train 3.907283
1254 train 3.865294
1255 train 3.886177
1256 train 3.865830
1257 train 3.882787
1258 train 3.903269
1259 train 3.905602
1260 train 3.912071
1261 train 3.911940
1262 train 3.856302
1263 train 3.807975
1264 train 3.847267
1265 train 3.801266
1266 train 3.803572
1267 train 3.819692
1268 train 3.785934
1269 train 3.818505
1270 train 3.781604
1271 train 3.787335
1272 train 3.771297
1273 train 3.817236
1274 train 3.944527
1275 train 3.962154
1276 train 3.930062
1277 train 3.927694
1278 train 3.925409
1279 train 3.950171
1280 train 4.001339
1281 train 4.013956
1282 train 3.903857
1283 train 3.902426
1284 train 3.954782
1285 train 3.907916
1286 train 3.867521
1287 train 3.829397
1288 train 3.882335
1289 train 3.851205
1290 train 3.874361
1291 train 3.872077
1292 train 3.819956
1293 train 3.810201
1294 train 3.901763
1295 train 3.851352
1296 train 3.850160
1297 train 3.846821
1298 train 3.801417
1299 train 3.831593
1300 train 3.811471
1301 train 3.838361
1302 train 3.787280
1303 train 3.826457
1304 train 3.748658
1305 train 3.768232
1306 train 3.791786
1307 train 3.776176
1308 train 3.760843
1309 train 3.789123
1310 train 3.894777
1311 train 3.942242
1312 train 3.901145
1313 train 3.928961
1314 train 3.951002
1315 train 3.945979
1316 train 3.859563
1317 train 3.862461
1318 train 3.871572
1319 train 4.025410
1320 train 3.893033
1321 train 3.886697
1322 train 3.869400
1323 train 3.894907
1324 train 3.922044
1325 train 3.832655
1326 train 3.865599
1327 train 3.873464
1328 train 3.862428
1329 train 3.850824
1330 train 3.849606
1331 train 3.901188
1332 train 3.886458
1333 train 3.824607
1334 train 3.799312
1335 train 3.927872
1336 train 3.890705
1337 train 3.955336
1338 train 3.961801
1339 train 3.958870
1340 train 3.892234
1341 train 3.919187
1342 train 3.937595
1343 train 3.914143
1344 train 3.998216
1345 train 4.004108
1346 train 3.941420
1347 train 3.970855
1348 train 3.978874
1349 train 3.919675
1350 train 3.963328
1351 train 3.900597
1352 train 3.923071
1353 train 3.908567
1354 train 3.920622
1355 train 3.839231
1356 train 3.858303
1357 train 3.834548
1358 train 3.816904
1359 train 3.822891
1360 train 3.908771
1361 train 3.932851
1362 train 3.830637
1363 train 3.843673
1364 train 3.874860
1365 train 3.870020
1366 train 3.891665
1367 train 3.855101
1368 train 4.007984
1369 train 3.859921
1370 train 3.887081
1371 train 3.855256
1372 train 3.823275
1373 train 3.889788
1374 train 3.856778
1375 train 3.899947
1376 train 3.898944
1377 train 3.891523
1378 train 3.880966
1379 train 3.895991
1380 train 3.899089
1381 train 3.903342
1382 train 3.950785
1383 train 3.917243
1384 train 3.912769
1385 train 3.930766
1386 train 3.913333
1387 train 3.921610
1388 train 3.833807
1389 train 3.835256
1390 train 3.812332
1391 train 3.790608
1392 train 3.792899
1393 train 3.869891
1394 train 3.798125
1395 train 3.828336
1396 train 3.884622
1397 train 3.800086
1398 train 3.863311
1399 train 3.847259
1400 train 3.818580
1401 train 3.834282
1402 train 3.841086
1403 train 3.838504
1404 train 3.865337
1405 train 3.828336
1406 train 3.861010
1407 train 3.814455
1408 train 3.829776
1409 train 3.909010
1410 train 3.887622
1411 train 3.856690
1412 train 3.890258
1413 train 3.910743
1414 train 3.875025
1415 train 3.856918
1416 train 3.860526
1417 train 3.853306
1418 train 3.814201
1419 train 3.815500
1420 train 3.895519
1421 train 3.864386
1422 train 3.849845
1423 train 3.874344
1424 train 3.833882
1425 train 3.784710
1426 train 3.841831
1427 train 3.803821
1428 train 3.778785
1429 train 3.839860
1430 train 3.837393
1431 train 3.829843
1432 train 3.856204
1433 train 3.780603
1434 train 3.850119
1435 train 3.758044
1436 train 3.777454
1437 train 3.843442
1438 train 3.866517
1439 train 3.854964
1440 train 3.934869
1441 train 3.825886
1442 train 3.855127
1443 train 3.835769
1444 train 3.852687
1445 train 3.822107
1446 train 3.818685
1447 train 3.800163
1448 train 3.813584
1449 train 3.872435
1450 train 3.831204
1451 train 3.810491
1452 train 3.823757
1453 train 3.809510
1454 train 3.915923
1455 train 3.803638
1456 train 3.837947
1457 train 3.850363
1458 train 3.821367
1459 train 3.804306
1460 train 3.876750
1461 train 3.867855
1462 train 3.776468
1463 train 3.786829
1464 train 3.839492
1465 train 3.795168
1466 train 3.724033
1467 train 3.786699
1468 train 3.748974
1469 train 3.769378
1470 train 3.799997
1471 train 3.760404
1472 train 3.788568
1473 train 3.817872
1474 train 3.801567
1475 train 3.839351
1476 train 3.829187
1477 train 3.824928
1478 train 3.768734
1479 train 3.845918
1480 train 3.852131
1481 train 3.793029
1482 train 3.826403
1483 train 3.847225
1484 train 3.857784
1485 train 3.850207
1486 train 3.842540
1487 train 3.837456
1488 train 3.819844
1489 train 3.797271
1490 train 3.802088
1491 train 3.795242
1492 train 3.824126
1493 train 3.769768
1494 train 3.862362
1495 train 3.804590
1496 train 3.783338
1497 train 3.854943
1498 train 3.782382
1499 train 3.742948
1500 train 3.755572
1501 train 3.760885
1502 train 3.753959
1503 train 3.744235
1504 train 3.787792
1505 train 3.755563
1506 train 3.799235
1507 train 3.799786
1508 train 3.787312
1509 train 3.879316
1510 train 3.802545
1511 train 3.811814
1512 train 3.813153
1513 train 3.781900
1514 train 3.848250
1515 train 3.778217
1516 train 3.821228
1517 train 3.860966
1518 train 3.839435
1519 train 3.846535
1520 train 3.775757
1521 train 3.862330
1522 train 3.766434
1523 train 3.769532
1524 train 3.780184
1525 train 3.783573
1526 train 3.770778
1527 train 3.804941
1528 train 3.801950
1529 train 3.778048
1530 train 3.789994
1531 train 3.827295
1532 train 3.753650
1533 train 3.811517
1534 train 3.713568
1535 train 3.747669
1536 train 3.753971
1537 train 3.756813
1538 train 3.743310
1539 train 3.762109
1540 train 3.659240
1541 train 3.791008
1542 train 3.789727
1543 train 3.752592
1544 train 3.753575
1545 train 3.682501
1546 train 3.600908
1547 train 3.572665
1548 train 3.632742
1549 train 3.615775
1550 train 3.627993
1551 train 3.630625
1552 train 3.601567
1553 train 3.663709
1554 train 3.541355
1555 train 3.579066
1556 train 3.585825
1557 train 3.713236
1558 train 3.783067
1559 train 3.812238
1560 train 3.818930
1561 train 3.776487
1562 train 3.778623
1563 train 3.806528
1564 train 3.759844
1565 train 3.768627
1566 train 3.801442
1567 train 3.810981
1568 train 3.780256
1569 train 3.752840
1570 train 3.755229
1571 train 3.855931
1572 train 3.736166
1573 train 3.727261
1574 train 3.797752
1575 train 3.907168
1576 train 3.756671
1577 train 3.768000
1578 train 3.778270
1579 train 3.781275
1580 train 3.782736
1581 train 3.731354
1582 train 3.676610
1583 train 3.738133
1584 train 3.676601
1585 train 3.651510
1586 train 3.707705
1587 train 3.756952
1588 train 3.703638
1589 train 3.696619
1590 train 3.674861
1591 train 3.675836
1592 train 3.512965
1593 train 3.526768
1594 train 3.562641
1595 train 3.562609
1596 train 3.576562
1597 train 3.557689
1598 train 3.565044
1599 train 3.559668
1600 train 3.626529
1601 train 3.548155
1602 train 3.522257
1603 train 3.637538
1604 train 3.830591
1605 train 3.771211
1606 train 3.810850
1607 train 3.817815
1608 train 3.848061
1609 train 3.805079
1610 train 3.763887
1611 train 3.765047
1612 train 3.763605
1613 train 3.817097
1614 train 3.823433
1615 train 3.766082
1616 train 3.784622
1617 train 3.759109
1618 train 3.758142
1619 train 3.745576
1620 train 3.787123
1621 train 3.751758
1622 train 3.771618
1623 train 3.779027
1624 train 3.777125
1625 train 3.688554
1626 train 3.771092
1627 train 3.721334
1628 train 3.708966
1629 train 3.681904
1630 train 3.662947
1631 train 3.683552
1632 train 3.650937
1633 train 3.666456
1634 train 3.692606
1635 train 3.690393
1636 train 3.652670
1637 train 3.706177
1638 train 3.627454
1639 train 3.601039
1640 train 3.556329
1641 train 3.580301
1642 train 3.665733
1643 train 3.535745
1644 train 3.499254
1645 train 3.484829
1646 train 3.559689
1647 train 3.527542
1648 train 3.529950
1649 train 3.526896
1650 train 3.629122
1651 train 3.751902
1652 train 3.735971
1653 train 3.722927
1654 train 3.864831
1655 train 3.770356
1656 train 3.858481
1657 train 3.738908
1658 train 3.779378
1659 train 3.741882
1660 train 3.789006
1661 train 3.725954
1662 train 3.780147
1663 train 3.780677
1664 train 3.824107
1665 train 3.777379
1666 train 3.704041
1667 train 3.720903
1668 train 3.779401
1669 train 3.771120
1670 train 3.795583
1671 train 3.767061
1672 train 3.793468
1673 train 3.728235
1674 train 3.711497
1675 train 3.666125
1676 train 3.724455
1677 train 3.665143
1678 train 3.648645
1679 train 3.735748
1680 train 3.696174
1681 train 3.666254
1682 train 3.752300
1683 train 3.683684
1684 train 3.745489
1685 train 3.666903
1686 train 3.639992
1687 train 3.497305
1688 train 3.534539
1689 train 3.585742
1690 train 3.548666
1691 train 3.573024
1692 train 3.520185
1693 train 3.485658
1694 train 3.503590
1695 train 3.523956
1696 train 3.501949
1697 train 3.599528
1698 train 3.571754
1699 train 3.713440
1700 train 3.698070
1701 train 3.774678
1702 train 3.722396
1703 train 3.794575
1704 train 3.729913
1705 train 3.733929
1706 train 3.726830
1707 train 3.708106
1708 train 3.776788
1709 train 3.753297
1710 train 3.772805
1711 train 3.728828
1712 train 3.698363
1713 train 3.729855
1714 train 3.753284
1715 train 3.702348
1716 train 3.721016
1717 train 3.541423
1718 train 3.713104
1719 train 3.715765
1720 train 3.756681
1721 train 3.737500
1722 train 3.721103
1723 train 3.689029
1724 train 3.720316
1725 train 3.613299
1726 train 3.687217
1727 train 3.773505
1728 train 3.712981
1729 train 3.710899
1730 train 3.722480
1731 train 3.652313
1732 train 3.668346
1733 train 3.681313
1734 train 3.645032
1735 train 3.670250
1736 train 3.646784
1737 train 3.671091
1738 train 3.662726
1739 train 3.638579
1740 train 3.658577
1741 train 3.657668
1742 train 3.614179
1743 train 3.585953
1744 train 3.616606
1745 train 3.513944
1746 train 3.609895
1747 train 3.564297
1748 train 3.590219
1749 train 3.605409
1750 train 3.646162
1751 train 3.600329
1752 train 3.538211
1753 train 3.570015
1754 train 3.745192
1755 train 3.754663
1756 train 3.711232
1757 train 3.717663
1758 train 3.695080
1759 train 3.704158
1760 train 3.702762
1761 train 3.699914
1762 train 3.740938
1763 train 3.672235
1764 train 3.694233
1765 train 3.681811
1766 train 3.669213
1767 train 3.616093
1768 train 3.647070
1769 train 3.650099
1770 train 3.618423
1771 train 3.635345
1772 train 3.659060
1773 train 3.719578
1774 train 3.701159
1775 train 3.658577
1776 train 3.671607
1777 train 3.598583
1778 train 3.562648
1779 train 3.539699
1780 train 3.596864
1781 train 3.556386
1782 train 3.561900
1783 train 3.569500
1784 train 3.571099
1785 train 3.542058
1786 train 3.581382
1787 train 3.473264
1788 train 3.558950
1789 train 3.570773
1790 train 3.713102
1791 train 3.663357
1792 train 3.662954
1793 train 3.649208
1794 train 3.717228
1795 train 3.679801
1796 train 3.674032
1797 train 3.667305
1798 train 3.608231
1799 train 3.711868
1800 train 3.641034
1801 train 3.617362
1802 train 3.617039
1803 train 3.668530
1804 train 3.649239
1805 train 3.659317
1806 train 3.619870
1807 train 3.684846
1808 train 3.655375
1809 train 3.684759
1810 train 3.616130
1811 train 3.636718
1812 train 3.640893
1813 train 3.518360
1814 train 3.559786
1815 train 3.545199
1816 train 3.590108
1817 train 3.606057
1818 train 3.621252
1819 train 3.539683
1820 train 3.554013
1821 train 3.564333
1822 train 3.557712
1823 train 3.570367
1824 train 3.553284
1825 train 3.657689
1826 train 3.687637
1827 train 3.811236
1828 train 3.704028
1829 train 3.670167
1830 train 3.777330
1831 train 3.642398
1832 train 3.656695
1833 train 3.664395
1834 train 3.667260
1835 train 3.674932
1836 train 3.692646
1837 train 3.669569
1838 train 3.720617
1839 train 3.665796
1840 train 3.645445
1841 train 3.661779
1842 train 3.666587
1843 train 3.614541
1844 train 3.638132
1845 train 3.699659
1846 train 3.639461
1847 train 3.642596
1848 train 3.616958
1849 train 3.598225
1850 train 3.562109
1851 train 3.548021
1852 train 3.562309
1853 train 3.548862
1854 train 3.596366
1855 train 3.558509
1856 train 3.604824
1857 train 3.599115
1858 train 3.614705
1859 train 3.558866
1860 train 3.572826
1861 train 3.660636
1862 train 3.710444
1863 train 3.635560
1864 train 3.718154
1865 train 3.692898
1866 train 3.683416
1867 train 3.671581
1868 train 3.704331
1869 train 3.636165
1870 train 3.661104
1871 train 3.689496
1872 train 3.552592
1873 train 3.641240
1874 train 3.650315
1875 train 3.620629
1876 train 3.649396
1877 train 3.670147
1878 train 3.642083
1879 train 3.629167
1880 train 3.568537
1881 train 3.630971
1882 train 3.611603
1883 train 3.594340
1884 train 3.601890
1885 train 3.519039
1886 train 3.578398
1887 train 3.636938
1888 train 3.548321
1889 train 3.547475
1890 train 3.545796
1891 train 3.518984
1892 train 3.540126
1893 train 3.584471
1894 train 3.581764
1895 train 3.565086
1896 train 3.647508
1897 train 3.695514
1898 train 3.644004
1899 train 3.629597
1900 train 3.695689
1901 train 3.696803
1902 train 3.648273
1903 train 3.677862
1904 train 3.630765
1905 train 3.680357
1906 train 3.698725
1907 train 3.582250
1908 train 3.632229
1909 train 3.563076
1910 train 3.566617
1911 train 3.581526
1912 train 3.593043
1913 train 3.591415
1914 train 3.601855
1915 train 3.679407
1916 train 3.698876
1917 train 3.675819
1918 train 3.628323
1919 train 3.619959
1920 train 3.681963
1921 train 3.626575
1922 train 3.646518
1923 train 3.655367
1924 train 3.644858
1925 train 3.689649
1926 train 3.675660
1927 train 3.621382
1928 train 3.595494
1929 train 3.692708
1930 train 3.623952
1931 train 3.604465
1932 train 3.615969
1933 train 3.617336
1934 train 3.684407
1935 train 3.620735
1936 train 3.701773
1937 train 3.652692
1938 train 3.601952
1939 train 3.582993
1940 train 3.577851
1941 train 3.570701
1942 train 3.623893
1943 train 3.615170
1944 train 3.603828
1945 train 3.587915
1946 train 3.592568
1947 train 3.597176
1948 train 3.555519
1949 train 3.547765
1950 train 3.627123
1951 train 3.644541
1952 train 3.660886
1953 train 3.696597
1954 train 3.702988
1955 train 3.610237
1956 train 3.771986
1957 train 3.648402
1958 train 3.649800
1959 train 3.638301
1960 train 3.686298
1961 train 3.801296
1962 train 3.659411
1963 train 3.616992
1964 train 3.599564
1965 train 3.625263
1966 train 3.655186
1967 train 3.625180
1968 train 3.689605
1969 train 3.632503
1970 train 3.595075
1971 train 3.575822
1972 train 3.608929
1973 train 3.584326
1974 train 3.596745
1975 train 3.545866
1976 train 3.611744
1977 train 3.599680
1978 train 3.576463
1979 train 3.643854
1980 train 3.577243
1981 train 3.545848
1982 train 3.563233
1983 train 3.594410
1984 train 3.557344
1985 train 3.555061
1986 train 3.605743
1987 train 3.640977
1988 train 3.601349
1989 train 3.646633
1990 train 3.658442
1991 train 3.635053
1992 train 3.615951
1993 train 3.676095
1994 train 3.627536
1995 train 3.647689
1996 train 3.654044
1997 train 3.627545
1998 train 3.571322
1999 train 3.559199
2000 train 3.605262
2001 train 3.616926
2002 train 3.586363
2003 train 3.582181
2004 train 3.608109
2005 train 3.616705
2006 train 3.639862
2007 train 3.618776
2008 train 3.559309
2009 train 3.560733
2010 train 3.545388
2011 train 3.601820
2012 train 3.535015
2013 train 3.563663
2014 train 3.625330
2015 train 3.583760
2016 train 3.562190
2017 train 3.508881
2018 train 3.615303
2019 train 3.562558
2020 train 3.533184
2021 train 3.624797
2022 train 3.604685
2023 train 3.612579
2024 train 3.661494
2025 train 3.641340
2026 train 3.628481
2027 train 3.615952
2028 train 3.585516
2029 train 3.688323
2030 train 3.572984
2031 train 3.602841
2032 train 3.546163
2033 train 3.574552
2034 train 3.608979
2035 train 3.602925
2036 train 3.599369
2037 train 3.576618
2038 train 3.582390
2039 train 3.706533
2040 train 3.615176
2041 train 3.617687
2042 train 3.602864
2043 train 3.585219
2044 train 3.542998
2045 train 3.572151
2046 train 3.558479
2047 train 3.665428
2048 train 3.565976
2049 train 3.561069
2050 train 3.529696
2051 train 3.539980
2052 train 3.550918
2053 train 3.625211
2054 train 3.574030
2055 train 3.558485
2056 train 3.601249
2057 train 3.691295
2058 train 3.637856
2059 train 3.684828
2060 train 3.655770
2061 train 3.666419
2062 train 3.657406
2063 train 3.650076
2064 train 3.657621
2065 train 3.654808
2066 train 3.676498
2067 train 3.601459
2068 train 3.650243
2069 train 3.582191
2070 train 3.638114
2071 train 3.694279
2072 train 3.663459
2073 train 3.646628
2074 train 3.626727
2075 train 3.617004
2076 train 3.669540
2077 train 3.617296
2078 train 3.582466
2079 train 3.563679
2080 train 3.523390
2081 train 3.708031
2082 train 3.657628
2083 train 3.635397
2084 train 3.580821
2085 train 3.562302
2086 train 3.635926
2087 train 3.538570
2088 train 3.581453
2089 train 3.516639
2090 train 3.536469
2091 train 3.544612
2092 train 3.657851
2093 train 3.634286
2094 train 3.655517
2095 train 3.631554
2096 train 3.720669
2097 train 3.595968
2098 train 3.567147
2099 train 3.555628
2100 train 3.544047
2101 train 3.516673
2102 train 3.595486
2103 train 3.575192
2104 train 3.635037
2105 train 3.598180
2106 train 3.623549
2107 train 3.649186
2108 train 3.638157
2109 train 3.622721
2110 train 3.617661
2111 train 3.656178
2112 train 3.616689
2113 train 3.587161
2114 train 3.722285
2115 train 3.645646
2116 train 3.611211
2117 train 3.594712
2118 train 3.613242
2119 train 3.503986
2120 train 3.642979
2121 train 3.568048
2122 train 3.587548
2123 train 3.557820
2124 train 3.567791
2125 train 3.638745
2126 train 3.593041
2127 train 3.572835
2128 train 3.591485
2129 train 3.583234
2130 train 3.548287
2131 train 3.545741
2132 train 3.608214
2133 train 3.596592
2134 train 3.540978
2135 train 3.546929
2136 train 3.534244
2137 train 3.551950
2138 train 3.600810
2139 train 3.584331
2140 train 3.610641
2141 train 3.623556
2142 train 3.591743
2143 train 3.628611
2144 train 3.647003
2145 train 3.568056
2146 train 3.551628
2147 train 3.616555
2148 train 3.637320
2149 train 3.577176
2150 train 3.701377
2151 train 3.535113
2152 train 3.662663
2153 train 3.643972
2154 train 3.598884
2155 train 3.593463
2156 train 3.632610
2157 train 3.574413
2158 train 3.623834
2159 train 3.595042
2160 train 3.640676
2161 train 3.557734
2162 train 3.526680
2163 train 3.531712
2164 train 3.547629
2165 train 3.598392
2166 train 3.551361
2167 train 3.526818
2168 train 3.533962
2169 train 3.583614
2170 train 3.520610
2171 train 3.526712
2172 train 3.516594
2173 train 3.655330
2174 train 3.666848
2175 train 3.617210
2176 train 3.576910
2177 train 3.718503
2178 train 3.616712
2179 train 3.629689
2180 train 3.553797
2181 train 3.711978
2182 train 3.636142
2183 train 3.610803
2184 train 3.648129
2185 train 3.569934
2186 train 3.615025
2187 train 3.628548
2188 train 3.585459
2189 train 3.588449
2190 train 3.577105
2191 train 3.611807
2192 train 3.581062
2193 train 3.573971
2194 train 3.620802
2195 train 3.602975
2196 train 3.633783
2197 train 3.606225
2198 train 3.558355
2199 train 3.521328
2200 train 3.528482
2201 train 3.545749
2202 train 3.612007
2203 train 3.584026
2204 train 3.502259
2205 train 3.523510
2206 train 3.545304
2207 train 3.513449
2208 train 3.491157
2209 train 3.618651
2210 train 3.649844
2211 train 3.599761
2212 train 3.638385
2213 train 3.657622
2214 train 3.575122
2215 train 3.635659
2216 train 3.582319
2217 train 3.622587
2218 train 3.661865
2219 train 3.598150
2220 train 3.625701
2221 train 3.606342
2222 train 3.631551
2223 train 3.564517
2224 train 3.604379
2225 train 3.573111
2226 train 3.600650
2227 train 3.586994
2228 train 3.617544
2229 train 3.589388
2230 train 3.668881
2231 train 3.565879
2232 train 3.539463
2233 train 3.618159
2234 train 3.612595
2235 train 3.574532
2236 train 3.538355
2237 train 3.549333
2238 train 3.528061
2239 train 3.522316
2240 train 3.541814
2241 train 3.527374
2242 train 3.543368
2243 train 3.579273
2244 train 3.589281
2245 train 3.646176
2246 train 3.659816
2247 train 3.562694
2248 train 3.504758
2249 train 3.621679
2250 train 3.632772
2251 train 3.610500
2252 train 3.642545
2253 train 3.630198
2254 train 3.754343
2255 train 3.553346
2256 train 3.556132
2257 train 3.600800
2258 train 3.595887
2259 train 3.635727
2260 train 3.590699
2261 train 3.558463
2262 train 3.603820
2263 train 3.670744
2264 train 3.574024
2265 train 3.628980
2266 train 3.581739
2267 train 3.580573
2268 train 3.517273
2269 train 3.500890
2270 train 3.553484
2271 train 3.510271
2272 train 3.563570
2273 train 3.523416
2274 train 3.519385
2275 train 3.566552
2276 train 3.547956
2277 train 3.507108
2278 train 3.486219
2279 train 3.540869
2280 train 3.600903
2281 train 3.585846
2282 train 3.546071
2283 train 3.629562
2284 train 3.594557
2285 train 3.611606
2286 train 3.484603
2287 train 3.567712
2288 train 3.644810
2289 train 3.380065
2290 train 3.329015
2291 train 3.392195
2292 train 3.379892
2293 train 3.398511
2294 train 3.309310
2295 train 3.350055
2296 train 3.348487
2297 train 3.350860
2298 train 3.439949
2299 train 3.344325
2300 train 3.331763
2301 train 3.604959
2302 train 3.634239
2303 train 3.613874
2304 train 3.633683
2305 train 3.627244
2306 train 3.618216
2307 train 3.621433
2308 train 3.629494
2309 train 3.594639
2310 train 3.606457
2311 train 3.589213
2312 train 3.561252
2313 train 3.675004
2314 train 3.583641
2315 train 3.585227
2316 train 3.639892
2317 train 3.590075
2318 train 3.564274
2319 train 3.624326
2320 train 3.595902
2321 train 3.555691
2322 train 3.579643
2323 train 3.606601
2324 train 3.488834
2325 train 3.545908
2326 train 3.554374
2327 train 3.502612
2328 train 3.512066
2329 train 3.513303
2330 train 3.559101
2331 train 3.503619
2332 train 3.556619
2333 train 3.540743
2334 train 3.475122
2335 train 3.333909
2336 train 3.280161
2337 train 3.362896
2338 train 3.321133
2339 train 3.346686
2340 train 3.312435
2341 train 3.374142
2342 train 3.287826
2343 train 3.351096
2344 train 3.316194
2345 train 3.310161
2346 train 3.509434
2347 train 3.553353
2348 train 3.565329
2349 train 3.564488
2350 train 3.560669
2351 train 3.501380
2352 train 3.587489
2353 train 3.513865
2354 train 3.586988
2355 train 3.576228
2356 train 3.560277
2357 train 3.542241
2358 train 3.562985
2359 train 3.580654
2360 train 3.562056
2361 train 3.511510
2362 train 3.572963
2363 train 3.547667
2364 train 3.519048
2365 train 3.592893
2366 train 3.593549
2367 train 3.552011
2368 train 3.563125
2369 train 3.536556
2370 train 3.538527
2371 train 3.570400
2372 train 3.534703
2373 train 3.565972
2374 train 3.506861
2375 train 3.541792
2376 train 3.539065
2377 train 3.495003
2378 train 3.518758
2379 train 3.504134
2380 train 3.343482
2381 train 3.293840
2382 train 3.382027
2383 train 3.303185
2384 train 3.323715
2385 train 3.381582
2386 train 3.300724
2387 train 3.342813
2388 train 3.323112
2389 train 3.350662
2390 train 3.281832
2391 train 3.485470
2392 train 3.536678
2393 train 3.581715
2394 train 3.620520
2395 train 3.581240
2396 train 3.552616
2397 train 3.563353
2398 train 3.562092
2399 train 3.554934
2400 train 3.568599
2401 train 3.560873
2402 train 3.562723
2403 train 3.548108
2404 train 3.584059
2405 train 3.603028
2406 train 3.555295
2407 train 3.566335
2408 train 3.560470
2409 train 3.506892
2410 train 3.540165
2411 train 3.480658
2412 train 3.520099
2413 train 3.544824
2414 train 3.591776
2415 train 3.494598
2416 train 3.542230
2417 train 3.514347
2418 train 3.469865
2419 train 3.528385
2420 train 3.586792
2421 train 3.514975
2422 train 3.516338
2423 train 3.646398
2424 train 3.557386
2425 train 3.487939
2426 train 3.313673
2427 train 3.341993
2428 train 3.371670
2429 train 3.294045
2430 train 3.335115
2431 train 3.412056
2432 train 3.289607
2433 train 3.330375
2434 train 3.361877
2435 train 3.274319
2436 train 3.300730
2437 train 3.411920
2438 train 3.606423
2439 train 3.540364
2440 train 3.568305
2441 train 3.572317
2442 train 3.635844
2443 train 3.598442
2444 train 3.580792
2445 train 3.534485
2446 train 3.633834
2447 train 3.582808
2448 train 3.618440
2449 train 3.570097
2450 train 3.604914
2451 train 3.584888
2452 train 3.582038
2453 train 3.561017
2454 train 3.575135
2455 train 3.535547
2456 train 3.590259
2457 train 3.544112
2458 train 3.549658
2459 train 3.560538
2460 train 3.456527
2461 train 3.509416
2462 train 3.427720
2463 train 3.560727
2464 train 3.497614
2465 train 3.592227
2466 train 3.501503
2467 train 3.492265
2468 train 3.532572
2469 train 3.499267
2470 train 3.494115
2471 train 3.501553
2472 train 3.584818
2473 train 3.598329
2474 train 3.558621
2475 train 3.581857
2476 train 3.530844
2477 train 3.561336
2478 train 3.582981
2479 train 3.547648
2480 train 3.565487
2481 train 3.543934
2482 train 3.524427
2483 train 3.473361
2484 train 3.520370
2485 train 3.545231
2486 train 3.550906
2487 train 3.441299
2488 train 3.421244
2489 train 3.401703
2490 train 3.410416
2491 train 3.465070
2492 train 3.375217
2493 train 3.431731
2494 train 3.404804
2495 train 3.458387
2496 train 3.458211
2497 train 3.446372
2498 train 3.441233
2499 train 3.559366
2500 val 3.5177
2500 hella 0.2673
2500 train 3.580660
2501 train 3.546013
2502 train 3.632486
2503 train 3.573765
2504 train 3.633549
2505 train 3.605500
2506 train 3.617172
2507 train 3.572978
2508 train 3.522373
2509 train 3.595603
2510 train 3.581527
2511 train 3.551678
2512 train 3.555372
2513 train 3.614053
2514 train 3.530543
2515 train 3.563853
2516 train 3.542295
2517 train 3.616415
2518 train 3.547031
2519 train 3.546927
2520 train 3.509234
2521 train 3.583806
2522 train 3.498030
2523 train 3.539660
2524 train 3.541612
2525 train 3.490370
2526 train 3.490377
2527 train 3.571205
2528 train 3.528411
2529 train 3.572202
2530 train 3.543283
2531 train 3.531329
2532 train 3.495323
2533 train 3.398936
2534 train 3.417379
2535 train 3.414453
2536 train 3.429267
2537 train 3.454795
2538 train 3.352545
2539 train 3.487014
2540 train 3.417388
2541 train 3.422357
2542 train 3.375338
2543 train 3.433714
2544 train 3.470567
2545 train 3.607633
2546 train 3.604122
2547 train 3.555609
2548 train 3.627134
2549 train 3.576621
2550 train 3.575564
2551 train 3.606799
2552 train 3.589576
2553 train 3.576796
2554 train 3.585623
2555 train 3.611067
2556 train 3.568553
2557 train 3.548827
2558 train 3.585256
2559 train 3.605069
2560 train 3.650867
2561 train 3.576015
2562 train 3.574972
2563 train 3.562380
2564 train 3.568535
2565 train 3.550427
2566 train 3.558453
2567 train 3.554190
2568 train 3.522587
2569 train 3.478093
2570 train 3.522528
2571 train 3.504138
2572 train 3.566990
2573 train 3.460798
2574 train 3.470902
2575 train 3.550601
2576 train 3.501335
2577 train 3.514144
2578 train 3.508308
2579 train 3.386829
2580 train 3.407793
2581 train 3.440130
2582 train 3.544739
2583 train 3.401097
2584 train 3.453138
2585 train 3.412037
2586 train 3.400214
2587 train 3.547014
2588 train 3.387408
2589 train 3.376498
2590 train 3.488154
2591 train 3.646753
2592 train 3.640057
2593 train 3.667120
2594 train 3.576682
2595 train 3.565853
2596 train 3.614547
2597 train 3.559101
2598 train 3.637774
2599 train 3.574210
2600 train 3.591775
2601 train 3.523238
2602 train 3.542798
2603 train 3.582407
2604 train 3.596696
2605 train 3.568253
2606 train 3.595496
2607 train 3.583202
2608 train 3.548297
2609 train 3.564666
2610 train 3.520456
2611 train 3.597458
2612 train 3.594202
2613 train 3.586827
2614 train 3.521561
2615 train 3.633045
2616 train 3.563924
2617 train 3.527270
2618 train 3.476446
2619 train 3.547100
2620 train 3.493375
2621 train 3.565743
2622 train 3.548085
2623 train 3.475924
2624 train 3.499078
2625 train 3.342887
2626 train 3.398256
2627 train 3.421784
2628 train 3.374323
2629 train 3.348087
2630 train 3.353971
2631 train 3.386067
2632 train 3.509644
2633 train 3.496274
2634 train 3.380997
2635 train 3.401421
2636 train 3.443809
2637 train 3.534375
2638 train 3.554590
2639 train 3.531593
2640 train 3.509151
2641 train 3.553636
2642 train 3.483832
2643 train 3.490594
2644 train 3.487634
2645 train 3.464870
2646 train 3.568787
2647 train 3.553131
2648 train 3.579637
2649 train 3.583452
2650 train 3.558500
2651 train 3.517259
2652 train 3.563371
2653 train 3.536559
2654 train 3.508662
2655 train 3.562449
2656 train 3.576494
2657 train 3.556684
2658 train 3.543797
2659 train 3.597011
2660 train 3.514918
2661 train 3.483934
2662 train 3.532894
2663 train 3.530861
2664 train 3.581027
2665 train 3.514760
2666 train 3.568303
2667 train 3.542729
2668 train 3.519214
2669 train 3.538873
2670 train 3.509677
2671 train 3.504234
2672 train 3.551628
2673 train 3.533121
2674 train 3.447015
2675 train 3.456355
2676 train 3.563650
2677 train 3.524702
2678 train 3.488665
2679 train 3.490920
2680 train 3.472777
2681 train 3.444113
2682 train 3.478355
2683 train 3.545351
2684 train 3.483248
2685 train 3.514418
2686 train 3.480011
2687 train 3.497545
2688 train 3.475168
2689 train 3.462890
2690 train 3.489964
2691 train 3.529647
2692 train 3.457582
2693 train 3.469382
2694 train 3.408024
2695 train 3.416031
2696 train 3.480443
2697 train 3.504198
2698 train 3.561840
2699 train 3.539455
2700 train 3.523735
2701 train 3.550624
2702 train 3.510898
2703 train 3.539547
2704 train 3.532600
2705 train 3.517820
2706 train 3.548078
2707 train 3.495987
2708 train 3.563866
2709 train 3.484328
2710 train 3.499805
2711 train 3.500595
2712 train 3.488086
2713 train 3.456877
2714 train 3.476242
2715 train 3.452856
2716 train 3.461249
2717 train 3.481308
2718 train 3.528871
2719 train 3.530250
2720 train 3.466769
2721 train 3.447428
2722 train 3.513198
2723 train 3.482677
2724 train 3.485162
2725 train 3.501303
2726 train 3.471664
2727 train 3.465394
2728 train 3.444147
2729 train 3.453164
2730 train 3.444041
2731 train 3.496855
2732 train 3.524818
2733 train 3.523739
2734 train 3.552625
2735 train 3.636330
2736 train 3.554324
2737 train 3.568602
2738 train 3.591136
2739 train 3.516176
2740 train 3.478017
2741 train 3.601988
2742 train 3.527789
2743 train 3.461562
2744 train 3.513808
2745 train 3.486832
2746 train 3.462151
2747 train 3.492495
2748 train 3.460124
2749 train 3.497696
2750 train 3.544079
2751 train 3.452128
2752 train 3.462676
2753 train 3.567800
2754 train 3.466746
2755 train 3.470623
2756 train 3.501857
2757 train 3.449468
2758 train 3.445337
2759 train 3.439339
2760 train 3.444767
2761 train 3.494219
2762 train 3.436886
2763 train 3.467442
2764 train 3.404339
2765 train 3.463305
2766 train 3.529562
2767 train 3.531949
2768 train 3.493799
2769 train 3.518451
2770 train 3.487569
2771 train 3.490220
2772 train 3.495269
2773 train 3.527950
2774 train 3.572630
2775 train 3.509740
2776 train 3.474595
2777 train 3.493242
2778 train 3.457493
2779 train 3.522587
2780 train 3.477834
2781 train 3.437147
2782 train 3.486696
2783 train 3.443162
2784 train 3.470063
2785 train 3.529885
2786 train 3.492578
2787 train 3.455286
2788 train 3.483407
2789 train 3.485596
2790 train 3.522947
2791 train 3.463010
2792 train 3.495576
2793 train 3.578156
2794 train 3.452318
2795 train 3.467900
2796 train 3.452369
2797 train 3.417414
2798 train 3.425944
2799 train 3.501938
2800 train 3.504919
2801 train 3.534195
2802 train 3.507825
2803 train 3.570738
2804 train 3.600965
2805 train 3.519952
2806 train 3.555103
2807 train 3.511431
2808 train 3.574726
2809 train 3.490269
2810 train 3.552405
2811 train 3.541668
2812 train 3.501356
2813 train 3.512567
2814 train 3.528107
2815 train 3.474060
2816 train 3.491026
2817 train 3.499110
2818 train 3.490577
2819 train 3.523211
2820 train 3.482002
2821 train 3.469752
2822 train 3.454934
2823 train 3.495883
2824 train 3.431297
2825 train 3.419672
2826 train 3.434340
2827 train 3.450033
2828 train 3.484571
2829 train 3.514450
2830 train 3.437084
2831 train 3.484418
2832 train 3.458097
2833 train 3.482009
2834 train 3.497917
2835 train 3.511980
2836 train 3.538864
2837 train 3.557370
2838 train 3.500041
2839 train 3.518614
2840 train 3.472119
2841 train 3.519714
2842 train 3.471108
2843 train 3.556424
2844 train 3.469820
2845 train 3.475956
2846 train 3.461447
2847 train 3.429122
2848 train 3.480702
2849 train 3.458969
2850 train 3.487315
2851 train 3.517935
2852 train 3.498792
2853 train 3.493809
2854 train 3.549042
2855 train 3.488490
2856 train 3.488502
2857 train 3.520860
2858 train 3.458225
2859 train 3.422706
2860 train 3.466392
2861 train 3.478093
2862 train 3.589025
2863 train 3.561227
2864 train 3.599669
2865 train 3.496261
2866 train 3.645286
2867 train 3.558347
2868 train 3.572553
2869 train 3.577053
2870 train 3.538254
2871 train 3.526819
2872 train 3.517643
2873 train 3.491375
2874 train 3.494053
2875 train 3.517090
2876 train 3.566864
2877 train 3.536942
2878 train 3.499512
2879 train 3.531606
2880 train 3.432702
2881 train 3.498090
2882 train 3.504904
2883 train 3.554693
2884 train 3.413444
2885 train 3.522785
2886 train 3.444499
2887 train 3.440598
2888 train 3.467579
2889 train 3.449372
2890 train 3.435620
2891 train 3.453774
2892 train 3.486145
2893 train 3.571395
2894 train 3.471273
2895 train 3.432346
2896 train 3.365558
2897 train 3.425086
2898 train 3.349322
2899 train 3.403139
2900 train 3.390310
2901 train 3.371590
2902 train 3.442272
2903 train 3.403873
2904 train 3.372718
2905 train 3.360682
2906 train 3.393290
2907 train 3.486232
2908 train 3.559666
2909 train 3.575120
2910 train 3.527762
2911 train 3.522899
2912 train 3.585988
2913 train 3.575603
2914 train 3.513684
2915 train 3.488554
2916 train 3.503837
2917 train 3.530890
2918 train 3.501161
2919 train 3.486605
2920 train 3.453724
2921 train 3.489370
2922 train 3.443364
2923 train 3.502568
2924 train 3.502670
2925 train 3.453911
2926 train 3.598953
2927 train 3.497193
2928 train 3.578490
2929 train 3.519271
2930 train 3.436429
2931 train 3.464433
2932 train 3.464496
2933 train 3.466023
2934 train 3.500978
2935 train 3.466506
2936 train 3.437323
2937 train 3.480535
2938 train 3.458164
2939 train 3.448912
2940 train 3.451366
2941 train 3.419621
2942 train 3.448167
2943 train 3.397927
2944 train 3.372569
2945 train 3.379140
2946 train 3.323987
2947 train 3.378720
2948 train 3.383949
2949 train 3.390433
2950 train 3.338508
2951 train 3.372047
2952 train 3.425503
2953 train 3.451016
2954 train 3.493331
2955 train 3.556488
2956 train 3.520891
2957 train 3.546904
2958 train 3.517604
2959 train 3.458729
2960 train 3.568688
2961 train 3.505332
2962 train 3.532797
2963 train 3.561878
2964 train 3.501874
2965 train 3.521004
2966 train 3.516198
2967 train 3.475884
2968 train 3.515747
2969 train 3.452525
2970 train 3.441951
2971 train 3.466076
2972 train 3.474131
2973 train 3.436545
2974 train 3.475306
2975 train 3.502067
2976 train 3.468077
2977 train 3.460315
2978 train 3.469050
2979 train 3.482223
2980 train 3.440926
2981 train 3.474463
2982 train 3.430279
2983 train 3.480376
2984 train 3.444977
2985 train 3.428945
2986 train 3.457077
2987 train 3.421972
2988 train 3.463001
2989 train 3.391028
2990 train 3.340767
2991 train 3.369259
2992 train 3.343412
2993 train 3.452854
2994 train 3.395539
2995 train 3.429750
2996 train 3.413904
2997 train 3.356521
2998 train 3.378287
2999 train 3.408156
3000 train 3.526127
3001 train 3.550460
3002 train 3.563334
3003 train 3.511619
3004 train 3.535979
3005 train 3.475973
3006 train 3.464843
3007 train 3.513212
3008 train 3.541142
3009 train 3.581275
3010 train 3.522717
3011 train 3.501188
3012 train 3.428981
3013 train 3.496267
3014 train 3.494988
3015 train 3.449378
3016 train 3.481110
3017 train 3.482486
3018 train 3.589905
3019 train 3.515505
3020 train 3.468818
3021 train 3.462895
3022 train 3.529512
3023 train 3.468597
3024 train 3.412496
3025 train 3.432972
3026 train 3.441805
3027 train 3.474356
3028 train 3.461419
3029 train 3.471997
3030 train 3.416851
3031 train 3.401218
3032 train 3.440034
3033 train 3.415418
3034 train 3.382780
3035 train 3.368247
3036 train 3.378969
3037 train 3.375556
3038 train 3.448966
3039 train 3.337357
3040 train 3.329992
3041 train 3.307366
3042 train 3.352184
3043 train 3.362798
3044 train 3.402542
3045 train 3.355783
3046 train 3.453899
3047 train 3.501269
3048 train 3.492753
3049 train 3.495436
3050 train 3.517591
3051 train 3.511418
3052 train 3.462753
3053 train 3.479425
3054 train 3.427195
3055 train 3.462924
3056 train 3.438255
3057 train 3.391872
3058 train 3.352242
3059 train 3.428870
3060 train 3.407409
3061 train 3.350399
3062 train 3.413505
3063 train 3.426357
3064 train 3.391876
3065 train 3.347415
3066 train 3.393805
3067 train 3.368325
3068 train 3.489338
3069 train 3.568361
3070 train 3.437026
3071 train 3.499262
3072 train 3.462780
3073 train 3.435021
3074 train 3.456872
3075 train 3.445930
3076 train 3.424132
3077 train 3.455257
3078 train 3.498829
3079 train 3.484457
3080 train 3.476433
3081 train 3.500565
3082 train 3.496296
3083 train 3.453103
3084 train 3.474541
3085 train 3.469692
3086 train 3.556788
3087 train 3.459749
3088 train 3.454952
3089 train 3.516161
3090 train 3.440242
3091 train 3.428743
3092 train 3.403956
3093 train 3.403259
3094 train 3.378433
3095 train 3.427198
3096 train 3.441642
3097 train 3.421423
3098 train 3.399859
3099 train 3.401462
3100 train 3.374390
3101 train 3.387171
3102 train 3.408175
3103 train 3.479265
3104 train 3.449984
3105 train 3.486966
3106 train 3.491692
3107 train 3.463800
3108 train 3.570639
3109 train 3.394000
3110 train 3.443796
3111 train 3.407757
3112 train 3.586895
3113 train 3.468719
3114 train 3.433437
3115 train 3.524851
3116 train 3.435640
3117 train 3.393869
3118 train 3.537231
3119 train 3.487043
3120 train 3.482149
3121 train 3.445661
3122 train 3.472106
3123 train 3.461460
3124 train 3.437463
3125 train 3.411682
3126 train 3.433607
3127 train 3.423916
3128 train 3.354602
3129 train 3.438011
3130 train 3.370045
3131 train 3.412769
3132 train 3.374253
3133 train 3.457222
3134 train 3.370972
3135 train 3.402793
3136 train 3.452669
3137 train 3.369301
3138 train 3.510042
3139 train 3.441039
3140 train 3.422472
3141 train 3.439775
3142 train 3.412831
3143 train 3.377560
3144 train 3.492386
3145 train 3.403728
3146 train 3.406204
3147 train 3.506381
3148 train 3.476964
3149 train 3.426435
3150 train 3.495906
3151 train 3.453091
3152 train 3.438200
3153 train 3.476418
3154 train 3.438550
3155 train 3.393562
3156 train 3.420266
3157 train 3.456730
3158 train 3.457454
3159 train 3.418457
3160 train 3.407139
3161 train 3.431406
3162 train 3.416254
3163 train 3.409928
3164 train 3.364695
3165 train 3.348371
3166 train 3.368248
3167 train 3.357037
3168 train 3.363214
3169 train 3.398598
3170 train 3.383168
3171 train 3.405269
3172 train 3.443712
3173 train 3.358125
3174 train 3.421232
3175 train 3.424976
3176 train 3.478345
3177 train 3.414477
3178 train 3.428167
3179 train 3.422446
3180 train 3.454910
3181 train 3.347116
3182 train 3.479200
3183 train 3.474609
3184 train 3.407949
3185 train 3.446106
3186 train 3.461643
3187 train 3.418437
3188 train 3.467400
3189 train 3.431635
3190 train 3.542304
3191 train 3.438500
3192 train 3.420462
3193 train 3.447823
3194 train 3.401261
3195 train 3.345840
3196 train 3.394091
3197 train 3.383255
3198 train 3.395231
3199 train 3.371320
3200 train 3.439905
3201 train 3.448964
3202 train 3.484088
3203 train 3.380899
3204 train 3.382825
3205 train 3.414761
3206 train 3.390516
3207 train 3.423390
3208 train 3.454474
3209 train 3.467323
3210 train 3.443761
3211 train 3.546621
3212 train 3.462807
3213 train 3.425799
3214 train 3.472453
3215 train 3.322579
3216 train 3.479102
3217 train 3.443911
3218 train 3.445482
3219 train 3.442188
3220 train 3.425061
3221 train 3.462562
3222 train 3.417237
3223 train 3.448394
3224 train 3.442168
3225 train 3.454384
3226 train 3.415495
3227 train 3.443149
3228 train 3.523148
3229 train 3.419781
3230 train 3.382129
3231 train 3.415577
3232 train 3.386169
3233 train 3.385692
3234 train 3.381907
3235 train 3.371036
3236 train 3.302572
3237 train 3.413476
3238 train 3.368033
3239 train 3.389845
3240 train 3.393216
3241 train 3.378546
3242 train 3.450633
3243 train 3.458954
3244 train 3.487568
3245 train 3.464973
3246 train 3.413711
3247 train 3.478116
3248 train 3.533047
3249 train 3.409115
3250 train 3.427674
3251 train 3.450637
3252 train 3.451472
3253 train 3.391127
3254 train 3.450503
3255 train 3.424504
3256 train 3.407876
3257 train 3.415768
3258 train 3.387277
3259 train 3.420553
3260 train 3.375088
3261 train 3.493128
3262 train 3.571246
3263 train 3.500654
3264 train 3.465488
3265 train 3.497782
3266 train 3.452633
3267 train 3.450613
3268 train 3.545120
3269 train 3.552083
3270 train 3.482388
3271 train 3.524686
3272 train 3.524187
3273 train 3.456895
3274 train 3.519311
3275 train 3.518104
3276 train 3.477978
3277 train 3.501322
3278 train 3.478229
3279 train 3.486511
3280 train 3.449867
3281 train 3.471512
3282 train 3.452891
3283 train 3.405543
3284 train 3.467252
3285 train 3.393912
3286 train 3.449548
3287 train 3.405967
3288 train 3.436661
3289 train 3.372800
3290 train 3.398924
3291 train 3.414905
3292 train 3.361077
3293 train 3.374598
3294 train 3.377554
3295 train 3.386268
3296 train 3.443584
3297 train 3.475784
3298 train 3.485676
3299 train 3.470367
3300 train 3.460676
3301 train 3.494120
3302 train 3.463577
3303 train 3.484545
3304 train 3.468552
3305 train 3.443133
3306 train 3.584279
3307 train 3.477276
3308 train 3.438043
3309 train 3.511216
3310 train 3.455893
3311 train 3.429607
3312 train 3.476370
3313 train 3.446444
3314 train 3.459431
3315 train 3.419043
3316 train 3.449653
3317 train 3.490917
3318 train 3.423306
3319 train 3.424193
3320 train 3.408145
3321 train 3.456495
3322 train 3.404205
3323 train 3.350065
3324 train 3.484323
3325 train 3.440413
3326 train 3.392998
3327 train 3.455760
3328 train 3.419142
3329 train 3.419314
3330 train 3.448321
3331 train 3.520804
3332 train 3.509476
3333 train 3.546109
3334 train 3.461067
3335 train 3.439132
3336 train 3.473714
3337 train 3.490548
3338 train 3.499524
3339 train 3.494670
3340 train 3.521100
3341 train 3.467308
3342 train 3.499521
3343 train 3.456084
3344 train 3.496669
3345 train 3.460955
3346 train 3.436423
3347 train 3.451435
3348 train 3.459318
3349 train 3.505771
3350 train 3.466464
3351 train 3.463623
3352 train 3.533989
3353 train 3.452298
3354 train 3.375567
3355 train 3.427689
3356 train 3.391080
3357 train 3.382043
3358 train 3.412422
3359 train 3.386682
3360 train 3.365496
3361 train 3.378880
3362 train 3.366521
3363 train 3.370760
3364 train 3.388214
3365 train 3.501290
3366 train 3.462003
3367 train 3.477130
3368 train 3.461173
3369 train 3.466774
3370 train 3.442537
3371 train 3.477689
3372 train 3.473063
3373 train 3.462105
3374 train 3.493412
3375 train 3.489738
3376 train 3.466061
3377 train 3.516078
3378 train 3.497011
3379 train 3.417182
3380 train 3.491232
3381 train 3.388769
3382 train 3.442791
3383 train 3.418870
3384 train 3.486250
3385 train 3.418133
3386 train 3.441000
3387 train 3.452956
3388 train 3.423092
3389 train 3.391507
3390 train 3.422074
3391 train 3.366412
3392 train 3.468945
3393 train 3.335129
3394 train 3.411518
3395 train 3.408702
3396 train 3.361469
3397 train 3.435803
3398 train 3.379678
3399 train 3.473081
3400 train 3.516740
3401 train 3.558478
3402 train 3.419819
3403 train 3.458930
3404 train 3.488342
3405 train 3.460011
3406 train 3.455370
3407 train 3.457680
3408 train 3.426049
3409 train 3.486326
3410 train 3.479682
3411 train 3.462487
3412 train 3.410607
3413 train 3.437906
3414 train 3.414135
3415 train 3.428007
3416 train 3.434328
3417 train 3.487595
3418 train 3.476594
3419 train 3.454724
3420 train 3.477746
3421 train 3.380536
3422 train 3.420724
3423 train 3.376846
3424 train 3.394186
3425 train 3.386559
3426 train 3.406700
3427 train 3.404020
3428 train 3.364983
3429 train 3.418927
3430 train 3.401612
3431 train 3.357761
3432 train 3.377520
3433 train 3.449929
3434 train 3.423526
3435 train 3.465889
3436 train 3.460919
3437 train 3.413088
3438 train 3.464496
3439 train 3.445924
3440 train 3.450553
3441 train 3.439197
3442 train 3.518574
3443 train 3.426531
3444 train 3.465694
3445 train 3.417027
3446 train 3.440826
3447 train 3.494361
3448 train 3.419228
3449 train 3.401188
3450 train 3.380539
3451 train 3.454470
3452 train 3.436025
3453 train 3.440830
3454 train 3.408490
3455 train 3.390309
3456 train 3.445541
3457 train 3.421288
3458 train 3.389886
3459 train 3.569853
3460 train 3.476516
3461 train 3.488203
3462 train 3.386853
3463 train 3.490256
3464 train 3.463497
3465 train 3.480430
3466 train 3.405750
3467 train 3.434586
3468 train 3.518557
3469 train 3.463115
3470 train 3.486263
3471 train 3.456364
3472 train 3.392747
3473 train 3.447155
3474 train 3.470283
3475 train 3.432536
3476 train 3.475554
3477 train 3.428601
3478 train 3.428566
3479 train 3.508963
3480 train 3.487200
3481 train 3.454015
3482 train 3.405789
3483 train 3.456418
3484 train 3.414659
3485 train 3.376935
3486 train 3.454314
3487 train 3.414663
3488 train 3.474469
3489 train 3.420795
3490 train 3.395267
3491 train 3.417322
3492 train 3.447528
3493 train 3.483088
3494 train 3.521667
3495 train 3.400277
3496 train 3.456037
3497 train 3.510688
3498 train 3.439667
3499 train 3.438586
3500 train 3.425756
3501 train 3.532387
3502 train 3.408118
3503 train 3.487655
3504 train 3.461743
3505 train 3.413243
3506 train 3.455048
3507 train 3.441158
3508 train 3.491010
3509 train 3.432119
3510 train 3.429497
3511 train 3.474161
3512 train 3.430245
3513 train 3.407593
3514 train 3.402818
3515 train 3.354400
3516 train 3.334839
3517 train 3.477746
3518 train 3.394554
3519 train 3.348143
3520 train 3.379160
3521 train 3.390255
3522 train 3.346454
3523 train 3.458077
3524 train 3.371879
3525 train 3.418625
3526 train 3.385722
3527 train 3.409040
3528 train 3.447440
3529 train 3.429790
3530 train 3.461771
3531 train 3.471508
3532 train 3.531565
3533 train 3.405234
3534 train 3.434804
3535 train 3.394432
3536 train 3.414209
3537 train 3.500391
3538 train 3.461066
3539 train 3.476563
3540 train 3.488662
3541 train 3.403301
3542 train 3.400448
3543 train 3.450151
3544 train 3.432696
3545 train 3.417206
3546 train 3.426309
3547 train 3.446906
3548 train 3.383712
3549 train 3.420891
3550 train 3.394808
3551 train 3.352220
3552 train 3.452956
3553 train 3.386314
3554 train 3.349598
3555 train 3.428005
3556 train 3.399628
3557 train 3.333126
3558 train 3.379677
3559 train 3.392782
3560 train 3.411050
3561 train 3.451040
3562 train 3.456766
3563 train 3.475239
3564 train 3.416208
3565 train 3.445231
3566 train 3.469224
3567 train 3.437281
3568 train 3.428577
3569 train 3.439238
3570 train 3.443911
3571 train 3.482780
3572 train 3.416466
3573 train 3.458013
3574 train 3.405804
3575 train 3.394781
3576 train 3.457144
3577 train 3.403503
3578 train 3.399692
3579 train 3.462954
3580 train 3.404327
3581 train 3.493357
3582 train 3.501155
3583 train 3.424555
3584 train 3.424112
3585 train 3.391356
3586 train 3.352310
3587 train 3.373508
3588 train 3.419749
3589 train 3.408340
3590 train 3.381922
3591 train 3.423032
3592 train 3.391609
3593 train 3.312788
3594 train 3.366683
3595 train 3.399790
3596 train 3.477665
3597 train 3.412060
3598 train 3.423174
3599 train 3.485717
3600 train 3.433017
3601 train 3.470968
3602 train 3.429019
3603 train 3.478919
3604 train 3.417540
3605 train 3.396150
3606 train 3.448766
3607 train 3.460207
3608 train 3.427725
3609 train 3.418136
3610 train 3.443898
3611 train 3.426915
3612 train 3.407852
3613 train 3.495862
3614 train 3.456056
3615 train 3.438467
3616 train 3.462682
3617 train 3.414134
3618 train 3.410042
3619 train 3.368618
3620 train 3.383439
3621 train 3.358553
3622 train 3.398844
3623 train 3.349178
3624 train 3.422859
3625 train 3.419069
3626 train 3.503581
3627 train 3.413270
3628 train 3.382898
3629 train 3.418712
3630 train 3.402173
3631 train 3.434190
3632 train 3.427464
3633 train 3.419794
3634 train 3.412726
3635 train 3.345272
3636 train 3.404400
3637 train 3.425689
3638 train 3.462997
3639 train 3.390171
3640 train 3.548186
3641 train 3.408256
3642 train 3.381077
3643 train 3.512105
3644 train 3.440256
3645 train 3.393506
3646 train 3.407119
3647 train 3.410070
3648 train 3.496816
3649 train 3.412645
3650 train 3.410220
3651 train 3.385466
3652 train 3.466534
3653 train 3.469115
3654 train 3.431243
3655 train 3.400604
3656 train 3.433218
3657 train 3.445544
3658 train 3.409940
3659 train 3.403608
3660 train 3.406030
3661 train 3.421972
3662 train 3.473447
3663 train 3.388053
3664 train 3.365553
3665 train 3.382257
3666 train 3.422848
3667 train 3.362868
3668 train 3.367811
3669 train 3.422657
3670 train 3.394920
3671 train 3.434028
3672 train 3.400982
3673 train 3.373966
3674 train 3.412843
3675 train 3.450212
3676 train 3.425609
3677 train 3.420356
3678 train 3.421293
3679 train 3.446349
3680 train 3.441680
3681 train 3.488554
3682 train 3.378593
3683 train 3.437238
3684 train 3.399506
3685 train 3.431958
3686 train 3.457510
3687 train 3.442313
3688 train 3.435402
3689 train 3.368209
3690 train 3.430706
3691 train 3.484884
3692 train 3.407191
3693 train 3.405727
3694 train 3.462443
3695 train 3.436347
3696 train 3.414605
3697 train 3.390774
3698 train 3.326313
3699 train 3.398884
3700 train 3.377202
3701 train 3.471086
3702 train 3.420495
3703 train 3.476568
3704 train 3.427405
3705 train 3.320859
3706 train 3.394124
3707 train 3.446931
3708 train 3.404344
3709 train 3.524961
3710 train 3.506674
3711 train 3.443521
3712 train 3.455534
3713 train 3.392987
3714 train 3.410263
3715 train 3.453267
3716 train 3.406503
3717 train 3.433235
3718 train 3.418142
3719 train 3.472667
3720 train 3.443873
3721 train 3.449795
3722 train 3.402344
3723 train 3.454845
3724 train 3.422594
3725 train 3.437623
3726 train 3.452453
3727 train 3.417247
3728 train 3.379082
3729 train 3.468759
3730 train 3.470572
3731 train 3.404851
3732 train 3.394823
3733 train 3.398605
3734 train 3.412753
3735 train 3.379223
3736 train 3.395779
3737 train 3.386127
3738 train 3.400677
3739 train 3.412873
3740 train 3.372543
3741 train 3.351979
3742 train 3.367627
3743 train 3.427819
3744 train 3.415612
3745 train 3.513824
3746 train 3.445413
3747 train 3.399570
3748 train 3.411132
3749 train 3.439499
3750 train 3.440133
3751 train 3.441531
3752 train 3.456659
3753 train 3.447097
3754 train 3.453027
3755 train 3.488806
3756 train 3.419921
3757 train 3.484196
3758 train 3.457102
3759 train 3.391073
3760 train 3.443078
3761 train 3.399740
3762 train 3.505696
3763 train 3.442410
3764 train 3.433170
3765 train 3.458113
3766 train 3.387546
3767 train 3.378078
3768 train 3.462575
3769 train 3.393350
3770 train 3.369326
3771 train 3.471743
3772 train 3.372607
3773 train 3.355269
3774 train 3.393136
3775 train 3.425406
3776 train 3.414260
3777 train 3.452752
3778 train 3.352560
3779 train 3.470830
3780 train 3.424114
3781 train 3.432425
3782 train 3.408005
3783 train 3.419194
3784 train 3.406760
3785 train 3.422439
3786 train 3.421178
3787 train 3.404334
3788 train 3.400415
3789 train 3.452443
3790 train 3.439398
3791 train 3.494050
3792 train 3.492887
3793 train 3.390354
3794 train 3.391070
3795 train 3.415970
3796 train 3.431491
3797 train 3.398790
3798 train 3.505684
3799 train 3.442058
3800 train 3.392057
3801 train 3.429130
3802 train 3.411984
3803 train 3.403061
3804 train 3.346651
3805 train 3.360164
3806 train 3.424830
3807 train 3.346229
3808 train 3.363981
3809 train 3.419074
3810 train 3.403727
3811 train 3.369436
3812 train 3.385527
3813 train 3.454115
3814 train 3.399892
3815 train 3.293070
3816 train 3.375647
3817 train 3.266176
3818 train 3.310443
3819 train 3.358668
3820 train 3.306366
3821 train 3.266840
3822 train 3.328297
3823 train 3.289322
3824 train 3.244743
3825 train 3.299874
3826 train 3.411889
3827 train 3.361992
3828 train 3.481647
3829 train 3.456050
3830 train 3.419969
3831 train 3.418585
3832 train 3.385562
3833 train 3.412319
3834 train 3.438708
3835 train 3.445632
3836 train 3.389922
3837 train 3.424065
3838 train 3.394574
3839 train 3.463558
3840 train 3.465217
3841 train 3.437500
3842 train 3.428051
3843 train 3.451591
3844 train 3.466921
3845 train 3.437992
3846 train 3.428522
3847 train 3.438134
3848 train 3.404730
3849 train 3.379246
3850 train 3.394973
3851 train 3.379799
3852 train 3.410642
3853 train 3.360088
3854 train 3.366931
3855 train 3.371575
3856 train 3.398804
3857 train 3.377099
3858 train 3.395986
3859 train 3.377147
3860 train 3.387451
3861 train 3.370812
3862 train 3.315862
3863 train 3.360304
3864 train 3.294985
3865 train 3.333027
3866 train 3.323119
3867 train 3.310051
3868 train 3.275308
3869 train 3.269163
3870 train 3.307414
3871 train 3.299766
3872 train 3.321764
3873 train 3.265173
3874 train 3.476489
3875 train 3.415182
3876 train 3.384091
3877 train 3.423992
3878 train 3.470472
3879 train 3.493338
3880 train 3.483036
3881 train 3.458140
3882 train 3.360036
3883 train 3.341691
3884 train 3.375483
3885 train 3.409720
3886 train 3.475039
3887 train 3.382996
3888 train 3.441017
3889 train 3.407702
3890 train 3.399843
3891 train 3.392547
3892 train 3.391441
3893 train 3.409879
3894 train 3.430819
3895 train 3.422156
3896 train 3.400863
3897 train 3.394722
3898 train 3.367471
3899 train 3.336623
3900 train 3.343591
3901 train 3.345091
3902 train 3.340261
3903 train 3.354853
3904 train 3.391500
3905 train 3.369582
3906 train 3.314839
3907 train 3.386294
3908 train 3.368985
3909 train 3.255123
3910 train 3.402708
3911 train 3.288033
3912 train 3.287061
3913 train 3.318478
3914 train 3.263220
3915 train 3.285037
3916 train 3.271138
3917 train 3.317396
3918 train 3.315399
3919 train 3.217203
3920 train 3.349846
3921 train 3.479879
3922 train 3.412347
3923 train 3.390626
3924 train 3.442250
3925 train 3.390669
3926 train 3.404603
3927 train 3.436417
3928 train 3.425364
3929 train 3.412146
3930 train 3.442171
3931 train 3.411534
3932 train 3.425934
3933 train 3.423665
3934 train 3.395929
3935 train 3.420181
3936 train 3.408969
3937 train 3.448064
3938 train 3.376248
3939 train 3.439484
3940 train 3.374840
3941 train 3.399612
3942 train 3.436978
3943 train 3.471356
3944 train 3.357997
3945 train 3.398062
3946 train 3.382101
3947 train 3.326925
3948 train 3.416603
3949 train 3.385778
3950 train 3.411226
3951 train 3.388462
3952 train 3.370005
3953 train 3.395572
3954 train 3.308815
3955 train 3.332223
3956 train 3.359655
3957 train 3.333753
3958 train 3.268821
3959 train 3.285304
3960 train 3.352314
3961 train 3.314129
3962 train 3.321953
3963 train 3.250712
3964 train 3.239279
3965 train 3.271448
3966 train 3.276630
3967 train 3.439601
3968 train 3.445882
3969 train 3.389412
3970 train 3.481678
3971 train 3.378954
3972 train 3.371162
3973 train 3.492570
3974 train 3.428413
3975 train 3.398231
3976 train 3.393720
3977 train 3.391093
3978 train 3.437314
3979 train 3.490485
3980 train 3.421692
3981 train 3.457826
3982 train 3.412082
3983 train 3.406222
3984 train 3.382256
3985 train 3.399714
3986 train 3.368593
3987 train 3.458996
3988 train 3.362309
3989 train 3.425555
3990 train 3.343292
3991 train 3.400279
3992 train 3.364502
3993 train 3.402252
3994 train 3.343486
3995 train 3.376673
3996 train 3.365560
3997 train 3.361988
3998 train 3.339085
3999 train 3.368613
4000 train 3.313534
4001 train 3.398939
4002 train 3.318584
4003 train 3.289830
4004 train 3.350194
4005 train 3.389162
4006 train 3.418194
4007 train 3.377207
4008 train 3.379013
4009 train 3.406925
4010 train 3.462662
4011 train 3.438761
4012 train 3.412366
4013 train 3.351493
4014 train 3.417510
4015 train 3.264568
4016 train 3.333563
4017 train 3.396598
4018 train 3.359050
4019 train 3.366425
4020 train 3.409822
4021 train 3.394757
4022 train 3.421603
4023 train 3.416722
4024 train 3.345540
4025 train 3.241550
4026 train 3.284082
4027 train 3.282362
4028 train 3.280470
4029 train 3.251468
4030 train 3.324731
4031 train 3.307679
4032 train 3.283520
4033 train 3.255908
4034 train 3.251511
4035 train 3.298043
4036 train 3.338261
4037 train 3.387202
4038 train 3.436244
4039 train 3.394183
4040 train 3.400266
4041 train 3.412685
4042 train 3.369641
4043 train 3.388277
4044 train 3.439204
4045 train 3.375075
4046 train 3.358790
4047 train 3.403012
4048 train 3.455785
4049 train 3.435835
4050 train 3.435490
4051 train 3.369009
4052 train 3.367489
4053 train 3.425325
4054 train 3.373425
4055 train 3.432898
4056 train 3.398476
4057 train 3.379437
4058 train 3.356074
4059 train 3.396223
4060 train 3.363411
4061 train 3.381291
4062 train 3.350404
4063 train 3.382016
4064 train 3.375952
4065 train 3.367054
4066 train 3.364259
4067 train 3.392510
4068 train 3.406188
4069 train 3.455136
4070 train 3.485837
4071 train 3.324355
4072 train 3.326131
4073 train 3.295467
4074 train 3.298475
4075 train 3.328294
4076 train 3.308587
4077 train 3.309704
4078 train 3.282156
4079 train 3.319215
4080 train 3.319068
4081 train 3.304101
4082 train 3.284746
4083 train 3.401486
4084 train 3.422024
4085 train 3.513167
4086 train 3.423468
4087 train 3.355486
4088 train 3.433122
4089 train 3.431918
4090 train 3.387368
4091 train 3.400595
4092 train 3.439527
4093 train 3.377100
4094 train 3.438478
4095 train 3.352027
4096 train 3.413088
4097 train 3.384207
4098 train 3.333535
4099 train 3.416449
4100 train 3.405159
4101 train 3.372110
4102 train 3.406469
4103 train 3.374846
4104 train 3.424627
4105 train 3.372528
4106 train 3.385233
4107 train 3.353273
4108 train 3.376828
4109 train 3.381599
4110 train 3.407250
4111 train 3.375820
4112 train 3.377919
4113 train 3.381380
4114 train 3.384429
4115 train 3.390052
4116 train 3.378516
4117 train 3.316482
4118 train 3.273552
4119 train 3.245191
4120 train 3.305915
4121 train 3.283909
4122 train 3.287350
4123 train 3.306823
4124 train 3.296218
4125 train 3.340542
4126 train 3.260871
4127 train 3.311515
4128 train 3.257257
4129 train 3.380285
4130 train 3.504420
4131 train 3.468583
4132 train 3.429571
4133 train 3.403909
4134 train 3.382451
4135 train 3.384307
4136 train 3.390039
4137 train 3.432430
4138 train 3.367100
4139 train 3.400066
4140 train 3.421816
4141 train 3.424469
4142 train 3.465490
4143 train 3.393618
4144 train 3.415774
4145 train 3.390247
4146 train 3.375615
4147 train 3.354939
4148 train 3.480564
4149 train 3.433347
4150 train 3.400352
4151 train 3.446468
4152 train 3.432432
4153 train 3.399613
4154 train 3.329089
4155 train 3.378454
4156 train 3.368681
4157 train 3.375437
4158 train 3.406973
4159 train 3.443677
4160 train 3.338340
4161 train 3.342549
4162 train 3.359731
4163 train 3.351324
4164 train 3.393569
4165 train 3.284562
4166 train 3.290755
4167 train 3.273660
4168 train 3.263615
4169 train 3.291975
4170 train 3.274904
4171 train 3.294267
4172 train 3.323410
4173 train 3.251341
4174 train 3.276730
4175 train 3.231999
4176 train 3.284720
4177 train 3.407104
4178 train 3.377411
4179 train 3.424148
4180 train 3.420891
4181 train 3.402030
4182 train 3.386950
4183 train 3.423429
4184 train 3.500118
4185 train 3.416111
4186 train 3.454326
4187 train 3.404691
4188 train 3.412066
4189 train 3.424130
4190 train 3.395603
4191 train 3.402874
4192 train 3.506048
4193 train 3.389057
4194 train 3.458948
4195 train 3.534327
4196 train 3.360566
4197 train 3.459392
4198 train 3.444327
4199 train 3.375478
4200 train 3.479532
4201 train 3.373682
4202 train 3.330572
4203 train 3.372807
4204 train 3.316348
4205 train 3.300973
4206 train 3.373701
4207 train 3.341028
4208 train 3.339290
4209 train 3.300186
4210 train 3.351995
4211 train 3.387184
4212 train 3.358895
4213 train 3.420973
4214 train 3.411906
4215 train 3.383380
4216 train 3.362536
4217 train 3.457019
4218 train 3.411536
4219 train 3.444736
4220 train 3.436662
4221 train 3.415051
4222 train 3.378299
4223 train 3.374326
4224 train 3.398339
4225 train 3.339531
4226 train 3.418934
4227 train 3.346362
4228 train 3.386033
4229 train 3.376800
4230 train 3.522654
4231 train 3.449545
4232 train 3.411448
4233 train 3.417954
4234 train 3.404250
4235 train 3.377893
4236 train 3.371836
4237 train 3.323360
4238 train 3.364883
4239 train 3.397032
4240 train 3.358491
4241 train 3.375983
4242 train 3.315879
4243 train 3.335742
4244 train 3.368300
4245 train 3.349075
4246 train 3.390934
4247 train 3.418463
4248 train 3.380510
4249 train 3.363911
4250 train 3.463607
4251 train 3.414686
4252 train 3.393109
4253 train 3.429657
4254 train 3.458495
4255 train 3.377973
4256 train 3.375567
4257 train 3.445386
4258 train 3.385797
4259 train 3.390826
4260 train 3.322217
4261 train 3.455802
4262 train 3.374593
4263 train 3.343344
4264 train 3.381078
4265 train 3.390659
4266 train 3.359947
4267 train 3.329005
4268 train 3.380210
4269 train 3.417670
4270 train 3.368659
4271 train 3.356242
4272 train 3.401488
4273 train 3.336860
4274 train 3.352184
4275 train 3.402045
4276 train 3.339392
4277 train 3.340723
4278 train 3.375276
4279 train 3.325020
4280 train 3.359020
4281 train 3.391549
4282 train 3.337039
4283 train 3.436955
4284 train 3.381044
4285 train 3.450139
4286 train 3.378326
4287 train 3.409872
4288 train 3.399808
4289 train 3.372104
4290 train 3.385810
4291 train 3.439035
4292 train 3.399213
4293 train 3.385365
4294 train 3.392084
4295 train 3.403169
4296 train 3.417796
4297 train 3.420205
4298 train 3.448964
4299 train 3.362405
4300 train 3.398656
4301 train 3.394360
4302 train 3.404423
4303 train 3.398807
4304 train 3.329939
4305 train 3.351918
4306 train 3.363507
4307 train 3.322428
4308 train 3.291315
4309 train 3.340099
4310 train 3.357151
4311 train 3.307869
4312 train 3.257233
4313 train 3.312780
4314 train 3.355196
4315 train 3.352759
4316 train 3.352204
4317 train 3.424616
4318 train 3.381205
4319 train 3.407643
4320 train 3.368145
4321 train 3.430881
4322 train 3.403866
4323 train 3.409798
4324 train 3.366258
4325 train 3.411090
4326 train 3.434975
4327 train 3.411648
4328 train 3.412070
4329 train 3.426881
4330 train 3.342827
4331 train 3.403674
4332 train 3.426133
4333 train 3.373744
4334 train 3.413845
4335 train 3.493626
4336 train 3.408852
4337 train 3.385910
4338 train 3.413262
4339 train 3.352983
4340 train 3.353535
4341 train 3.320657
4342 train 3.337402
4343 train 3.329785
4344 train 3.330855
4345 train 3.361106
4346 train 3.368124
4347 train 3.291521
4348 train 3.325644
4349 train 3.319444
4350 train 3.410618
4351 train 3.410040
4352 train 3.540094
4353 train 3.407917
4354 train 3.415315
4355 train 3.415462
4356 train 3.405520
4357 train 3.350035
4358 train 3.427936
4359 train 3.420733
4360 train 3.395289
4361 train 3.437981
4362 train 3.394361
4363 train 3.390545
4364 train 3.377992
4365 train 3.404041
4366 train 3.375196
4367 train 3.379504
4368 train 3.430471
4369 train 3.356816
4370 train 3.469638
4371 train 3.392103
4372 train 3.413961
4373 train 3.365243
4374 train 3.366830
4375 train 3.287855
4376 train 3.368142
4377 train 3.345490
4378 train 3.381089
4379 train 3.323009
4380 train 3.355894
4381 train 3.330741
4382 train 3.328256
4383 train 3.312161
4384 train 3.385673
4385 train 3.451298
4386 train 3.361421
4387 train 3.417799
4388 train 3.408628
4389 train 3.399178
4390 train 3.384570
4391 train 3.341506
4392 train 3.388594
4393 train 3.359417
4394 train 3.383096
4395 train 3.383615
4396 train 3.412682
4397 train 3.354472
4398 train 3.349723
4399 train 3.429118
4400 train 3.362063
4401 train 3.330970
4402 train 3.378592
4403 train 3.403057
4404 train 3.349176
4405 train 3.333097
4406 train 3.335943
4407 train 3.359903
4408 train 3.341179
4409 train 3.386805
4410 train 3.380983
4411 train 3.318873
4412 train 3.352227
4413 train 3.333642
4414 train 3.309559
4415 train 3.365625
4416 train 3.240086
4417 train 3.239805
4418 train 3.160939
4419 train 3.181791
4420 train 3.194488
4421 train 3.123335
4422 train 3.237549
4423 train 3.242126
4424 train 3.207326
4425 train 3.232573
4426 train 3.244892
4427 train 3.206859
4428 train 3.363475
4429 train 3.423740
4430 train 3.393014
4431 train 3.418869
4432 train 3.427181
4433 train 3.400934
4434 train 3.367175
4435 train 3.352899
4436 train 3.342402
4437 train 3.364777
4438 train 3.399135
4439 train 3.363329
4440 train 3.336453
4441 train 3.397476
4442 train 3.355077
4443 train 3.435450
4444 train 3.313052
4445 train 3.354914
4446 train 3.368257
4447 train 3.353112
4448 train 3.385185
4449 train 3.391242
4450 train 3.461623
4451 train 3.332078
4452 train 3.302566
4453 train 3.368282
4454 train 3.422599
4455 train 3.365968
4456 train 3.399725
4457 train 3.314418
4458 train 3.404288
4459 train 3.290228
4460 train 3.325679
4461 train 3.340777
4462 train 3.318550
4463 train 3.203130
4464 train 3.218419
4465 train 3.173916
4466 train 3.236195
4467 train 3.192007
4468 train 3.151778
4469 train 3.152358
4470 train 3.154257
4471 train 3.166856
4472 train 3.187197
4473 train 3.142891
4474 train 3.138316
4475 train 3.383139
4476 train 3.373316
4477 train 3.341538
4478 train 3.418067
4479 train 3.424942
4480 train 3.342824
4481 train 3.377466
4482 train 3.378069
4483 train 3.393340
4484 train 3.361309
4485 train 3.373985
4486 train 3.374273
4487 train 3.412817
4488 train 3.372846
4489 train 3.429442
4490 train 3.470277
4491 train 3.421082
4492 train 3.419014
4493 train 3.429880
4494 train 3.312533
4495 train 3.372821
4496 train 3.392876
4497 train 3.408630
4498 train 3.368195
4499 train 3.386512
4500 train 3.354283
4501 train 3.344571
4502 train 3.370924
4503 train 3.311867
4504 train 3.333413
4505 train 3.328595
4506 train 3.318147
4507 train 3.275050
4508 train 3.356657
4509 train 3.291467
4510 train 3.234612
4511 train 3.155181
4512 train 3.203923
4513 train 3.195886
4514 train 3.125605
4515 train 3.166102
4516 train 3.223890
4517 train 3.179818
4518 train 3.234323
4519 train 3.237255
4520 train 3.162723
4521 train 3.263873
4522 train 3.391606
4523 train 3.375951
4524 train 3.428581
4525 train 3.348328
4526 train 3.395821
4527 train 3.392845
4528 train 3.403894
4529 train 3.454112
4530 train 3.362691
4531 train 3.386613
4532 train 3.355535
4533 train 3.361659
4534 train 3.389938
4535 train 3.373296
4536 train 3.397426
4537 train 3.357571
4538 train 3.383744
4539 train 3.412121
4540 train 3.459891
4541 train 3.382850
4542 train 3.450393
4543 train 3.362036
4544 train 3.368194
4545 train 3.355231
4546 train 3.326402
4547 train 3.338170
4548 train 3.307600
4549 train 3.304224
4550 train 3.364550
4551 train 3.355808
4552 train 3.316733
4553 train 3.360001
4554 train 3.275399
4555 train 3.306097
4556 train 3.348017
4557 train 3.153626
4558 train 3.196461
4559 train 3.196700
4560 train 3.220376
4561 train 3.205578
4562 train 3.197560
4563 train 3.168316
4564 train 3.152697
4565 train 3.182525
4566 train 3.204011
4567 train 3.166483
4568 train 3.301038
4569 train 3.379631
4570 train 3.396328
4571 train 3.394223
4572 train 3.312058
4573 train 3.363632
4574 train 3.383248
4575 train 3.464179
4576 train 3.410104
4577 train 3.317389
4578 train 3.237965
4579 train 3.239822
4580 train 3.401752
4581 train 3.376083
4582 train 3.391458
4583 train 3.385135
4584 train 3.407759
4585 train 3.402586
4586 train 3.370584
4587 train 3.382080
4588 train 3.435693
4589 train 3.428892
4590 train 3.382303
4591 train 3.349141
4592 train 3.368146
4593 train 3.346073
4594 train 3.278282
4595 train 3.307610
4596 train 3.342806
4597 train 3.294567
4598 train 3.304783
4599 train 3.318326
4600 train 3.337636
4601 train 3.328197
4602 train 3.292075
4603 train 3.288460
4604 train 3.277822
4605 train 3.251677
4606 train 3.323366
4607 train 3.314194
4608 train 3.313148
4609 train 3.310105
4610 train 3.226199
4611 train 3.290907
4612 train 3.305008
4613 train 3.312945
4614 train 3.308262
4615 train 3.377928
4616 train 3.388933
4617 train 3.426643
4618 train 3.419830
4619 train 3.384965
4620 train 3.338576
4621 train 3.375683
4622 train 3.378484
4623 train 3.338137
4624 train 3.384483
4625 train 3.369300
4626 train 3.300383
4627 train 3.302781
4628 train 3.285559
4629 train 3.276297
4630 train 3.301556
4631 train 3.316228
4632 train 3.391013
4633 train 3.336733
4634 train 3.313296
4635 train 3.422744
4636 train 3.342441
4637 train 3.379482
4638 train 3.307718
4639 train 3.329966
4640 train 3.239866
4641 train 3.274962
4642 train 3.296404
4643 train 3.281561
4644 train 3.284064
4645 train 3.271703
4646 train 3.291312
4647 train 3.176666
4648 train 3.243451
4649 train 3.302386
4650 train 3.459553
4651 train 3.386230
4652 train 3.410483
4653 train 3.358963
4654 train 3.354791
4655 train 3.277344
4656 train 3.321963
4657 train 3.368670
4658 train 3.339530
4659 train 3.402126
4660 train 3.363889
4661 train 3.332313
4662 train 3.325848
4663 train 3.280243
4664 train 3.330126
4665 train 3.322357
4666 train 3.359823
4667 train 3.341998
4668 train 3.292675
4669 train 3.317336
4670 train 3.365635
4671 train 3.328174
4672 train 3.290633
4673 train 3.280123
4674 train 3.273149
4675 train 3.231836
4676 train 3.291360
4677 train 3.288880
4678 train 3.302837
4679 train 3.265733
4680 train 3.210580
4681 train 3.234499
4682 train 3.312078
4683 train 3.267941
4684 train 3.282125
4685 train 3.383749
4686 train 3.335618
4687 train 3.332852
4688 train 3.334833
4689 train 3.360289
4690 train 3.394919
4691 train 3.393620
4692 train 3.356618
4693 train 3.328896
4694 train 3.410998
4695 train 3.382634
4696 train 3.370602
4697 train 3.329173
4698 train 3.329478
4699 train 3.312371
4700 train 3.320925
4701 train 3.349903
4702 train 3.307664
4703 train 3.312053
4704 train 3.327672
4705 train 3.347826
4706 train 3.346397
4707 train 3.288828
4708 train 3.282436
4709 train 3.268162
4710 train 3.228234
4711 train 3.255054
4712 train 3.304670
4713 train 3.289836
4714 train 3.290577
4715 train 3.281812
4716 train 3.224217
4717 train 3.301995
4718 train 3.251863
4719 train 3.354499
4720 train 3.413304
4721 train 3.363370
4722 train 3.393044
4723 train 3.407226
4724 train 3.330353
4725 train 3.414795
4726 train 3.415316
4727 train 3.387871
4728 train 3.411060
4729 train 3.367534
4730 train 3.466335
4731 train 3.339208
4732 train 3.323184
4733 train 3.345307
4734 train 3.347082
4735 train 3.304990
4736 train 3.360104
4737 train 3.369533
4738 train 3.289099
4739 train 3.416848
4740 train 3.348668
4741 train 3.315293
4742 train 3.318863
4743 train 3.251980
4744 train 3.266221
4745 train 3.295114
4746 train 3.279526
4747 train 3.246760
4748 train 3.301713
4749 train 3.279390
4750 train 3.304362
4751 train 3.323929
4752 train 3.276820
4753 train 3.298701
4754 train 3.324179
4755 train 3.312599
4756 train 3.394563
4757 train 3.391967
4758 train 3.502219
4759 train 3.352029
4760 train 3.402234
4761 train 3.355925
4762 train 3.353280
4763 train 3.396567
4764 train 3.380092
4765 train 3.344251
4766 train 3.378660
4767 train 3.340463
4768 train 3.383615
4769 train 3.363228
4770 train 3.282501
4771 train 3.254655
4772 train 3.302332
4773 train 3.233930
4774 train 3.257009
4775 train 3.254563
4776 train 3.300462
4777 train 3.257880
4778 train 3.251518
4779 train 3.262892
4780 train 3.208591
4781 train 3.443405
4782 train 3.366678
4783 train 3.360728
4784 train 3.324315
4785 train 3.374894
4786 train 3.400765
4787 train 3.346719
4788 train 3.313453
4789 train 3.410718
4790 train 3.332221
4791 train 3.377804
4792 train 3.377278
4793 train 3.347811
4794 train 3.324958
4795 train 3.307303
4796 train 3.354725
4797 train 3.310643
4798 train 3.288824
4799 train 3.310920
4800 train 3.356517
4801 train 3.307906
4802 train 3.291247
4803 train 3.325887
4804 train 3.332473
4805 train 3.252417
4806 train 3.248596
4807 train 3.238510
4808 train 3.264533
4809 train 3.268364
4810 train 3.239006
4811 train 3.299649
4812 train 3.290609
4813 train 3.225185
4814 train 3.284789
4815 train 3.308701
4816 train 3.325734
4817 train 3.389300
4818 train 3.401349
4819 train 3.400262
4820 train 3.377668
4821 train 3.308590
4822 train 3.356532
4823 train 3.357767
4824 train 3.372893
4825 train 3.349923
4826 train 3.400707
4827 train 3.378488
4828 train 3.348853
4829 train 3.282514
4830 train 3.355592
4831 train 3.295591
4832 train 3.327876
4833 train 3.330438
4834 train 3.293782
4835 train 3.371139
4836 train 3.289685
4837 train 3.337282
4838 train 3.266104
4839 train 3.335989
4840 train 3.320774
4841 train 3.291898
4842 train 3.177523
4843 train 3.287930
4844 train 3.260020
4845 train 3.230116
4846 train 3.297983
4847 train 3.305977
4848 train 3.293097
4849 train 3.262289
4850 train 3.210208
4851 train 3.362294
4852 train 3.349086
4853 train 3.392599
4854 train 3.387554
4855 train 3.371921
4856 train 3.355073
4857 train 3.344556
4858 train 3.418418
4859 train 3.379758
4860 train 3.370968
4861 train 3.331705
4862 train 3.323762
4863 train 3.331312
4864 train 3.327435
4865 train 3.335717
4866 train 3.358374
4867 train 3.342422
4868 train 3.374268
4869 train 3.280450
4870 train 3.386045
4871 train 3.326882
4872 train 3.383554
4873 train 3.310131
4874 train 3.276219
4875 train 3.274775
4876 train 3.266665
4877 train 3.307499
4878 train 3.248414
4879 train 3.265470
4880 train 3.307722
4881 train 3.285374
4882 train 3.240615
4883 train 3.254961
4884 train 3.254854
4885 train 3.214651
4886 train 3.369554
4887 train 3.385574
4888 train 3.334982
4889 train 3.377787
4890 train 3.330742
4891 train 3.358618
4892 train 3.295407
4893 train 3.465982
4894 train 3.369426
4895 train 3.429994
4896 train 3.354847
4897 train 3.351034
4898 train 3.355954
4899 train 3.306205
4900 train 3.313948
4901 train 3.355422
4902 train 3.356266
4903 train 3.338331
4904 train 3.303006
4905 train 3.293164
4906 train 3.303855
4907 train 3.324976
4908 train 3.338637
4909 train 3.389944
4910 train 3.290051
4911 train 3.271250
4912 train 3.288423
4913 train 3.285768
4914 train 3.394400
4915 train 3.233515
4916 train 3.303210
4917 train 3.287358
4918 train 3.257190
4919 train 3.330455
4920 train 3.269314
4921 train 3.277778
4922 train 3.343596
4923 train 3.384398
4924 train 3.429976
4925 train 3.372972
4926 train 3.396482
4927 train 3.346673
4928 train 3.335518
4929 train 3.411608
4930 train 3.332972
4931 train 3.364798
4932 train 3.385290
4933 train 3.328308
4934 train 3.336342
4935 train 3.342108
4936 train 3.365008
4937 train 3.356990
4938 train 3.334099
4939 train 3.364214
4940 train 3.309698
4941 train 3.285321
4942 train 3.332697
4943 train 3.342410
4944 train 3.375401
4945 train 3.246761
4946 train 3.271920
4947 train 3.280747
4948 train 3.228192
4949 train 3.208311
4950 train 3.210838
4951 train 3.265758
4952 train 3.238194
4953 train 3.256503
4954 train 3.286319
4955 train 3.249207
4956 train 3.331141
4957 train 3.397868
4958 train 3.353691
4959 train 3.364024
4960 train 3.380461
4961 train 3.376853
4962 train 3.330998
4963 train 3.370713
4964 train 3.372216
4965 train 3.403919
4966 train 3.377877
4967 train 3.355701
4968 train 3.347936
4969 train 3.327787
4970 train 3.316503
4971 train 3.306862
4972 train 3.332346
4973 train 3.266282
4974 train 3.309944
4975 train 3.325159
4976 train 3.346157
4977 train 3.305421
4978 train 3.322926
4979 train 3.200174
4980 train 3.117698
4981 train 3.110652
4982 train 3.175764
4983 train 3.075328
4984 train 3.145905
4985 train 3.095689
4986 train 3.166029
4987 train 3.052959
4988 train 3.186472
4989 train 3.127020
4990 train 3.188516
4991 train 3.314496
4992 train 3.419370
4993 train 3.339231
4994 train 3.332183
4995 train 3.414677
4996 train 3.363549
4997 train 3.299397
4998 train 3.382633
4999 train 3.384544
5000 val 3.3133
5000 hella 0.2795
5000 train 3.476066
5001 train 3.398873
5002 train 3.332708
5003 train 3.395060
5004 train 3.388123
5005 train 3.343284
5006 train 3.344220
5007 train 3.327969
5008 train 3.350511
5009 train 3.387716
5010 train 3.396878
5011 train 3.345820
5012 train 3.435405
5013 train 3.353933
5014 train 3.375787
5015 train 3.333249
5016 train 3.330260
5017 train 3.377681
5018 train 3.264481
5019 train 3.364692
5020 train 3.265418
5021 train 3.273861
5022 train 3.320611
5023 train 3.303364
5024 train 3.295588
5025 train 3.310648
5026 train 3.229997
5027 train 3.151917
5028 train 3.107650
5029 train 3.084415
5030 train 3.166100
5031 train 3.094352
5032 train 3.161155
5033 train 3.076312
5034 train 3.151726
5035 train 3.141833
5036 train 3.091755
5037 train 3.173982
5038 train 3.369394
5039 train 3.338542
5040 train 3.288542
5041 train 3.352849
5042 train 3.316760
5043 train 3.351850
5044 train 3.365900
5045 train 3.349722
5046 train 3.308994
5047 train 3.349080
5048 train 3.371865
5049 train 3.383338
5050 train 3.379249
5051 train 3.342018
5052 train 3.375110
5053 train 3.318817
5054 train 3.406714
5055 train 3.290411
5056 train 3.335535
5057 train 3.323417
5058 train 3.381274
5059 train 3.365414
5060 train 3.411489
5061 train 3.295146
5062 train 3.280338
5063 train 3.269753
5064 train 3.371234
5065 train 3.307128
5066 train 3.316000
5067 train 3.271052
5068 train 3.267918
5069 train 3.318799
5070 train 3.236199
5071 train 3.339932
5072 train 3.163085
5073 train 3.159099
5074 train 3.150435
5075 train 3.126709
5076 train 3.108708
5077 train 3.077539
5078 train 3.083543
5079 train 3.088701
5080 train 3.118505
5081 train 3.082469
5082 train 3.086057
5083 train 3.202021
5084 train 3.345276
5085 train 3.339599
5086 train 3.308852
5087 train 3.362640
5088 train 3.306210
5089 train 3.385694
5090 train 3.376192
5091 train 3.346449
5092 train 3.360244
5093 train 3.264038
5094 train 3.359607
5095 train 3.385107
5096 train 3.421970
5097 train 3.390728
5098 train 3.390642
5099 train 3.375303
5100 train 3.397266
5101 train 3.347971
5102 train 3.429127
5103 train 3.393340
5104 train 3.430111
5105 train 3.382115
5106 train 3.351801
5107 train 3.317333
5108 train 3.319210
5109 train 3.321655
5110 train 3.276424
5111 train 3.314828
5112 train 3.296966
5113 train 3.278371
5114 train 3.259926
5115 train 3.260621
5116 train 3.337488
5117 train 3.328133
5118 train 3.217599
5119 train 3.099054
5120 train 3.091181
5121 train 3.066490
5122 train 3.192861
5123 train 3.108547
5124 train 3.125701
5125 train 3.125083
5126 train 3.123372
5127 train 3.161612
5128 train 3.170612
5129 train 3.165714
5130 train 3.289028
5131 train 3.420433
5132 train 3.326323
5133 train 3.344025
5134 train 3.382097
5135 train 3.391183
5136 train 3.385864
5137 train 3.393623
5138 train 3.355494
5139 train 3.379031
5140 train 3.407764
5141 train 3.319925
5142 train 3.371091
5143 train 3.336151
5144 train 3.370379
5145 train 3.363325
5146 train 3.394641
5147 train 3.396899
5148 train 3.352535
5149 train 3.335423
5150 train 3.291770
5151 train 3.245657
5152 train 3.338129
5153 train 3.318162
5154 train 3.384309
5155 train 3.357780
5156 train 3.383456
5157 train 3.334121
5158 train 3.316817
5159 train 3.349163
5160 train 3.341391
5161 train 3.358948
5162 train 3.364855
5163 train 3.303315
5164 train 3.385550
5165 train 3.414478
5166 train 3.383440
5167 train 3.328559
5168 train 3.344722
5169 train 3.386249
5170 train 3.363012
5171 train 3.294180
5172 train 3.331933
5173 train 3.367660
5174 train 3.358127
5175 train 3.351950
5176 train 3.328347
5177 train 3.315260
5178 train 3.276178
5179 train 3.273586
5180 train 3.293367
5181 train 3.248183
5182 train 3.390489
5183 train 3.320635
5184 train 3.270444
5185 train 3.300149
5186 train 3.310889
5187 train 3.343877
5188 train 3.356021
5189 train 3.332516
5190 train 3.412612
5191 train 3.306641
5192 train 3.433144
5193 train 3.367501
5194 train 3.348529
5195 train 3.347859
5196 train 3.352872
5197 train 3.301779
5198 train 3.384859
5199 train 3.375824
5200 train 3.447167
5201 train 3.296191
5202 train 3.371859
5203 train 3.355621
5204 train 3.347586
5205 train 3.361977
5206 train 3.352317
5207 train 3.386101
5208 train 3.315092
5209 train 3.332447
5210 train 3.292109
5211 train 3.271525
5212 train 3.260354
5213 train 3.346017
5214 train 3.330305
5215 train 3.303694
5216 train 3.262143
5217 train 3.320175
5218 train 3.357852
5219 train 3.336934
5220 train 3.318784
5221 train 3.324968
5222 train 3.319054
5223 train 3.373874
5224 train 3.359831
5225 train 3.342252
5226 train 3.350356
5227 train 3.361389
5228 train 3.326936
5229 train 3.367032
5230 train 3.365262
5231 train 3.345712
5232 train 3.370447
5233 train 3.358759
5234 train 3.326477
5235 train 3.371694
5236 train 3.340704
5237 train 3.347163
5238 train 3.357275
5239 train 3.340612
5240 train 3.346120
5241 train 3.401042
5242 train 3.360888
5243 train 3.359832
5244 train 3.373242
5245 train 3.270614
5246 train 3.371057
5247 train 3.351022
5248 train 3.296092
5249 train 3.260692
5250 train 3.334712
5251 train 3.312744
5252 train 3.298443
5253 train 3.292232
5254 train 3.265510
5255 train 3.294996
5256 train 3.298571
5257 train 3.318720
5258 train 3.311110
5259 train 3.309920
5260 train 3.329868
5261 train 3.341280
5262 train 3.311593
5263 train 3.365049
5264 train 3.364614
5265 train 3.335070
5266 train 3.395332
5267 train 3.357510
5268 train 3.318514
5269 train 3.375377
5270 train 3.298472
5271 train 3.337158
5272 train 3.399249
5273 train 3.373882
5274 train 3.389943
5275 train 3.317066
5276 train 3.307114
5277 train 3.331941
5278 train 3.325242
5279 train 3.353769
5280 train 3.316298
5281 train 3.260565
5282 train 3.256640
5283 train 3.381433
5284 train 3.278893
5285 train 3.310441
5286 train 3.286672
5287 train 3.269194
5288 train 3.295114
5289 train 3.301291
5290 train 3.302962
5291 train 3.288617
5292 train 3.349921
5293 train 3.329263
5294 train 3.380299
5295 train 3.392019
5296 train 3.386373
5297 train 3.389432
5298 train 3.312942
5299 train 3.330750
5300 train 3.348669
5301 train 3.345038
5302 train 3.362507
5303 train 3.338678
5304 train 3.387144
5305 train 3.335143
5306 train 3.375157
5307 train 3.396115
5308 train 3.331664
5309 train 3.368479
5310 train 3.313852
5311 train 3.379237
5312 train 3.312155
5313 train 3.315128
5314 train 3.325341
5315 train 3.277991
5316 train 3.308769
5317 train 3.302098
5318 train 3.292141
5319 train 3.259845
5320 train 3.339646
5321 train 3.299473
5322 train 3.342053
5323 train 3.296890
5324 train 3.301163
5325 train 3.374837
5326 train 3.333219
5327 train 3.393963
5328 train 3.335013
5329 train 3.347824
5330 train 3.363353
5331 train 3.397868
5332 train 3.333320
5333 train 3.338244
5334 train 3.486682
5335 train 3.369245
5336 train 3.396660
5337 train 3.364402
5338 train 3.341810
5339 train 3.362281
5340 train 3.376689
5341 train 3.380229
5342 train 3.350228
5343 train 3.370210
5344 train 3.347699
5345 train 3.387838
5346 train 3.322610
5347 train 3.345016
5348 train 3.294828
5349 train 3.325661
5350 train 3.256502
5351 train 3.248296
5352 train 3.330310
5353 train 3.275165
5354 train 3.333888
5355 train 3.310437
5356 train 3.295233
5357 train 3.348634
5358 train 3.297492
5359 train 3.346400
5360 train 3.446331
5361 train 3.337546
5362 train 3.321140
5363 train 3.417792
5364 train 3.342506
5365 train 3.351926
5366 train 3.372358
5367 train 3.378944
5368 train 3.331153
5369 train 3.373058
5370 train 3.310780
5371 train 3.400846
5372 train 3.382407
5373 train 3.369104
5374 train 3.368795
5375 train 3.359645
5376 train 3.364074
5377 train 3.398562
5378 train 3.377864
5379 train 3.360118
5380 train 3.375984
5381 train 3.423755
5382 train 3.327230
5383 train 3.339650
5384 train 3.277445
5385 train 3.331876
5386 train 3.290743
5387 train 3.262601
5388 train 3.306485
5389 train 3.369099
5390 train 3.352900
5391 train 3.298863
5392 train 3.354063
5393 train 3.323774
5394 train 3.378922
5395 train 3.352164
5396 train 3.376648
5397 train 3.350651
5398 train 3.425907
5399 train 3.403361
5400 train 3.305146
5401 train 3.353046
5402 train 3.321384
5403 train 3.375011
5404 train 3.373325
5405 train 3.367652
5406 train 3.347640
5407 train 3.298931
5408 train 3.352900
5409 train 3.272335
5410 train 3.293251
5411 train 3.354228
5412 train 3.401261
5413 train 3.263817
5414 train 3.312500
5415 train 3.312086
5416 train 3.303941
5417 train 3.328131
5418 train 3.327377
5419 train 3.289812
5420 train 3.294953
5421 train 3.291161
5422 train 3.279674
5423 train 3.255607
5424 train 3.276166
5425 train 3.293363
5426 train 3.241182
5427 train 3.296412
5428 train 3.289310
5429 train 3.302851
5430 train 3.301736
5431 train 3.388829
5432 train 3.415716
5433 train 3.351585
5434 train 3.356876
5435 train 3.395440
5436 train 3.381761
5437 train 3.358210
5438 train 3.361645
5439 train 3.389432
5440 train 3.340528
5441 train 3.393173
5442 train 3.345321
5443 train 3.275111
5444 train 3.320854
5445 train 3.339552
5446 train 3.339079
5447 train 3.340229
5448 train 3.288810
5449 train 3.314484
5450 train 3.279222
5451 train 3.278351
5452 train 3.313734
5453 train 3.395550
5454 train 3.336336
5455 train 3.311867
5456 train 3.320414
5457 train 3.269182
5458 train 3.277310
5459 train 3.291834
5460 train 3.288470
5461 train 3.336783
5462 train 3.298597
5463 train 3.285263
5464 train 3.255720
5465 train 3.263480
5466 train 3.326766
5467 train 3.342023
5468 train 3.334550
5469 train 3.317264
5470 train 3.371306
5471 train 3.346306
5472 train 3.359597
5473 train 3.325600
5474 train 3.282610
5475 train 3.333482
5476 train 3.344423
5477 train 3.337380
5478 train 3.320912
5479 train 3.292686
5480 train 3.310949
5481 train 3.312574
5482 train 3.595136
5483 train 3.375109
5484 train 3.305741
5485 train 3.419370
5486 train 3.299832
5487 train 3.338653
5488 train 3.343641
5489 train 3.346989
5490 train 3.358023
5491 train 3.287211
5492 train 3.315588
5493 train 3.347029
5494 train 3.325191
5495 train 3.269783
5496 train 3.305576
5497 train 3.334659
5498 train 3.264428
5499 train 3.336340
5500 train 3.262093
5501 train 3.285592
5502 train 3.378349
5503 train 3.372229
5504 train 3.274123
5505 train 3.351143
5506 train 3.351819
5507 train 3.277001
5508 train 3.303735
5509 train 3.329857
5510 train 3.314302
5511 train 3.276103
5512 train 3.303712
5513 train 3.306795
5514 train 3.304371
5515 train 3.298775
5516 train 3.292883
5517 train 3.325542
5518 train 3.385399
5519 train 3.332784
5520 train 3.336208
5521 train 3.363349
5522 train 3.318261
5523 train 3.337907
5524 train 3.253088
5525 train 3.282713
5526 train 3.249247
5527 train 3.260931
5528 train 3.253760
5529 train 3.289394
5530 train 3.312645
5531 train 3.331062
5532 train 3.323935
5533 train 3.393447
5534 train 3.332279
5535 train 3.361936
5536 train 3.482407
5537 train 3.281581
5538 train 3.416089
5539 train 3.362219
5540 train 3.298247
5541 train 3.326819
5542 train 3.298438
5543 train 3.333357
5544 train 3.246448
5545 train 3.325206
5546 train 3.304977
5547 train 3.304527
5548 train 3.298124
5549 train 3.328594
5550 train 3.284215
5551 train 3.301563
5552 train 3.286623
5553 train 3.313800
5554 train 3.251544
5555 train 3.233933
5556 train 3.192134
5557 train 3.244103
5558 train 3.179662
5559 train 3.234753
5560 train 3.212723
5561 train 3.214722
5562 train 3.291321
5563 train 3.200913
5564 train 3.212862
5565 train 3.236534
5566 train 3.405396
5567 train 3.378353
5568 train 3.434589
5569 train 3.410792
5570 train 3.362492
5571 train 3.411718
5572 train 3.396501
5573 train 3.420608
5574 train 3.373586
5575 train 3.344365
5576 train 3.312538
5577 train 3.343932
5578 train 3.408075
5579 train 3.383138
5580 train 3.330566
5581 train 3.451693
5582 train 3.335669
5583 train 3.445408
5584 train 3.344461
5585 train 3.380277
5586 train 3.342412
5587 train 3.419499
5588 train 3.397076
5589 train 3.293636
5590 train 3.266597
5591 train 3.303304
5592 train 3.271584
5593 train 3.287779
5594 train 3.324726
5595 train 3.301846
5596 train 3.320848
5597 train 3.370472
5598 train 3.279885
5599 train 3.303474
5600 train 3.344190
5601 train 3.269457
5602 train 3.203933
5603 train 3.225443
5604 train 3.220277
5605 train 3.201016
5606 train 3.260933
5607 train 3.255774
5608 train 3.227929
5609 train 3.252014
5610 train 3.218257
5611 train 3.172947
5612 train 3.169476
5613 train 3.302686
5614 train 3.304103
5615 train 3.358517
5616 train 3.372042
5617 train 3.300331
5618 train 3.334533
5619 train 3.317130
5620 train 3.307944
5621 train 3.296586
5622 train 3.306684
5623 train 3.389381
5624 train 3.333840
5625 train 3.328392
5626 train 3.442656
5627 train 3.382936
5628 train 3.351848
5629 train 3.348404
5630 train 3.324767
5631 train 3.340547
5632 train 3.417572
5633 train 3.336330
5634 train 3.361119
5635 train 3.353028
5636 train 3.356013
5637 train 3.327322
5638 train 3.300716
5639 train 3.261580
5640 train 3.322984
5641 train 3.336012
5642 train 3.291936
5643 train 3.262542
5644 train 3.304993
5645 train 3.342354
5646 train 3.334390
5647 train 3.256197
5648 train 3.242935
5649 train 3.218912
5650 train 3.217915
5651 train 3.241021
5652 train 3.169169
5653 train 3.226120
5654 train 3.266568
5655 train 3.223975
5656 train 3.277335
5657 train 3.133021
5658 train 3.173891
5659 train 3.261089
5660 train 3.367231
5661 train 3.341904
5662 train 3.331156
5663 train 3.324383
5664 train 3.322153
5665 train 3.590230
5666 train 3.358731
5667 train 3.322372
5668 train 3.418720
5669 train 3.391649
5670 train 3.360399
5671 train 3.313068
5672 train 3.324949
5673 train 3.355945
5674 train 3.334439
5675 train 3.316058
5676 train 3.358939
5677 train 3.316676
5678 train 3.317498
5679 train 3.324454
5680 train 3.341496
5681 train 3.331021
5682 train 3.332037
5683 train 3.315133
5684 train 3.267986
5685 train 3.316544
5686 train 3.327473
5687 train 3.315645
5688 train 3.327732
5689 train 3.244351
5690 train 3.272759
5691 train 3.303002
5692 train 3.327862
5693 train 3.322972
5694 train 3.278311
5695 train 3.148736
5696 train 3.216337
5697 train 3.170352
5698 train 3.232890
5699 train 3.217675
5700 train 3.229804
5701 train 3.174167
5702 train 3.232937
5703 train 3.234908
5704 train 3.227523
5705 train 3.237509
5706 train 3.231043
5707 train 3.347831
5708 train 3.281015
5709 train 3.316954
5710 train 3.305048
5711 train 3.324876
5712 train 3.317866
5713 train 3.338965
5714 train 3.303300
5715 train 3.314583
5716 train 3.312286
5717 train 3.307919
5718 train 3.348031
5719 train 3.354414
5720 train 3.287698
5721 train 3.354700
5722 train 3.260682
5723 train 3.323378
5724 train 3.253158
5725 train 3.266060
5726 train 3.306872
5727 train 3.272828
5728 train 3.204162
5729 train 3.290849
5730 train 3.280845
5731 train 3.232993
5732 train 3.304499
5733 train 3.378397
5734 train 3.405481
5735 train 3.331801
5736 train 3.289055
5737 train 3.345412
5738 train 3.367962
5739 train 3.282207
5740 train 3.307527
5741 train 3.335429
5742 train 3.295647
5743 train 3.301084
5744 train 3.334645
5745 train 3.329253
5746 train 3.258260
5747 train 3.288822
5748 train 3.334264
5749 train 3.307354
5750 train 3.273711
5751 train 3.330309
5752 train 3.321342
5753 train 3.349470
5754 train 3.296853
5755 train 3.241123
5756 train 3.235259
5757 train 3.272104
5758 train 3.219625
5759 train 3.257460
5760 train 3.257671
5761 train 3.254804
5762 train 3.249285
5763 train 3.256137
5764 train 3.249975
5765 train 3.240400
5766 train 3.282119
5767 train 3.449335
5768 train 3.240330
5769 train 3.331404
5770 train 3.349599
5771 train 3.256889
5772 train 3.318594
5773 train 3.276969
5774 train 3.284277
5775 train 3.292413
5776 train 3.370593
5777 train 3.292479
5778 train 3.293463
5779 train 3.281292
5780 train 3.289642
5781 train 3.315425
5782 train 3.263738
5783 train 3.324903
5784 train 3.274414
5785 train 3.340991
5786 train 3.326102
5787 train 3.277931
5788 train 3.303512
5789 train 3.332821
5790 train 3.304566
5791 train 3.290873
5792 train 3.279975
5793 train 3.301029
5794 train 3.230957
5795 train 3.293776
5796 train 3.263304
5797 train 3.289327
5798 train 3.254354
5799 train 3.313270
5800 train 3.278504
5801 train 3.291363
5802 train 3.324594
5803 train 3.329304
5804 train 3.287987
5805 train 3.340821
5806 train 3.250249
5807 train 3.288741
5808 train 3.240411
5809 train 3.280725
5810 train 3.410548
5811 train 3.273518
5812 train 3.293835
5813 train 3.294485
5814 train 3.333166
5815 train 3.310488
5816 train 3.349071
5817 train 3.318359
5818 train 3.274683
5819 train 3.285524
5820 train 3.341414
5821 train 3.290106
5822 train 3.315947
5823 train 3.317823
5824 train 3.293888
5825 train 3.254630
5826 train 3.246487
5827 train 3.226697
5828 train 3.279903
5829 train 3.199956
5830 train 3.244855
5831 train 3.242767
5832 train 3.266212
5833 train 3.289591
5834 train 3.285506
5835 train 3.310640
5836 train 3.299060
5837 train 3.284604
5838 train 3.270291
5839 train 3.249785
5840 train 3.375288
5841 train 3.308466
5842 train 3.318029
5843 train 3.307375
5844 train 3.306273
5845 train 3.307983
5846 train 3.221550
5847 train 3.356292
5848 train 3.286746
5849 train 3.279175
5850 train 3.309108
5851 train 3.298486
5852 train 3.258511
5853 train 3.302284
5854 train 3.305215
5855 train 3.290527
5856 train 3.318903
5857 train 3.384563
5858 train 3.309811
5859 train 3.321971
5860 train 3.287829
5861 train 3.336649
5862 train 3.260508
5863 train 3.257109
5864 train 3.249927
5865 train 3.223560
5866 train 3.225122
5867 train 3.297027
5868 train 3.235318
5869 train 3.252912
5870 train 3.218864
5871 train 3.287628
5872 train 3.221977
5873 train 3.326521
5874 train 3.325304
5875 train 3.333411
5876 train 3.303478
5877 train 3.353302
5878 train 3.355386
5879 train 3.377338
5880 train 3.222672
5881 train 3.248968
5882 train 3.231990
5883 train 3.348154
5884 train 3.339219
5885 train 3.230379
5886 train 3.299758
5887 train 3.278026
5888 train 3.277848
5889 train 3.313817
5890 train 3.266715
5891 train 3.321113
5892 train 3.358941
5893 train 3.285143
5894 train 3.257543
5895 train 3.372142
5896 train 3.310155
5897 train 3.257757
5898 train 3.281241
5899 train 3.285718
5900 train 3.224694
5901 train 3.310884
5902 train 3.299257
5903 train 3.236201
5904 train 3.287341
5905 train 3.264024
5906 train 3.237924
5907 train 3.287041
5908 train 3.228016
5909 train 3.264935
5910 train 3.248114
5911 train 3.304078
5912 train 3.273428
5913 train 3.351905
5914 train 3.318247
5915 train 3.325681
5916 train 3.315644
5917 train 3.327793
5918 train 3.278835
5919 train 3.281111
5920 train 3.287820
5921 train 3.269598
5922 train 3.314116
5923 train 3.268001
5924 train 3.252470
5925 train 3.253457
5926 train 3.246742
5927 train 3.270300
5928 train 3.220060
5929 train 3.225837
5930 train 3.281395
5931 train 3.246919
5932 train 3.245093
5933 train 3.226810
5934 train 3.311004
5935 train 3.278182
5936 train 3.369991
5937 train 3.298631
5938 train 3.485640
5939 train 3.382556
5940 train 3.373568
5941 train 3.304124
5942 train 3.341573
5943 train 3.319641
5944 train 3.358629
5945 train 3.342284
5946 train 3.301976
5947 train 3.307451
5948 train 3.275031
5949 train 3.283811
5950 train 3.334425
5951 train 3.309224
5952 train 3.284786
5953 train 3.284577
5954 train 3.372132
5955 train 3.326781
5956 train 3.318120
5957 train 3.339741
5958 train 3.315383
5959 train 3.197324
5960 train 3.259898
5961 train 3.282163
5962 train 3.241514
5963 train 3.294091
5964 train 3.259729
5965 train 3.228821
5966 train 3.181743
5967 train 3.258864
5968 train 3.258981
5969 train 3.253465
5970 train 3.299739
5971 train 3.314207
5972 train 3.313144
5973 train 3.306547
5974 train 3.298138
5975 train 3.304160
5976 train 3.344294
5977 train 3.280239
5978 train 3.350644
5979 train 3.314708
5980 train 3.380950
5981 train 3.289860
5982 train 3.313560
5983 train 3.250443
5984 train 3.308232
5985 train 3.323483
5986 train 3.268527
5987 train 3.288083
5988 train 3.260194
5989 train 3.298888
5990 train 3.313632
5991 train 3.280774
5992 train 3.297637
5993 train 3.277449
5994 train 3.227168
5995 train 3.205193
5996 train 3.194066
5997 train 3.246745
5998 train 3.276525
5999 train 3.274514
6000 train 3.266932
6001 train 3.208991
6002 train 3.267718
6003 train 3.256827
6004 train 3.221070
6005 train 3.209063
6006 train 3.249919
6007 train 3.358987
6008 train 3.220374
6009 train 3.315496
6010 train 3.263231
6011 train 3.319069
6012 train 3.261571
6013 train 3.250000
6014 train 3.287087
6015 train 3.336528
6016 train 3.303349
6017 train 3.288000
6018 train 3.252629
6019 train 3.287252
6020 train 3.307251
6021 train 3.277722
6022 train 3.289038
6023 train 3.335599
6024 train 3.302352
6025 train 3.354549
6026 train 3.301328
6027 train 3.294156
6028 train 3.302533
6029 train 3.245247
6030 train 3.250348
6031 train 3.217369
6032 train 3.238819
6033 train 3.237545
6034 train 3.243888
6035 train 3.290873
6036 train 3.236166
6037 train 3.263081
6038 train 3.231871
6039 train 3.209405
6040 train 3.263840
6041 train 3.225226
6042 train 3.284473
6043 train 3.300653
6044 train 3.366339
6045 train 3.390699
6046 train 3.257297
6047 train 3.200336
6048 train 3.275998
6049 train 3.273169
6050 train 3.329179
6051 train 3.263104
6052 train 3.320615
6053 train 3.304549
6054 train 3.278973
6055 train 3.310981
6056 train 3.263578
6057 train 3.327402
6058 train 3.317110
6059 train 3.263403
6060 train 3.310716
6061 train 3.285834
6062 train 3.312076
6063 train 3.253552
6064 train 3.276966
6065 train 3.304716
6066 train 3.291494
6067 train 3.283155
6068 train 3.243052
6069 train 3.266794
6070 train 3.234967
6071 train 3.288346
6072 train 3.279842
6073 train 3.207096
6074 train 3.251498
6075 train 3.256599
6076 train 3.222904
6077 train 3.249534
6078 train 3.323969
6079 train 3.288603
6080 train 3.291680
6081 train 3.239984
6082 train 3.219750
6083 train 3.313854
6084 train 3.337185
6085 train 3.278798
6086 train 3.254594
6087 train 3.306819
6088 train 3.389725
6089 train 3.295763
6090 train 3.394146
6091 train 3.327330
6092 train 3.291447
6093 train 3.351033
6094 train 3.302567
6095 train 3.286191
6096 train 3.293605
6097 train 3.236676
6098 train 3.327269
6099 train 3.296922
6100 train 3.261368
6101 train 3.335021
6102 train 3.286709
6103 train 3.283192
6104 train 3.279650
6105 train 3.240561
6106 train 3.337963
6107 train 3.322033
6108 train 3.329675
6109 train 3.361342
6110 train 3.319767
6111 train 3.328166
6112 train 3.294986
6113 train 3.271241
6114 train 3.344692
6115 train 3.287365
6116 train 3.305863
6117 train 3.372933
6118 train 3.280078
6119 train 3.275578
6120 train 3.258325
6121 train 3.284323
6122 train 3.303015
6123 train 3.271456
6124 train 3.287861
6125 train 3.263714
6126 train 3.310741
6127 train 3.324826
6128 train 3.302190
6129 train 3.341961
6130 train 3.244746
6131 train 3.245386
6132 train 3.249414
6133 train 3.257541
6134 train 3.230694
6135 train 3.301195
6136 train 3.260280
6137 train 3.216191
6138 train 3.222528
6139 train 3.212888
6140 train 3.238046
6141 train 3.238639
6142 train 3.367402
6143 train 3.325720
6144 train 3.233602
6145 train 3.284270
6146 train 3.244647
6147 train 3.283348
6148 train 3.318037
6149 train 3.292908
6150 train 3.343974
6151 train 3.291038
6152 train 3.304771
6153 train 3.281364
6154 train 3.299218
6155 train 3.323560
6156 train 3.299510
6157 train 3.256656
6158 train 3.343783
6159 train 3.282701
6160 train 3.329950
6161 train 3.309900
6162 train 3.300094
6163 train 3.279389
6164 train 3.323716
6165 train 3.224936
6166 train 3.261686
6167 train 3.210629
6168 train 3.240220
6169 train 3.277444
6170 train 3.258413
6171 train 3.353399
6172 train 3.226593
6173 train 3.294690
6174 train 3.262918
6175 train 3.267589
6176 train 3.278314
6177 train 3.291387
6178 train 3.351465
6179 train 3.320735
6180 train 3.277853
6181 train 3.331697
6182 train 3.334411
6183 train 3.249896
6184 train 3.329051
6185 train 3.333529
6186 train 3.313193
6187 train 3.302608
6188 train 3.347602
6189 train 3.243322
6190 train 3.291863
6191 train 3.302326
6192 train 3.302773
6193 train 3.314424
6194 train 3.335164
6195 train 3.291617
6196 train 3.312054
6197 train 3.283128
6198 train 3.228812
6199 train 3.259566
6200 train 3.259789
6201 train 3.220794
6202 train 3.275283
6203 train 3.237595
6204 train 3.233087
6205 train 3.186716
6206 train 3.287659
6207 train 3.258327
6208 train 3.265881
6209 train 3.231332
6210 train 3.235525
6211 train 3.205708
6212 train 3.201032
6213 train 3.351516
6214 train 3.265592
6215 train 3.329956
6216 train 3.275600
6217 train 3.308737
6218 train 3.287469
6219 train 3.289445
6220 train 3.287502
6221 train 3.287974
6222 train 3.319060
6223 train 3.303886
6224 train 3.252834
6225 train 3.302021
6226 train 3.299747
6227 train 3.303599
6228 train 3.263700
6229 train 3.272768
6230 train 3.293401
6231 train 3.260537
6232 train 3.261239
6233 train 3.260158
6234 train 3.299753
6235 train 3.226218
6236 train 3.268798
6237 train 3.243187
6238 train 3.261653
6239 train 3.212747
6240 train 3.224159
6241 train 3.278481
6242 train 3.245053
6243 train 3.253999
6244 train 3.232817
6245 train 3.280515
6246 train 3.262129
6247 train 3.288323
6248 train 3.389303
6249 train 3.303092
6250 train 3.389294
6251 train 3.301997
6252 train 3.397477
6253 train 3.336611
6254 train 3.276376
6255 train 3.284164
6256 train 3.303200
6257 train 3.286397
6258 train 3.315035
6259 train 3.229500
6260 train 3.273574
6261 train 3.286274
6262 train 3.298321
6263 train 3.303881
6264 train 3.317019
6265 train 3.286265
6266 train 3.270309
6267 train 3.304072
6268 train 3.270268
6269 train 3.263956
6270 train 3.240166
6271 train 3.301589
6272 train 3.217573
6273 train 3.211174
6274 train 3.259156
6275 train 3.289875
6276 train 3.213908
6277 train 3.200366
6278 train 3.198146
6279 train 3.290587
6280 train 3.221174
6281 train 3.272009
6282 train 3.303807
6283 train 3.270489
6284 train 3.265364
6285 train 3.350173
6286 train 3.279518
6287 train 3.291765
6288 train 3.312452
6289 train 3.334796
6290 train 3.299353
6291 train 3.289981
6292 train 3.312182
6293 train 3.272678
6294 train 3.303010
6295 train 3.348147
6296 train 3.361462
6297 train 3.331470
6298 train 3.301579
6299 train 3.297826
6300 train 3.406081
6301 train 3.291392
6302 train 3.294587
6303 train 3.256415
6304 train 3.226967
6305 train 3.318789
6306 train 3.340503
6307 train 3.278506
6308 train 3.345222
6309 train 3.309977
6310 train 3.277217
6311 train 3.297598
6312 train 3.279210
6313 train 3.212355
6314 train 3.274179
6315 train 3.255434
6316 train 3.317801
6317 train 3.237904
6318 train 3.275268
6319 train 3.252618
6320 train 3.361861
6321 train 3.266696
6322 train 3.305592
6323 train 3.190729
6324 train 3.129297
6325 train 3.219280
6326 train 3.135481
6327 train 3.145965
6328 train 3.170358
6329 train 3.132551
6330 train 3.115626
6331 train 3.083642
6332 train 3.099666
6333 train 3.114779
6334 train 3.269346
6335 train 3.283946
6336 train 3.384331
6337 train 3.350082
6338 train 3.424651
6339 train 3.370668
6340 train 3.343679
6341 train 3.287463
6342 train 3.340167
6343 train 3.268517
6344 train 3.343208
6345 train 3.292933
6346 train 3.344167
6347 train 3.304601
6348 train 3.274597
6349 train 3.264012
6350 train 3.326380
6351 train 3.293255
6352 train 3.349642
6353 train 3.293132
6354 train 3.285972
6355 train 3.400474
6356 train 3.275559
6357 train 3.310039
6358 train 3.313393
6359 train 3.252643
6360 train 3.227798
6361 train 3.244235
6362 train 3.284343
6363 train 3.299031
6364 train 3.217149
6365 train 3.265214
6366 train 3.242328
6367 train 3.290905
6368 train 3.249894
6369 train 3.200543
6370 train 3.183489
6371 train 3.114850
6372 train 3.075861
6373 train 3.099395
6374 train 3.124110
6375 train 3.028505
6376 train 3.131619
6377 train 3.103482
6378 train 3.178263
6379 train 3.116662
6380 train 3.056784
6381 train 3.179741
6382 train 3.317880
6383 train 3.295941
6384 train 3.354836
6385 train 3.547273
6386 train 3.385526
6387 train 3.323055
6388 train 3.263019
6389 train 3.335536
6390 train 3.336659
6391 train 3.325430
6392 train 3.286415
6393 train 3.320938
6394 train 3.300182
6395 train 3.348691
6396 train 3.302671
6397 train 3.250363
6398 train 3.326203
6399 train 3.322006
6400 train 3.263643
6401 train 3.297221
6402 train 3.288257
6403 train 3.301913
6404 train 3.324131
6405 train 3.266883
6406 train 3.320275
6407 train 3.266010
6408 train 3.232363
6409 train 3.304161
6410 train 3.277971
6411 train 3.246444
6412 train 3.228190
6413 train 3.267062
6414 train 3.273135
6415 train 3.244674
6416 train 3.127129
6417 train 3.156576
6418 train 3.153819
6419 train 3.098687
6420 train 3.082035
6421 train 3.076937
6422 train 3.117253
6423 train 3.177791
6424 train 3.100121
6425 train 3.105676
6426 train 3.139925
6427 train 3.113677
6428 train 3.267075
6429 train 3.360110
6430 train 3.345814
6431 train 3.292580
6432 train 3.337769
6433 train 3.336577
6434 train 3.304181
6435 train 3.341795
6436 train 3.377295
6437 train 3.310438
6438 train 3.302434
6439 train 3.334881
6440 train 3.316821
6441 train 3.291859
6442 train 3.317895
6443 train 3.339106
6444 train 3.297733
6445 train 3.318784
6446 train 3.287792
6447 train 3.306888
6448 train 3.243285
6449 train 3.308878
6450 train 3.235249
6451 train 3.242656
6452 train 3.250380
6453 train 3.310509
6454 train 3.251280
6455 train 3.219753
6456 train 3.324167
6457 train 3.252196
6458 train 3.218949
6459 train 3.317448
6460 train 3.246160
6461 train 3.268779
6462 train 3.288751
6463 train 3.155510
6464 train 3.119216
6465 train 3.086074
6466 train 3.100078
6467 train 3.206345
6468 train 3.327832
6469 train 3.126143
6470 train 3.149564
6471 train 3.169445
6472 train 3.197165
6473 train 3.148237
6474 train 3.145951
6475 train 3.212855
6476 train 3.323416
6477 train 3.363572
6478 train 3.384927
6479 train 3.296164
6480 train 3.313786
6481 train 3.324282
6482 train 3.332388
6483 train 3.343879
6484 train 3.328015
6485 train 3.305391
6486 train 3.335915
6487 train 3.302043
6488 train 3.324903
6489 train 3.317981
6490 train 3.316762
6491 train 3.213402
6492 train 3.246370
6493 train 3.235603
6494 train 3.311091
6495 train 3.267571
6496 train 3.228930
6497 train 3.288295
6498 train 3.274464
6499 train 3.259546
6500 train 3.256679
6501 train 3.279511
6502 train 3.239187
6503 train 3.226140
6504 train 3.123500
6505 train 3.077759
6506 train 3.093276
6507 train 3.071980
6508 train 3.116522
6509 train 3.077369
6510 train 3.178232
6511 train 3.096546
6512 train 3.148337
6513 train 3.164875
6514 train 3.153746
6515 train 3.165728
6516 train 3.279897
6517 train 3.340279
6518 train 3.339136
6519 train 3.336268
6520 train 3.265680
6521 train 3.308451
6522 train 3.334190
6523 train 3.288804
6524 train 3.327321
6525 train 3.322925
6526 train 3.327557
6527 train 3.336644
6528 train 3.300809
6529 train 3.303128
6530 train 3.312150
6531 train 3.341442
6532 train 3.345143
6533 train 3.307961
6534 train 3.326976
6535 train 3.349577
6536 train 3.264190
6537 train 3.248576
6538 train 3.310095
6539 train 3.225392
6540 train 3.222234
6541 train 3.295952
6542 train 3.216122
6543 train 3.259205
6544 train 3.315867
6545 train 3.292069
6546 train 3.259921
6547 train 3.258569
6548 train 3.251002
6549 train 3.169146
6550 train 3.277638
6551 train 3.194041
6552 train 3.169667
6553 train 3.106808
6554 train 3.109049
6555 train 3.060984
6556 train 3.105860
6557 train 3.140812
6558 train 3.127583
6559 train 3.136626
6560 train 3.093399
6561 train 3.103940
6562 train 3.170110
6563 train 3.278078
6564 train 3.316349
6565 train 3.337768
6566 train 3.289627
6567 train 3.290084
6568 train 3.344378
6569 train 3.335873
6570 train 3.348683
6571 train 3.267979
6572 train 3.295441
6573 train 3.338015
6574 train 3.322218
6575 train 3.277769
6576 train 3.290329
6577 train 3.316624
6578 train 3.284845
6579 train 3.288822
6580 train 3.264711
6581 train 3.287675
6582 train 3.291915
6583 train 3.277592
6584 train 3.358413
6585 train 3.338787
6586 train 3.316992
6587 train 3.208152
6588 train 3.216531
6589 train 3.248420
6590 train 3.246359
6591 train 3.223471
6592 train 3.299748
6593 train 3.212045
6594 train 3.277591
6595 train 3.233048
6596 train 3.243372
6597 train 3.292795
6598 train 3.167338
6599 train 3.102883
6600 train 3.093523
6601 train 3.122992
6602 train 3.102745
6603 train 3.148780
6604 train 3.175102
6605 train 3.148733
6606 train 3.121948
6607 train 3.075362
6608 train 3.081773
6609 train 3.125201
6610 train 3.390209
6611 train 3.345717
6612 train 3.270600
6613 train 3.267723
6614 train 3.315087
6615 train 3.324891
6616 train 3.279432
6617 train 3.336154
6618 train 3.315077
6619 train 3.248950
6620 train 3.295830
6621 train 3.308590
6622 train 3.243001
6623 train 3.275099
6624 train 3.342582
6625 train 3.312215
6626 train 3.291261
6627 train 3.288351
6628 train 3.311211
6629 train 3.309969
6630 train 3.317290
6631 train 3.313730
6632 train 3.424127
6633 train 3.310097
6634 train 3.218873
6635 train 3.290954
6636 train 3.309245
6637 train 3.269799
6638 train 3.279537
6639 train 3.191305
6640 train 3.215346
6641 train 3.275327
6642 train 3.262980
6643 train 3.207051
6644 train 3.217656
6645 train 3.205899
6646 train 3.128907
6647 train 3.074132
6648 train 3.128102
6649 train 3.065409
6650 train 3.125823
6651 train 3.115115
6652 train 3.076360
6653 train 3.061536
6654 train 3.103740
6655 train 3.059179
6656 train 3.073336
6657 train 3.232016
6658 train 3.335305
6659 train 3.279342
6660 train 3.267544
6661 train 3.326795
6662 train 3.318642
6663 train 3.297823
6664 train 3.305120
6665 train 3.292804
6666 train 3.333238
6667 train 3.346938
6668 train 3.363019
6669 train 3.289395
6670 train 3.318003
6671 train 3.282414
6672 train 3.240826
6673 train 3.322268
6674 train 3.360800
6675 train 3.283999
6676 train 3.353327
6677 train 3.252328
6678 train 3.319376
6679 train 3.288138
6680 train 3.226024
6681 train 3.276567
6682 train 3.322165
6683 train 3.297661
6684 train 3.306506
6685 train 3.278680
6686 train 3.288048
6687 train 3.303448
6688 train 3.264534
6689 train 3.271260
6690 train 3.266740
6691 train 3.319067
6692 train 3.319158
6693 train 3.316661
6694 train 3.256794
6695 train 3.325692
6696 train 3.245088
6697 train 3.305600
6698 train 3.268310
6699 train 3.292015
6700 train 3.235032
6701 train 3.306798
6702 train 3.292893
6703 train 3.271115
6704 train 3.272909
6705 train 3.341979
6706 train 3.288270
6707 train 3.274706
6708 train 3.246885
6709 train 3.274301
6710 train 3.303958
6711 train 3.398869
6712 train 3.316301
6713 train 3.308484
6714 train 3.306187
6715 train 3.315689
6716 train 3.226047
6717 train 3.248432
6718 train 3.380243
6719 train 3.315576
6720 train 3.323632
6721 train 3.293847
6722 train 3.297938
6723 train 3.259270
6724 train 3.281093
6725 train 3.314167
6726 train 3.299127
6727 train 3.275504
6728 train 3.289301
6729 train 3.361986
6730 train 3.348744
6731 train 3.311131
6732 train 3.229755
6733 train 3.286924
6734 train 3.309442
6735 train 3.274587
6736 train 3.329236
6737 train 3.222680
6738 train 3.311223
6739 train 3.277685
6740 train 3.272339
6741 train 3.337007
6742 train 3.266363
6743 train 3.291584
6744 train 3.300294
6745 train 3.269963
6746 train 3.284507
6747 train 3.270532
6748 train 3.249043
6749 train 3.290329
6750 train 3.303316
6751 train 3.270862
6752 train 3.341925
6753 train 3.210857
6754 train 3.251893
6755 train 3.286170
6756 train 3.365873
6757 train 3.284479
6758 train 3.261231
6759 train 3.284692
6760 train 3.259630
6761 train 3.323184
6762 train 3.325388
6763 train 3.335572
6764 train 3.300610
6765 train 3.305603
6766 train 3.312727
6767 train 3.292736
6768 train 3.288046
6769 train 3.323132
6770 train 3.275774
6771 train 3.255651
6772 train 3.263654
6773 train 3.269204
6774 train 3.302690
6775 train 3.233518
6776 train 3.279647
6777 train 3.321857
6778 train 3.224844
6779 train 3.240721
6780 train 3.280872
6781 train 3.280618
6782 train 3.299783
6783 train 3.293129
6784 train 3.305776
6785 train 3.266773
6786 train 3.308983
6787 train 3.346157
6788 train 3.270181
6789 train 3.302882
6790 train 3.257304
6791 train 3.260529
6792 train 3.355082
6793 train 3.293785
6794 train 3.321040
6795 train 3.286898
6796 train 3.263268
6797 train 3.288386
6798 train 3.244214
6799 train 3.380897
6800 train 3.327291
6801 train 3.283623
6802 train 3.315901
6803 train 3.286282
6804 train 3.291299
6805 train 3.310634
6806 train 3.263125
6807 train 3.250691
6808 train 3.295577
6809 train 3.295084
6810 train 3.258952
6811 train 3.284855
6812 train 3.346846
6813 train 3.280806
6814 train 3.306068
6815 train 3.257453
6816 train 3.219507
6817 train 3.327934
6818 train 3.298051
6819 train 3.188418
6820 train 3.324142
6821 train 3.328446
6822 train 3.322625
6823 train 3.292284
6824 train 3.296235
6825 train 3.335936
6826 train 3.311144
6827 train 3.277704
6828 train 3.307218
6829 train 3.329669
6830 train 3.396624
6831 train 3.236284
6832 train 3.246727
6833 train 3.293748
6834 train 3.313622
6835 train 3.231954
6836 train 3.310577
6837 train 3.242890
6838 train 3.298753
6839 train 3.245171
6840 train 3.199996
6841 train 3.200307
6842 train 3.245965
6843 train 3.283727
6844 train 3.175742
6845 train 3.262837
6846 train 3.275834
6847 train 3.236270
6848 train 3.212701
6849 train 3.268173
6850 train 3.253330
6851 train 3.301646
6852 train 3.297022
6853 train 3.291810
6854 train 3.274040
6855 train 3.313876
6856 train 3.279714
6857 train 3.261178
6858 train 3.366718
6859 train 3.309652
6860 train 3.275531
6861 train 3.233897
6862 train 3.269418
6863 train 3.295807
6864 train 3.312518
6865 train 3.296355
6866 train 3.271240
6867 train 3.252565
6868 train 3.248771
6869 train 3.260917
6870 train 3.250278
6871 train 3.248664
6872 train 3.268787
6873 train 3.211848
6874 train 3.243098
6875 train 3.290461
6876 train 3.286536
6877 train 3.276285
6878 train 3.284122
6879 train 3.237478
6880 train 3.246922
6881 train 3.266721
6882 train 3.313635
6883 train 3.295523
6884 train 3.273879
6885 train 3.228875
6886 train 3.207587
6887 train 3.273276
6888 train 3.269065
6889 train 3.265824
6890 train 3.256160
6891 train 3.244158
6892 train 3.205244
6893 train 3.300495
6894 train 3.237473
6895 train 3.259598
6896 train 3.300129
6897 train 3.254086
6898 train 3.268848
6899 train 3.247821
6900 train 3.249740
6901 train 3.308079
6902 train 3.246278
6903 train 3.285735
6904 train 3.219921
6905 train 3.261904
6906 train 3.254599
6907 train 3.279257
6908 train 3.252461
6909 train 3.279776
6910 train 3.274761
6911 train 3.278890
6912 train 3.322328
6913 train 3.294648
6914 train 3.260448
6915 train 3.288411
6916 train 3.231613
6917 train 3.269705
6918 train 3.265958
6919 train 3.239038
6920 train 3.333588
6921 train 3.314749
6922 train 3.319696
6923 train 3.331120
6924 train 3.297450
6925 train 3.227622
6926 train 3.299434
6927 train 3.243930
6928 train 3.237230
6929 train 3.279851
6930 train 3.260546
6931 train 3.275784
6932 train 3.278793
6933 train 3.293335
6934 train 3.298225
6935 train 3.267067
6936 train 3.237413
6937 train 3.253261
6938 train 3.255287
6939 train 3.222358
6940 train 3.238778
6941 train 3.267956
6942 train 3.216912
6943 train 3.309381
6944 train 3.280400
6945 train 3.255049
6946 train 3.241462
6947 train 3.242742
6948 train 3.210339
6949 train 3.315932
6950 train 3.288553
6951 train 3.201777
6952 train 3.222814
6953 train 3.260665
6954 train 3.293778
6955 train 3.251449
6956 train 3.311164
6957 train 3.252471
6958 train 3.299014
6959 train 3.267588
6960 train 3.274914
6961 train 3.235844
6962 train 3.228595
6963 train 3.215371
6964 train 3.247202
6965 train 3.245800
6966 train 3.290553
6967 train 3.243207
6968 train 3.230503
6969 train 3.237907
6970 train 3.269062
6971 train 3.327490
6972 train 3.217477
6973 train 3.266602
6974 train 3.241101
6975 train 3.248399
6976 train 3.241372
6977 train 3.325907
6978 train 3.249850
6979 train 3.298689
6980 train 3.259745
6981 train 3.271360
6982 train 3.330940
6983 train 3.235095
6984 train 3.221336
6985 train 3.295227
6986 train 3.254935
6987 train 3.304858
6988 train 3.262554
6989 train 3.271667
6990 train 3.280066
6991 train 3.290273
6992 train 3.265671
6993 train 3.470790
6994 train 3.208726
6995 train 3.288650
6996 train 3.293334
6997 train 3.239599
6998 train 3.256294
6999 train 3.214072
7000 train 3.307709
7001 train 3.312130
7002 train 3.267098
7003 train 3.271447
7004 train 3.278110
7005 train 3.241389
7006 train 3.371089
7007 train 3.248643
7008 train 3.235189
7009 train 3.275744
7010 train 3.229000
7011 train 3.260311
7012 train 3.253331
7013 train 3.257558
7014 train 3.283092
7015 train 3.336639
7016 train 3.269305
7017 train 3.296410
7018 train 3.251103
7019 train 3.239403
7020 train 3.214897
7021 train 3.342735
7022 train 3.353071
7023 train 3.298869
7024 train 3.325081
7025 train 3.288272
7026 train 3.303719
7027 train 3.305677
7028 train 3.306783
7029 train 3.345710
7030 train 3.410030
7031 train 3.259645
7032 train 3.317473
7033 train 3.249022
7034 train 3.187939
7035 train 3.261118
7036 train 3.239937
7037 train 3.279354
7038 train 3.236648
7039 train 3.241927
7040 train 3.294938
7041 train 3.269887
7042 train 3.274341
7043 train 3.233538
7044 train 3.330545
7045 train 3.231180
7046 train 3.261714
7047 train 3.254844
7048 train 3.277908
7049 train 3.339271
7050 train 3.263280
7051 train 3.262198
7052 train 3.240818
7053 train 3.264480
7054 train 3.226448
7055 train 3.267488
7056 train 3.299545
7057 train 3.309384
7058 train 3.383089
7059 train 3.377257
7060 train 3.249794
7061 train 3.305205
7062 train 3.337452
7063 train 3.308042
7064 train 3.311225
7065 train 3.304359
7066 train 3.237287
7067 train 3.273914
7068 train 3.244658
7069 train 3.255628
7070 train 3.247978
7071 train 3.267065
7072 train 3.282582
7073 train 3.258183
7074 train 3.237087
7075 train 3.300329
7076 train 3.229305
7077 train 3.282401
7078 train 3.285681
7079 train 3.305166
7080 train 3.304996
7081 train 3.341121
7082 train 3.294772
7083 train 3.431235
7084 train 3.327355
7085 train 3.268940
7086 train 3.379400
7087 train 3.292567
7088 train 3.306037
7089 train 3.350595
7090 train 3.252656
7091 train 3.222731
7092 train 3.260656
7093 train 3.251424
7094 train 3.255069
7095 train 3.285300
7096 train 3.216737
7097 train 3.282551
7098 train 3.242534
7099 train 3.203780
7100 train 3.247664
7101 train 3.287198
7102 train 3.251301
7103 train 3.381807
7104 train 3.209440
7105 train 3.283367
7106 train 3.239210
7107 train 3.205503
7108 train 3.262548
7109 train 3.318061
7110 train 3.274776
7111 train 3.365835
7112 train 3.276710
7113 train 3.279772
7114 train 3.321219
7115 train 3.283194
7116 train 3.288561
7117 train 3.338393
7118 train 3.356860
7119 train 3.324090
7120 train 3.232458
7121 train 3.269275
7122 train 3.246521
7123 train 3.260484
7124 train 3.324929
7125 train 3.352468
7126 train 3.247519
7127 train 3.268677
7128 train 3.313519
7129 train 3.231067
7130 train 3.288351
7131 train 3.223963
7132 train 3.292836
7133 train 3.262973
7134 train 3.274580
7135 train 3.201478
7136 train 3.252845
7137 train 3.249660
7138 train 3.243169
7139 train 3.249094
7140 train 3.258792
7141 train 3.249898
7142 train 3.240014
7143 train 3.232539
7144 train 3.220810
7145 train 3.244048
7146 train 3.350160
7147 train 3.283751
7148 train 3.236058
7149 train 3.296031
7150 train 3.235913
7151 train 3.118809
7152 train 3.261262
7153 train 3.315325
7154 train 3.257371
7155 train 3.300682
7156 train 3.296939
7157 train 3.247075
7158 train 3.239206
7159 train 3.257033
7160 train 3.178922
7161 train 3.250024
7162 train 3.291176
7163 train 3.257145
7164 train 3.221436
7165 train 3.231668
7166 train 3.268211
7167 train 3.211671
7168 train 3.251076
7169 train 3.241510
7170 train 3.238420
7171 train 3.263119
7172 train 3.227233
7173 train 3.232059
7174 train 3.256702
7175 train 3.257518
7176 train 3.221161
7177 train 3.277419
7178 train 3.232883
7179 train 3.261064
7180 train 3.254006
7181 train 3.267824
7182 train 3.311465
7183 train 3.216566
7184 train 3.297562
7185 train 3.242418
7186 train 3.241778
7187 train 3.223180
7188 train 3.216931
7189 train 3.217583
7190 train 3.258230
7191 train 3.271584
7192 train 3.269626
7193 train 3.291530
7194 train 3.286003
7195 train 3.262067
7196 train 3.292375
7197 train 3.314647
7198 train 3.246658
7199 train 3.243920
7200 train 3.315176
7201 train 3.301300
7202 train 3.278378
7203 train 3.240772
7204 train 3.284538
7205 train 3.289418
7206 train 3.270626
7207 train 3.210265
7208 train 3.212807
7209 train 3.266759
7210 train 3.212104
7211 train 3.307493
7212 train 3.275845
7213 train 3.294661
7214 train 3.278440
7215 train 3.225109
7216 train 3.207793
7217 train 3.241797
7218 train 3.241113
7219 train 3.225566
7220 train 3.307283
7221 train 3.298529
7222 train 3.265129
7223 train 3.230705
7224 train 3.209597
7225 train 3.272011
7226 train 3.330381
7227 train 3.242254
7228 train 3.233419
7229 train 3.248743
7230 train 3.300512
7231 train 3.285766
7232 train 3.289298
7233 train 3.223236
7234 train 3.276683
7235 train 3.258375
7236 train 3.290449
7237 train 3.259152
7238 train 3.269716
7239 train 3.276172
7240 train 3.268878
7241 train 3.272639
7242 train 3.260296
7243 train 3.247450
7244 train 3.200879
7245 train 3.232362
7246 train 3.194967
7247 train 3.265871
7248 train 3.333879
7249 train 3.247590
7250 train 3.324711
7251 train 3.352142
7252 train 3.280895
7253 train 3.332590
7254 train 3.256449
7255 train 3.245357
7256 train 3.269971
7257 train 3.334496
7258 train 3.203875
7259 train 3.249311
7260 train 3.219280
7261 train 3.191545
7262 train 3.203457
7263 train 3.203667
7264 train 3.220361
7265 train 3.332677
7266 train 3.253310
7267 train 3.305147
7268 train 3.253460
7269 train 3.217326
7270 train 3.250028
7271 train 3.269683
7272 train 3.320004
7273 train 3.293051
7274 train 3.315916
7275 train 3.313670
7276 train 3.294293
7277 train 3.356708
7278 train 3.269355
7279 train 3.252537
7280 train 3.295093
7281 train 3.295635
7282 train 3.228191
7283 train 3.275435
7284 train 3.235620
7285 train 3.270382
7286 train 3.283564
7287 train 3.221661
7288 train 3.275629
7289 train 3.259064
7290 train 3.329679
7291 train 3.290581
7292 train 3.302431
7293 train 3.234695
7294 train 3.249163
7295 train 3.290447
7296 train 3.297400
7297 train 3.247876
7298 train 3.223599
7299 train 3.243463
7300 train 3.230345
7301 train 3.238929
7302 train 3.265841
7303 train 3.230623
7304 train 3.353584
7305 train 3.240131
7306 train 3.271980
7307 train 3.299670
7308 train 3.279823
7309 train 3.264898
7310 train 3.274007
7311 train 3.292772
7312 train 3.305588
7313 train 3.276204
7314 train 3.312952
7315 train 3.324203
7316 train 3.263671
7317 train 3.278635
7318 train 3.315990
7319 train 3.248734
7320 train 3.274702
7321 train 3.402829
7322 train 3.294804
7323 train 3.326309
7324 train 3.239265
7325 train 3.228741
7326 train 3.250951
7327 train 3.254343
7328 train 3.212659
7329 train 3.276089
7330 train 3.301417
7331 train 3.247916
7332 train 3.300245
7333 train 3.235995
7334 train 3.220287
7335 train 3.245959
7336 train 3.302509
7337 train 3.246173
7338 train 3.268127
7339 train 3.254485
7340 train 3.310593
7341 train 3.303205
7342 train 3.271000
7343 train 3.288379
7344 train 3.223166
7345 train 3.280619
7346 train 3.267494
7347 train 3.293432
7348 train 3.217222
7349 train 3.291184
7350 train 3.265003
7351 train 3.307948
7352 train 3.354026
7353 train 3.300668
7354 train 3.233025
7355 train 3.231965
7356 train 3.283545
7357 train 3.310534
7358 train 3.305463
7359 train 3.263943
7360 train 3.301180
7361 train 3.210423
7362 train 3.265511
7363 train 3.209625
7364 train 3.252461
7365 train 3.208367
7366 train 3.286037
7367 train 3.272265
7368 train 3.205309
7369 train 3.284750
7370 train 3.295788
7371 train 3.262175
7372 train 3.294016
7373 train 3.255606
7374 train 3.330563
7375 train 3.268885
7376 train 3.280788
7377 train 3.265155
7378 train 3.273814
7379 train 3.290996
7380 train 3.275106
7381 train 3.281308
7382 train 3.208519
7383 train 3.266583
7384 train 3.275368
7385 train 3.281151
7386 train 3.273713
7387 train 3.290441
7388 train 3.277193
7389 train 3.253142
7390 train 3.255702
7391 train 3.281496
7392 train 3.254980
7393 train 3.248999
7394 train 3.250394
7395 train 3.269127
7396 train 3.215051
7397 train 3.256803
7398 train 3.259497
7399 train 3.200295
7400 train 3.268413
7401 train 3.302575
7402 train 3.179237
7403 train 3.277944
7404 train 3.308333
7405 train 3.264957
7406 train 3.262893
7407 train 3.301396
7408 train 3.247879
7409 train 3.295557
7410 train 3.260663
7411 train 3.288280
7412 train 3.268265
7413 train 3.441451
7414 train 3.278217
7415 train 3.279290
7416 train 3.347369
7417 train 3.242239
7418 train 3.316375
7419 train 3.304244
7420 train 3.338418
7421 train 3.302374
7422 train 3.334840
7423 train 3.250128
7424 train 3.263442
7425 train 3.275421
7426 train 3.246211
7427 train 3.276185
7428 train 3.199270
7429 train 3.204862
7430 train 3.269958
7431 train 3.299129
7432 train 3.217873
7433 train 3.221646
7434 train 3.231678
7435 train 3.244816
7436 train 3.262902
7437 train 3.324159
7438 train 3.307937
7439 train 3.230835
7440 train 3.257728
7441 train 3.264782
7442 train 3.200107
7443 train 3.203959
7444 train 3.191323
7445 train 3.207283
7446 train 3.191807
7447 train 3.185181
7448 train 3.196638
7449 train 3.145704
7450 train 3.148749
7451 train 3.142470
7452 train 3.164427
7453 train 3.188536
7454 train 3.320935
7455 train 3.269495
7456 train 3.323107
7457 train 3.339302
7458 train 3.317005
7459 train 3.351865
7460 train 3.296075
7461 train 3.283564
7462 train 3.283178
7463 train 3.326483
7464 train 3.243630
7465 train 3.229867
7466 train 3.240234
7467 train 3.240761
7468 train 3.267524
7469 train 3.245368
7470 train 3.261888
7471 train 3.247391
7472 train 3.248152
7473 train 3.199302
7474 train 3.223517
7475 train 3.192141
7476 train 3.173259
7477 train 3.177880
7478 train 3.164079
7479 train 3.213568
7480 train 3.183995
7481 train 3.156134
7482 train 3.166801
7483 train 3.153047
7484 train 3.158733
7485 train 3.127722
7486 train 3.193678
7487 train 3.185334
7488 train 3.207005
7489 train 3.303930
7490 train 3.271398
7491 train 3.339261
7492 train 3.326170
7493 train 3.338721
7494 train 3.336805
7495 train 3.230006
7496 train 3.263617
7497 train 3.363745
7498 train 3.355830
7499 train 3.267032
7500 val 3.2295
7500 hella 0.2891
7500 train 3.324349
7501 train 3.238838
7502 train 3.271530
7503 train 3.242193
7504 train 3.249582
7505 train 3.213669
7506 train 3.197444
7507 train 3.216898
7508 train 3.273510
7509 train 3.253374
7510 train 3.256148
7511 train 3.220284
7512 train 3.168335
7513 train 3.170962
7514 train 3.121059
7515 train 3.174842
7516 train 3.123714
7517 train 3.169389
7518 train 3.188742
7519 train 3.153214
7520 train 3.155580
7521 train 3.210035
7522 train 3.205822
7523 train 3.121989
7524 train 3.398238
7525 train 3.288624
7526 train 3.278811
7527 train 3.364337
7528 train 3.342472
7529 train 3.311278
7530 train 3.296115
7531 train 3.282663
7532 train 3.345445
7533 train 3.334701
7534 train 3.301553
7535 train 3.230296
7536 train 3.367369
7537 train 3.249574
7538 train 3.200629
7539 train 3.250654
7540 train 3.206809
7541 train 3.236184
7542 train 3.214551
7543 train 3.250291
7544 train 3.231944
7545 train 3.181457
7546 train 3.216914
7547 train 3.199067
7548 train 3.179769
7549 train 3.244059
7550 train 3.193410
7551 train 3.198245
7552 train 3.184254
7553 train 3.166494
7554 train 3.222744
7555 train 3.156450
7556 train 3.128968
7557 train 3.158453
7558 train 3.171380
7559 train 3.262535
7560 train 3.273125
7561 train 3.289390
7562 train 3.305702
7563 train 3.335232
7564 train 3.305977
7565 train 3.279510
7566 train 3.286442
7567 train 3.376260
7568 train 3.240872
7569 train 3.304022
7570 train 3.240977
7571 train 3.201037
7572 train 3.244029
7573 train 3.231876
7574 train 3.234191
7575 train 3.285690
7576 train 3.275550
7577 train 3.237090
7578 train 3.195455
7579 train 3.241656
7580 train 3.225157
7581 train 3.233964
7582 train 3.184676
7583 train 3.167751
7584 train 3.143213
7585 train 3.159509
7586 train 3.149003
7587 train 3.146432
7588 train 3.246892
7589 train 3.223246
7590 train 3.193952
7591 train 3.118947
7592 train 3.190217
7593 train 3.143127
7594 train 3.182417
7595 train 3.252061
7596 train 3.300657
7597 train 3.317018
7598 train 3.284642
7599 train 3.238903
7600 train 3.233935
7601 train 3.269306
7602 train 3.238766
7603 train 3.260223
7604 train 3.310767
7605 train 3.210648
7606 train 3.267857
7607 train 3.208699
7608 train 3.237570
7609 train 3.235149
7610 train 3.248222
7611 train 3.204484
7612 train 3.218076
7613 train 3.262749
7614 train 3.271207
7615 train 3.235292
7616 train 3.288016
7617 train 3.239462
7618 train 3.199018
7619 train 3.213734
7620 train 3.216261
7621 train 3.136679
7622 train 3.202818
7623 train 3.175423
7624 train 3.165247
7625 train 3.167669
7626 train 3.117248
7627 train 3.191125
7628 train 3.214653
7629 train 3.302868
7630 train 3.237845
7631 train 3.242069
7632 train 3.272799
7633 train 3.180796
7634 train 3.238616
7635 train 3.291312
7636 train 3.300000
7637 train 3.218470
7638 train 3.276010
7639 train 3.220753
7640 train 3.202500
7641 train 3.327577
7642 train 3.246276
7643 train 3.241989
7644 train 3.261002
7645 train 3.233893
7646 train 3.233119
7647 train 3.294762
7648 train 3.241864
7649 train 3.304650
7650 train 3.230033
7651 train 3.371806
7652 train 3.217480
7653 train 3.195832
7654 train 3.216074
7655 train 3.228132
7656 train 3.208827
7657 train 3.213760
7658 train 3.248177
7659 train 3.249125
7660 train 3.212868
7661 train 3.247663
7662 train 3.322892
7663 train 3.207416
7664 train 3.262312
7665 train 3.252689
7666 train 3.257387
7667 train 3.177282
7668 train 3.366103
7669 train 3.246584
7670 train 3.221294
7671 train 3.240531
7672 train 3.269487
7673 train 3.278697
7674 train 3.326781
7675 train 3.244429
7676 train 3.266731
7677 train 3.292548
7678 train 3.252424
7679 train 3.265536
7680 train 3.294149
7681 train 3.254469
7682 train 3.298699
7683 train 3.204359
7684 train 3.229825
7685 train 3.255562
7686 train 3.305630
7687 train 3.220869
7688 train 3.221239
7689 train 3.216006
7690 train 3.204127
7691 train 3.207904
7692 train 3.195514
7693 train 3.206109
7694 train 3.224334
7695 train 3.255028
7696 train 3.225138
7697 train 3.243432
7698 train 3.207915
7699 train 3.216491
7700 train 3.252256
7701 train 3.391980
7702 train 3.284340
7703 train 3.260259
7704 train 3.261518
7705 train 3.278642
7706 train 3.262438
7707 train 3.282233
7708 train 3.217099
7709 train 3.303911
7710 train 3.268521
7711 train 3.260845
7712 train 3.196683
7713 train 3.249202
7714 train 3.256015
7715 train 3.251875
7716 train 3.247048
7717 train 3.243494
7718 train 3.244913
7719 train 3.262705
7720 train 3.227177
7721 train 3.340643
7722 train 3.265992
7723 train 3.260440
7724 train 3.157926
7725 train 3.159834
7726 train 3.273755
7727 train 3.223366
7728 train 3.229965
7729 train 3.147392
7730 train 3.191156
7731 train 3.246496
7732 train 3.251367
7733 train 3.202420
7734 train 3.196813
7735 train 3.267976
7736 train 3.271708
7737 train 3.248093
7738 train 3.325083
7739 train 3.244017
7740 train 3.346039
7741 train 3.270810
7742 train 3.233996
7743 train 3.271857
7744 train 3.225978
7745 train 3.321496
7746 train 3.304624
7747 train 3.194779
7748 train 3.273481
7749 train 3.261459
7750 train 3.322448
7751 train 3.283887
7752 train 3.221440
7753 train 3.277992
7754 train 3.234558
7755 train 3.254395
7756 train 3.219275
7757 train 3.298140
7758 train 3.286888
7759 train 3.269012
7760 train 3.266901
7761 train 3.319764
7762 train 3.205552
7763 train 3.215926
7764 train 3.245755
7765 train 3.173651
7766 train 3.212238
7767 train 3.134470
7768 train 3.217980
7769 train 3.224653
7770 train 3.222881
7771 train 3.260951
7772 train 3.317593
7773 train 3.293698
7774 train 3.266492
7775 train 3.237324
7776 train 3.245363
7777 train 3.400979
7778 train 3.297303
7779 train 3.281342
7780 train 3.291502
7781 train 3.285372
7782 train 3.278392
7783 train 3.257656
7784 train 3.239843
7785 train 3.234252
7786 train 3.241339
7787 train 3.248317
7788 train 3.227457
7789 train 3.229613
7790 train 3.268435
7791 train 3.257504
7792 train 3.223151
7793 train 3.190419
7794 train 3.199065
7795 train 3.153477
7796 train 3.209649
7797 train 3.232159
7798 train 3.252661
7799 train 3.220257
7800 train 3.156625
7801 train 3.204153
7802 train 3.211061
7803 train 3.226044
7804 train 3.257599
7805 train 3.248753
7806 train 3.253205
7807 train 3.255851
7808 train 3.282110
7809 train 3.304723
7810 train 3.286740
7811 train 3.231542
7812 train 3.266797
7813 train 3.278605
7814 train 3.277638
7815 train 3.282178
7816 train 3.288739
7817 train 3.275385
7818 train 3.305960
7819 train 3.245137
7820 train 3.315151
7821 train 3.334773
7822 train 3.295891
7823 train 3.290906
7824 train 3.289586
7825 train 3.324764
7826 train 3.271407
7827 train 3.290931
7828 train 3.389449
7829 train 3.257418
7830 train 3.215589
7831 train 3.223703
7832 train 3.224856
7833 train 3.197545
7834 train 3.233685
7835 train 3.259468
7836 train 3.186742
7837 train 3.223625
7838 train 3.224970
7839 train 3.246341
7840 train 3.169913
7841 train 3.268856
7842 train 3.210518
7843 train 3.293834
7844 train 3.213166
7845 train 3.263583
7846 train 3.256201
7847 train 3.219574
7848 train 3.263209
7849 train 3.274458
7850 train 3.279638
7851 train 3.248605
7852 train 3.312350
7853 train 3.287919
7854 train 3.323125
7855 train 3.269734
7856 train 3.273742
7857 train 3.243279
7858 train 3.307206
7859 train 3.325006
7860 train 3.278127
7861 train 3.295830
7862 train 3.292578
7863 train 3.264590
7864 train 3.189382
7865 train 3.221022
7866 train 3.237118
7867 train 3.198487
7868 train 3.202306
7869 train 3.232663
7870 train 3.217986
7871 train 3.239836
7872 train 3.245475
7873 train 3.233061
7874 train 3.224528
7875 train 3.226811
7876 train 3.241195
7877 train 3.305277
7878 train 3.245420
7879 train 3.338720
7880 train 3.375057
7881 train 3.241777
7882 train 3.346251
7883 train 3.276102
7884 train 3.252949
7885 train 3.379021
7886 train 3.244659
7887 train 3.304472
7888 train 3.295899
7889 train 3.288540
7890 train 3.298617
7891 train 3.345286
7892 train 3.320910
7893 train 3.276849
7894 train 3.239871
7895 train 3.269985
7896 train 3.352306
7897 train 3.311037
7898 train 3.301321
7899 train 3.268281
7900 train 3.358143
7901 train 3.181636
7902 train 3.232406
7903 train 3.187655
7904 train 3.149582
7905 train 3.251410
7906 train 3.227642
7907 train 3.232033
7908 train 3.253798
7909 train 3.186171
7910 train 3.196986
7911 train 3.229383
7912 train 3.259368
7913 train 3.324510
7914 train 3.272384
7915 train 3.268291
7916 train 3.221721
7917 train 3.296558
7918 train 3.229790
7919 train 3.290985
7920 train 3.283587
7921 train 3.248207
7922 train 3.219118
7923 train 3.265135
7924 train 3.280301
7925 train 3.333319
7926 train 3.249857
7927 train 3.300933
7928 train 3.289295
7929 train 3.294742
7930 train 3.288269
7931 train 3.307361
7932 train 3.310432
7933 train 3.299735
7934 train 3.293664
7935 train 3.204911
7936 train 3.173046
7937 train 3.207873
7938 train 3.198321
7939 train 3.203011
7940 train 3.203889
7941 train 3.260537
7942 train 3.201511
7943 train 3.207259
7944 train 3.255755
7945 train 3.262440
7946 train 3.276174
7947 train 3.234027
7948 train 3.313658
7949 train 3.322652
7950 train 3.233188
7951 train 3.245612
7952 train 3.249629
7953 train 3.226383
7954 train 3.278273
7955 train 3.259996
7956 train 3.291187
7957 train 3.315520
7958 train 3.313273
7959 train 3.270823
7960 train 3.327866
7961 train 3.227376
7962 train 3.293564
7963 train 3.296859
7964 train 3.260867
7965 train 3.308291
7966 train 3.304057
7967 train 3.352917
7968 train 3.305712
7969 train 3.173123
7970 train 3.229885
7971 train 3.265245
7972 train 3.271230
7973 train 3.227633
7974 train 3.338088
7975 train 3.167797
7976 train 3.249373
7977 train 3.253831
7978 train 3.189427
7979 train 3.215109
7980 train 3.284187
7981 train 3.273151
7982 train 3.251662
7983 train 3.241055
7984 train 3.268304
7985 train 3.333768
7986 train 3.272537
7987 train 3.252466
7988 train 3.237113
7989 train 3.235929
7990 train 3.245017
7991 train 3.264782
7992 train 3.346654
7993 train 3.269657
7994 train 3.259203
7995 train 3.282897
7996 train 3.319935
7997 train 3.235843
7998 train 3.272067
7999 train 3.202128
8000 train 3.301741
8001 train 3.243046
8002 train 3.264042
8003 train 3.272372
8004 train 3.257782
8005 train 3.193785
8006 train 3.261106
8007 train 3.251582
8008 train 3.229548
8009 train 3.249535
8010 train 3.330847
8011 train 3.278475
8012 train 3.263182
8013 train 3.291376
8014 train 3.236711
8015 train 3.311453
8016 train 3.244249
8017 train 3.235976
8018 train 3.264389
8019 train 3.348057
8020 train 3.258853
8021 train 3.241965
8022 train 3.184730
8023 train 3.218091
8024 train 3.220264
8025 train 3.233198
8026 train 3.240864
8027 train 3.196014
8028 train 3.256207
8029 train 3.073227
8030 train 3.170174
8031 train 3.097915
8032 train 3.038808
8033 train 3.031339
8034 train 3.105346
8035 train 3.087370
8036 train 3.095851
8037 train 3.131026
8038 train 3.049615
8039 train 3.100274
8040 train 3.154297
8041 train 3.273051
8042 train 3.333002
8043 train 3.224531
8044 train 3.252801
8045 train 3.306701
8046 train 3.266548
8047 train 3.271689
8048 train 3.189007
8049 train 3.286604
8050 train 3.237772
8051 train 3.230949
8052 train 3.253947
8053 train 3.277262
8054 train 3.243546
8055 train 3.250525
8056 train 3.258077
8057 train 3.219769
8058 train 3.320455
8059 train 3.275112
8060 train 3.295613
8061 train 3.244870
8062 train 3.271323
8063 train 3.292264
8064 train 3.279380
8065 train 3.227074
8066 train 3.236031
8067 train 3.333276
8068 train 3.205533
8069 train 3.213173
8070 train 3.206763
8071 train 3.218923
8072 train 3.176146
8073 train 3.267991
8074 train 3.217445
8075 train 3.278471
8076 train 3.231456
8077 train 3.167697
8078 train 3.061194
8079 train 3.091452
8080 train 3.062686
8081 train 3.115322
8082 train 3.077748
8083 train 3.033740
8084 train 3.065173
8085 train 3.130373
8086 train 3.095603
8087 train 3.089339
8088 train 3.084628
8089 train 3.276089
8090 train 3.283439
8091 train 3.301046
8092 train 3.231974
8093 train 3.234293
8094 train 3.258604
8095 train 3.402190
8096 train 3.283364
8097 train 3.352475
8098 train 3.322468
8099 train 3.238792
8100 train 3.282762
8101 train 3.253126
8102 train 3.257997
8103 train 3.261056
8104 train 3.302318
8105 train 3.254746
8106 train 3.199855
8107 train 3.276151
8108 train 3.235446
8109 train 3.247502
8110 train 3.248669
8111 train 3.261028
8112 train 3.304516
8113 train 3.288263
8114 train 3.203818
8115 train 3.204586
8116 train 3.210895
8117 train 3.175415
8118 train 3.240357
8119 train 3.220758
8120 train 3.247415
8121 train 3.275356
8122 train 3.221347
8123 train 3.242095
8124 train 3.163421
8125 train 3.107960
8126 train 3.114120
8127 train 3.119777
8128 train 3.086342
8129 train 3.041406
8130 train 3.070620
8131 train 3.062814
8132 train 3.184983
8133 train 3.151788
8134 train 3.083769
8135 train 3.065937
8136 train 3.123034
8137 train 3.253658
8138 train 3.208998
8139 train 3.274523
8140 train 3.313927
8141 train 3.315028
8142 train 3.242711
8143 train 3.280676
8144 train 3.277413
8145 train 3.161088
8146 train 3.489145
8147 train 3.280315
8148 train 3.280185
8149 train 3.239603
8150 train 3.272230
8151 train 3.270496
8152 train 3.196970
8153 train 3.194369
8154 train 3.304475
8155 train 3.246541
8156 train 3.272300
8157 train 3.243041
8158 train 3.271281
8159 train 3.208649
8160 train 3.236394
8161 train 3.250695
8162 train 3.205958
8163 train 3.227618
8164 train 3.229890
8165 train 3.264349
8166 train 3.250365
8167 train 3.224679
8168 train 3.215603
8169 train 3.205642
8170 train 3.171341
8171 train 3.247436
8172 train 3.183357
8173 train 3.041770
8174 train 3.037772
8175 train 3.101995
8176 train 3.025238
8177 train 3.074510
8178 train 3.116309
8179 train 3.046857
8180 train 3.086443
8181 train 3.065804
8182 train 3.026187
8183 train 3.024870
8184 train 3.042935
8185 train 3.300608
8186 train 3.246622
8187 train 3.302587
8188 train 3.257063
8189 train 3.205035
8190 train 3.318344
8191 train 3.249803
8192 train 3.228230
8193 train 3.242355
8194 train 3.258608
8195 train 3.216437
8196 train 3.267833
8197 train 3.266174
8198 train 3.261085
8199 train 3.264793
8200 train 3.311199
8201 train 3.264552
8202 train 3.251812
8203 train 3.209704
8204 train 3.292714
8205 train 3.289868
8206 train 3.287838
8207 train 3.259969
8208 train 3.192685
8209 train 3.252621
8210 train 3.222827
8211 train 3.195329
8212 train 3.232697
8213 train 3.245602
8214 train 3.203898
8215 train 3.171285
8216 train 3.210215
8217 train 3.205595
8218 train 3.235288
8219 train 3.255355
8220 train 3.278029
8221 train 3.250474
8222 train 3.286757
8223 train 3.244138
8224 train 3.221269
8225 train 3.286067
8226 train 3.268610
8227 train 3.245965
8228 train 3.272082
8229 train 3.245145
8230 train 3.306010
8231 train 3.274344
8232 train 3.263421
8233 train 3.249543
8234 train 3.341170
8235 train 3.265472
8236 train 3.241506
8237 train 3.244144
8238 train 3.209139
8239 train 3.270867
8240 train 3.261311
8241 train 3.252461
8242 train 3.157964
8243 train 3.181836
8244 train 3.240356
8245 train 3.201240
8246 train 3.212778
8247 train 3.194549
8248 train 3.179933
8249 train 3.227189
8250 train 3.266645
8251 train 3.216202
8252 train 3.226357
8253 train 3.296604
8254 train 3.230141
8255 train 3.222772
8256 train 3.246496
8257 train 3.211714
8258 train 3.218368
8259 train 3.470379
8260 train 3.322034
8261 train 3.296749
8262 train 3.236664
8263 train 3.296382
8264 train 3.269693
8265 train 3.294963
8266 train 3.296641
8267 train 3.255138
8268 train 3.291916
8269 train 3.252041
8270 train 3.212537
8271 train 3.266650
8272 train 3.317393
8273 train 3.337953
8274 train 3.278042
8275 train 3.267203
8276 train 3.248693
8277 train 3.221455
8278 train 3.265038
8279 train 3.227009
8280 train 3.192534
8281 train 3.175668
8282 train 3.214530
8283 train 3.243154
8284 train 3.212592
8285 train 3.199625
8286 train 3.242452
8287 train 3.301598
8288 train 3.287572
8289 train 3.312419
8290 train 3.299789
8291 train 3.219033
8292 train 3.254326
8293 train 3.242990
8294 train 3.230689
8295 train 3.308911
8296 train 3.297866
8297 train 3.298173
8298 train 3.241184
8299 train 3.203322
8300 train 3.306778
8301 train 3.306663
8302 train 3.304134
8303 train 3.267473
8304 train 3.259264
8305 train 3.323381
8306 train 3.265124
8307 train 3.227351
8308 train 3.236934
8309 train 3.268857
8310 train 3.241025
8311 train 3.202800
8312 train 3.228961
8313 train 3.193361
8314 train 3.206252
8315 train 3.255786
8316 train 3.179127
8317 train 3.171276
8318 train 3.197523
8319 train 3.178538
8320 train 3.250060
8321 train 3.205895
8322 train 3.200092
8323 train 3.277968
8324 train 3.199854
8325 train 3.244893
8326 train 3.249772
8327 train 3.235234
8328 train 3.257704
8329 train 3.268532
8330 train 3.179811
8331 train 3.292040
8332 train 3.194343
8333 train 3.329715
8334 train 3.279773
8335 train 3.284734
8336 train 3.313556
8337 train 3.214821
8338 train 3.268359
8339 train 3.292950
8340 train 3.312505
8341 train 3.232740
8342 train 3.311213
8343 train 3.318810
8344 train 3.244035
8345 train 3.209626
8346 train 3.196010
8347 train 3.208991
8348 train 3.238698
8349 train 3.239497
8350 train 3.197812
8351 train 3.219988
8352 train 3.134398
8353 train 3.216631
8354 train 3.224231
8355 train 3.210886
8356 train 3.253529
8357 train 3.233289
8358 train 3.194629
8359 train 3.222776
8360 train 3.230888
8361 train 3.261948
8362 train 3.195444
8363 train 3.224281
8364 train 3.279535
8365 train 3.235234
8366 train 3.233586
8367 train 3.267972
8368 train 3.278999
8369 train 3.315940
8370 train 3.287832
8371 train 3.257239
8372 train 3.255718
8373 train 3.270289
8374 train 3.258683
8375 train 3.290904
8376 train 3.275015
8377 train 3.271883
8378 train 3.243412
8379 train 3.261008
8380 train 3.213639
8381 train 3.237477
8382 train 3.204140
8383 train 3.255447
8384 train 3.269012
8385 train 3.263721
8386 train 3.281163
8387 train 3.187419
8388 train 3.187310
8389 train 3.218798
8390 train 3.203789
8391 train 3.233747
8392 train 3.200215
8393 train 3.179671
8394 train 3.209381
8395 train 3.218510
8396 train 3.226096
8397 train 3.156048
8398 train 3.174357
8399 train 3.254889
8400 train 3.269881
8401 train 3.253380
8402 train 3.269811
8403 train 3.255291
8404 train 3.342456
8405 train 3.288149
8406 train 3.278465
8407 train 3.285195
8408 train 3.334019
8409 train 3.267052
8410 train 3.296767
8411 train 3.290848
8412 train 3.308008
8413 train 3.323136
8414 train 3.313964
8415 train 3.299332
8416 train 3.230089
8417 train 3.229704
8418 train 3.162896
8419 train 3.191855
8420 train 3.165709
8421 train 3.329061
8422 train 3.214752
8423 train 3.276426
8424 train 3.213798
8425 train 3.216784
8426 train 3.171279
8427 train 3.243127
8428 train 3.192985
8429 train 3.220203
8430 train 3.263596
8431 train 3.301136
8432 train 3.173201
8433 train 3.174639
8434 train 3.239188
8435 train 3.205783
8436 train 3.305369
8437 train 3.179282
8438 train 3.211061
8439 train 3.255933
8440 train 3.261519
8441 train 3.281634
8442 train 3.261903
8443 train 3.286483
8444 train 3.291286
8445 train 3.263319
8446 train 3.237559
8447 train 3.248405
8448 train 3.226019
8449 train 3.331916
8450 train 3.270863
8451 train 3.236490
8452 train 3.245084
8453 train 3.243851
8454 train 3.264298
8455 train 3.174503
8456 train 3.201333
8457 train 3.262444
8458 train 3.191135
8459 train 3.204890
8460 train 3.223877
8461 train 3.127502
8462 train 3.205155
8463 train 3.223444
8464 train 3.249233
8465 train 3.252125
8466 train 3.300288
8467 train 3.231192
8468 train 3.280809
8469 train 3.234659
8470 train 3.313468
8471 train 3.274283
8472 train 3.258447
8473 train 3.228258
8474 train 3.273854
8475 train 3.291066
8476 train 3.274457
8477 train 3.283337
8478 train 3.291781
8479 train 3.292093
8480 train 3.303974
8481 train 3.306548
8482 train 3.289180
8483 train 3.289390
8484 train 3.279408
8485 train 3.312944
8486 train 3.254088
8487 train 3.175428
8488 train 3.215022
8489 train 3.250955
8490 train 3.226343
8491 train 3.213173
8492 train 3.178175
8493 train 3.237451
8494 train 3.133347
8495 train 3.254320
8496 train 3.190012
8497 train 3.187601
8498 train 3.235415
8499 train 3.243303
8500 train 3.247600
8501 train 3.172522
8502 train 3.289571
8503 train 3.220452
8504 train 3.225333
8505 train 3.246794
8506 train 3.187238
8507 train 3.224189
8508 train 3.261216
8509 train 3.234460
8510 train 3.258248
8511 train 3.249219
8512 train 3.318244
8513 train 3.270702
8514 train 3.291839
8515 train 3.250135
8516 train 3.282192
8517 train 3.215808
8518 train 3.325276
8519 train 3.238817
8520 train 3.288171
8521 train 3.238532
8522 train 3.141579
8523 train 3.192181
8524 train 3.192796
8525 train 3.180588
8526 train 3.206841
8527 train 3.162343
8528 train 3.221510
8529 train 3.263204
8530 train 3.219500
8531 train 3.214192
8532 train 3.209006
8533 train 3.220589
8534 train 3.209646
8535 train 3.272954
8536 train 3.326870
8537 train 3.219446
8538 train 3.211364
8539 train 3.279560
8540 train 3.210228
8541 train 3.242060
8542 train 3.265477
8543 train 3.149160
8544 train 3.260292
8545 train 3.292504
8546 train 3.318195
8547 train 3.304664
8548 train 3.297415
8549 train 3.316524
8550 train 3.293254
8551 train 3.287306
8552 train 3.291499
8553 train 3.300955
8554 train 3.269079
8555 train 3.192540
8556 train 3.263867
8557 train 3.289410
8558 train 3.180233
8559 train 3.153955
8560 train 3.271335
8561 train 3.173495
8562 train 3.237143
8563 train 3.201711
8564 train 3.222445
8565 train 3.223393
8566 train 3.225882
8567 train 3.242360
8568 train 3.215173
8569 train 3.227273
8570 train 3.272000
8571 train 3.199199
8572 train 3.265443
8573 train 3.220932
8574 train 3.302228
8575 train 3.207153
8576 train 3.242410
8577 train 3.237736
8578 train 3.266546
8579 train 3.280278
8580 train 3.278594
8581 train 3.281894
8582 train 3.312335
8583 train 3.242687
8584 train 3.279286
8585 train 3.249308
8586 train 3.279918
8587 train 3.258884
8588 train 3.245799
8589 train 3.233667
8590 train 3.163563
8591 train 3.174945
8592 train 3.225250
8593 train 3.152808
8594 train 3.178025
8595 train 3.176749
8596 train 3.165970
8597 train 3.218760
8598 train 3.187953
8599 train 3.241148
8600 train 3.260697
8601 train 3.241567
8602 train 3.237677
8603 train 3.222621
8604 train 3.234528
8605 train 3.289823
8606 train 3.197137
8607 train 3.220460
8608 train 3.212861
8609 train 3.220984
8610 train 3.233857
8611 train 3.249647
8612 train 3.234355
8613 train 3.142059
8614 train 3.280883
8615 train 3.234706
8616 train 3.255151
8617 train 3.268294
8618 train 3.298012
8619 train 3.250227
8620 train 3.253412
8621 train 3.265727
8622 train 3.265499
8623 train 3.286010
8624 train 3.244609
8625 train 3.234928
8626 train 3.172741
8627 train 3.107244
8628 train 3.193539
8629 train 3.224435
8630 train 3.234032
8631 train 3.247407
8632 train 3.236322
8633 train 3.137507
8634 train 3.219493
8635 train 3.191764
8636 train 3.180673
8637 train 3.260991
8638 train 3.182588
8639 train 3.197166
8640 train 3.231153
8641 train 3.181242
8642 train 3.239162
8643 train 3.217346
8644 train 3.210273
8645 train 3.241760
8646 train 3.185870
8647 train 3.240160
8648 train 3.266780
8649 train 3.263693
8650 train 3.250125
8651 train 3.278258
8652 train 3.199507
8653 train 3.297104
8654 train 3.216509
8655 train 3.287852
8656 train 3.214282
8657 train 3.329849
8658 train 3.203802
8659 train 3.241769
8660 train 3.205300
8661 train 3.280196
8662 train 3.199538
8663 train 3.209147
8664 train 3.328500
8665 train 3.172652
8666 train 3.184280
8667 train 3.250823
8668 train 3.182120
8669 train 3.196536
8670 train 3.193919
8671 train 3.160666
8672 train 3.248755
8673 train 3.207480
8674 train 3.225924
8675 train 3.242894
8676 train 3.229308
8677 train 3.199662
8678 train 3.370785
8679 train 3.193577
8680 train 3.241841
8681 train 3.241496
8682 train 3.260174
8683 train 3.268411
8684 train 3.245148
8685 train 3.362961
8686 train 3.227694
8687 train 3.262311
8688 train 3.275383
8689 train 3.219197
8690 train 3.240923
8691 train 3.259241
8692 train 3.244793
8693 train 3.308549
8694 train 3.232710
8695 train 3.204739
8696 train 3.204357
8697 train 3.193865
8698 train 3.235307
8699 train 3.219904
8700 train 3.226421
8701 train 3.220257
8702 train 3.224883
8703 train 3.188223
8704 train 3.225794
8705 train 3.236343
8706 train 3.193786
8707 train 3.174800
8708 train 3.199255
8709 train 3.209591
8710 train 3.317847
8711 train 3.246513
8712 train 3.294828
8713 train 3.251319
8714 train 3.239794
8715 train 3.233629
8716 train 3.225569
8717 train 3.184412
8718 train 3.230498
8719 train 3.253568
8720 train 3.213376
8721 train 3.252733
8722 train 3.336796
8723 train 3.302866
8724 train 3.236395
8725 train 3.260746
8726 train 3.265020
8727 train 3.303028
8728 train 3.258977
8729 train 3.185566
8730 train 3.197327
8731 train 3.178025
8732 train 3.187428
8733 train 3.163314
8734 train 3.225781
8735 train 3.153001
8736 train 3.190721
8737 train 3.257390
8738 train 3.205459
8739 train 3.227102
8740 train 3.183552
8741 train 3.175778
8742 train 3.232325
8743 train 3.227397
8744 train 3.300988
8745 train 3.219698
8746 train 3.254195
8747 train 3.219823
8748 train 3.228060
8749 train 3.240678
8750 train 3.247731
8751 train 3.235122
8752 train 3.240156
8753 train 3.326279
8754 train 3.280522
8755 train 3.232200
8756 train 3.241437
8757 train 3.241851
8758 train 3.271117
8759 train 3.223509
8760 train 3.273998
8761 train 3.297763
8762 train 3.346269
8763 train 3.247036
8764 train 3.253339
8765 train 3.190544
8766 train 3.185856
8767 train 3.205017
8768 train 3.186518
8769 train 3.169911
8770 train 3.229727
8771 train 3.208903
8772 train 3.222348
8773 train 3.093518
8774 train 3.091909
8775 train 3.009214
8776 train 3.116911
8777 train 3.037406
8778 train 3.040206
8779 train 3.330785
8780 train 3.295630
8781 train 3.303801
8782 train 3.306564
8783 train 3.241659
8784 train 3.238973
8785 train 3.272881
8786 train 3.226965
8787 train 3.297339
8788 train 3.289037
8789 train 3.309759
8790 train 3.284480
8791 train 3.253102
8792 train 3.212021
8793 train 3.212840
8794 train 3.217538
8795 train 3.182395
8796 train 3.196224
8797 train 3.219945
8798 train 3.211495
8799 train 3.258736
8800 train 3.257962
8801 train 3.271627
8802 train 3.195710
8803 train 3.205593
8804 train 3.219804
8805 train 3.228623
8806 train 3.228893
8807 train 3.243260
8808 train 3.158942
8809 train 3.185282
8810 train 3.215180
8811 train 3.254446
8812 train 3.239096
8813 train 3.151535
8814 train 3.065209
8815 train 3.088769
8816 train 3.026944
8817 train 3.045439
8818 train 3.077232
8819 train 3.065502
8820 train 3.029807
8821 train 3.108352
8822 train 3.091537
8823 train 3.030116
8824 train 2.990516
8825 train 3.191461
8826 train 3.270871
8827 train 3.249847
8828 train 3.199512
8829 train 3.295265
8830 train 3.245359
8831 train 3.266896
8832 train 3.284509
8833 train 3.228591
8834 train 3.215245
8835 train 3.270465
8836 train 3.202463
8837 train 3.202802
8838 train 3.175849
8839 train 3.183422
8840 train 3.182755
8841 train 3.242005
8842 train 3.162968
8843 train 3.234001
8844 train 3.219525
8845 train 3.279632
8846 train 3.231273
8847 train 3.249006
8848 train 3.191260
8849 train 3.159580
8850 train 3.237605
8851 train 3.168531
8852 train 3.200246
8853 train 3.241997
8854 train 3.246680
8855 train 3.186694
8856 train 3.192527
8857 train 3.201233
8858 train 3.221921
8859 train 3.188542
8860 train 3.191966
8861 train 3.043308
8862 train 3.078604
8863 train 3.088774
8864 train 3.005658
8865 train 3.108920
8866 train 3.096886
8867 train 3.058546
8868 train 3.085987
8869 train 3.094690
8870 train 3.041113
8871 train 3.042142
8872 train 3.106803
8873 train 3.247259
8874 train 3.335172
8875 train 3.269166
8876 train 3.255505
8877 train 3.215123
8878 train 3.268357
8879 train 3.265110
8880 train 3.219187
8881 train 3.286748
8882 train 3.297478
8883 train 3.231618
8884 train 3.250763
8885 train 3.246368
8886 train 3.240491
8887 train 3.240547
8888 train 3.255844
8889 train 3.284423
8890 train 3.215151
8891 train 3.285822
8892 train 3.257431
8893 train 3.184398
8894 train 3.240828
8895 train 3.237522
8896 train 3.174293
8897 train 3.193554
8898 train 3.219162
8899 train 3.229765
8900 train 3.225629
8901 train 3.178557
8902 train 3.250980
8903 train 3.149837
8904 train 3.154457
8905 train 3.173200
8906 train 3.172856
8907 train 3.153234
8908 train 3.026732
8909 train 3.089897
8910 train 3.043232
8911 train 3.066845
8912 train 3.084927
8913 train 3.020155
8914 train 3.100326
8915 train 3.076888
8916 train 3.045396
8917 train 3.029677
8918 train 3.057878
8919 train 3.119444
8920 train 3.231437
8921 train 3.229840
8922 train 3.298635
8923 train 3.254238
8924 train 3.195694
8925 train 3.239409
8926 train 3.254214
8927 train 3.264548
8928 train 3.263515
8929 train 3.256028
8930 train 3.232394
8931 train 3.201706
8932 train 3.273489
8933 train 3.238538
8934 train 3.267676
8935 train 3.241713
8936 train 3.230000
8937 train 3.182928
8938 train 3.277448
8939 train 3.284528
8940 train 3.202220
8941 train 3.260070
8942 train 3.270922
8943 train 3.205729
8944 train 3.176098
8945 train 3.208694
8946 train 3.240567
8947 train 3.221204
8948 train 3.238157
8949 train 3.230853
8950 train 3.197433
8951 train 3.144591
8952 train 3.208183
8953 train 3.166999
8954 train 3.142924
8955 train 3.125556
8956 train 3.027036
8957 train 3.093351
8958 train 3.049609
8959 train 3.046720
8960 train 3.007744
8961 train 3.090485
8962 train 3.030037
8963 train 3.126756
8964 train 3.285243
8965 train 3.213764
8966 train 3.288692
8967 train 3.341374
8968 train 3.243658
8969 train 3.213368
8970 train 3.190128
8971 train 3.206280
8972 train 3.229123
8973 train 3.194572
8974 train 3.213284
8975 train 3.225030
8976 train 3.183998
8977 train 3.144660
8978 train 3.307703
8979 train 3.203711
8980 train 3.207784
8981 train 3.234070
8982 train 3.164492
8983 train 3.203589
8984 train 3.177598
8985 train 3.183077
8986 train 3.202730
8987 train 3.173813
8988 train 3.216647
8989 train 3.210954
8990 train 3.136685
8991 train 3.227693
8992 train 3.150388
8993 train 3.274017
8994 train 3.249828
8995 train 3.188977
8996 train 3.259737
8997 train 3.234270
8998 train 3.262808
8999 train 3.218613
9000 train 3.277864
9001 train 3.251785
9002 train 3.243389
9003 train 3.234411
9004 train 3.213957
9005 train 3.232514
9006 train 3.146736
9007 train 3.175614
9008 train 3.204872
9009 train 3.193125
9010 train 3.208886
9011 train 3.228479
9012 train 3.190152
9013 train 3.157818
9014 train 3.207304
9015 train 3.189599
9016 train 3.180428
9017 train 3.203856
9018 train 3.173097
9019 train 3.163254
9020 train 3.162422
9021 train 3.191879
9022 train 3.168422
9023 train 3.230096
9024 train 3.164975
9025 train 3.166246
9026 train 3.157014
9027 train 3.156085
9028 train 3.245576
9029 train 3.254973
9030 train 3.264831
9031 train 3.220482
9032 train 3.293340
9033 train 3.314373
9034 train 3.208393
9035 train 3.203612
9036 train 3.212259
9037 train 3.237437
9038 train 3.197998
9039 train 3.168136
9040 train 3.263185
9041 train 3.202166
9042 train 3.178010
9043 train 3.203281
9044 train 3.205065
9045 train 3.215518
9046 train 3.176191
9047 train 3.221610
9048 train 3.174786
9049 train 3.236033
9050 train 3.201627
9051 train 3.203563
9052 train 3.162949
9053 train 3.182329
9054 train 3.086525
9055 train 3.203974
9056 train 3.211421
9057 train 3.199454
9058 train 3.133884
9059 train 3.148182
9060 train 3.181918
9061 train 3.202506
9062 train 3.244934
9063 train 3.217598
9064 train 3.303545
9065 train 3.261283
9066 train 3.280105
9067 train 3.219257
9068 train 3.242715
9069 train 3.207305
9070 train 3.213456
9071 train 3.280318
9072 train 3.147352
9073 train 3.267185
9074 train 3.205457
9075 train 3.221377
9076 train 3.179864
9077 train 3.164451
9078 train 3.207463
9079 train 3.201383
9080 train 3.212607
9081 train 3.191582
9082 train 3.176534
9083 train 3.123989
9084 train 3.177239
9085 train 3.183497
9086 train 3.125982
9087 train 3.121906
9088 train 3.165483
9089 train 3.117226
9090 train 3.173628
9091 train 3.187172
9092 train 3.155985
9093 train 3.120726
9094 train 3.154933
9095 train 3.161866
9096 train 3.182026
9097 train 3.199815
9098 train 3.249827
9099 train 3.295087
9100 train 3.250861
9101 train 3.297352
9102 train 3.200570
9103 train 3.221715
9104 train 3.268924
9105 train 3.194122
9106 train 3.266868
9107 train 3.293435
9108 train 3.171814
9109 train 3.184537
9110 train 3.194143
9111 train 3.218258
9112 train 3.215008
9113 train 3.194503
9114 train 3.195596
9115 train 3.198569
9116 train 3.158961
9117 train 3.182545
9118 train 3.232925
9119 train 3.202110
9120 train 3.204978
9121 train 3.283830
9122 train 3.142646
9123 train 3.152955
9124 train 3.132778
9125 train 3.154673
9126 train 3.152108
9127 train 3.142392
9128 train 3.137625
9129 train 3.201111
9130 train 3.204972
9131 train 3.141080
9132 train 3.276900
9133 train 3.197418
9134 train 3.277083
9135 train 3.279539
9136 train 3.192321
9137 train 3.183280
9138 train 3.281291
9139 train 3.238768
9140 train 3.287478
9141 train 3.275185
9142 train 3.234926
9143 train 3.219372
9144 train 3.268557
9145 train 3.229669
9146 train 3.204702
9147 train 3.230788
9148 train 3.173269
9149 train 3.212346
9150 train 3.218643
9151 train 3.209616
9152 train 3.176766
9153 train 3.211962
9154 train 3.195504
9155 train 3.253933
9156 train 3.266019
9157 train 3.262607
9158 train 3.315573
9159 train 3.272166
9160 train 3.221318
9161 train 3.181534
9162 train 3.243827
9163 train 3.240500
9164 train 3.234049
9165 train 3.236140
9166 train 3.272747
9167 train 3.213588
9168 train 3.302300
9169 train 3.298045
9170 train 3.275549
9171 train 3.251714
9172 train 3.272096
9173 train 3.232188
9174 train 3.271847
9175 train 3.266436
9176 train 3.241105
9177 train 3.201494
9178 train 3.196165
9179 train 3.190856
9180 train 3.197048
9181 train 3.263165
9182 train 3.214028
9183 train 3.221086
9184 train 3.264890
9185 train 3.202278
9186 train 3.341513
9187 train 3.286497
9188 train 3.284684
9189 train 3.284513
9190 train 3.244710
9191 train 3.210750
9192 train 3.272563
9193 train 3.319258
9194 train 3.229820
9195 train 3.239806
9196 train 3.221150
9197 train 3.197785
9198 train 3.237291
9199 train 3.250875
9200 train 3.306714
9201 train 3.290360
9202 train 3.252609
9203 train 3.244993
9204 train 3.214868
9205 train 3.266808
9206 train 3.231461
9207 train 3.281292
9208 train 3.293664
9209 train 3.223275
9210 train 3.230714
9211 train 3.183154
9212 train 3.253414
9213 train 3.233023
9214 train 3.209375
9215 train 3.231939
9216 train 3.197500
9217 train 3.153422
9218 train 3.251502
9219 train 3.233138
9220 train 3.217384
9221 train 3.202056
9222 train 3.226024
9223 train 3.246299
9224 train 3.212429
9225 train 3.234994
9226 train 3.243312
9227 train 3.198741
9228 train 3.250128
9229 train 3.320951
9230 train 3.287064
9231 train 3.312919
9232 train 3.321664
9233 train 3.270819
9234 train 3.228432
9235 train 3.207660
9236 train 3.274996
9237 train 3.240958
9238 train 3.218451
9239 train 3.321488
9240 train 3.234089
9241 train 3.242479
9242 train 3.217477
9243 train 3.244818
9244 train 3.309994
9245 train 3.178890
9246 train 3.251653
9247 train 3.185853
9248 train 3.212587
9249 train 3.246305
9250 train 3.309385
9251 train 3.192305
9252 train 3.223713
9253 train 3.194110
9254 train 3.220138
9255 train 3.282810
9256 train 3.226083
9257 train 3.208089
9258 train 3.170809
9259 train 3.200354
9260 train 3.188078
9261 train 3.185478
9262 train 3.215355
9263 train 3.177416
9264 train 3.236054
9265 train 3.217208
9266 train 3.220521
9267 train 3.226642
9268 train 3.268885
9269 train 3.247147
9270 train 3.261941
9271 train 3.269043
9272 train 3.315284
9273 train 3.226897
9274 train 3.280321
9275 train 3.299730
9276 train 3.312587
9277 train 3.266245
9278 train 3.181123
9279 train 3.180975
9280 train 3.212161
9281 train 3.296664
9282 train 3.241386
9283 train 3.249038
9284 train 3.278784
9285 train 3.189460
9286 train 3.226993
9287 train 3.267639
9288 train 3.225463
9289 train 3.222365
9290 train 3.205900
9291 train 3.222918
9292 train 3.241791
9293 train 3.262965
9294 train 3.196473
9295 train 3.286898
9296 train 3.212780
9297 train 3.247255
9298 train 3.207463
9299 train 3.218032
9300 train 3.208796
9301 train 3.274661
9302 train 3.297490
9303 train 3.278112
9304 train 3.181044
9305 train 3.186265
9306 train 3.245828
9307 train 3.264262
9308 train 3.203332
9309 train 3.234952
9310 train 3.258955
9311 train 3.279384
9312 train 3.206945
9313 train 3.175920
9314 train 3.264787
9315 train 3.239393
9316 train 3.226858
9317 train 3.206394
9318 train 3.200491
9319 train 3.222593
9320 train 3.223377
9321 train 3.221864
9322 train 3.210304
9323 train 3.210684
9324 train 3.241355
9325 train 3.274262
9326 train 3.176307
9327 train 3.197428
9328 train 3.226931
9329 train 3.214092
9330 train 3.212268
9331 train 3.207549
9332 train 3.236610
9333 train 3.278193
9334 train 3.202777
9335 train 3.272719
9336 train 3.206744
9337 train 3.244355
9338 train 3.216551
9339 train 3.242763
9340 train 3.223981
9341 train 3.251521
9342 train 3.197201
9343 train 3.312529
9344 train 3.239851
9345 train 3.205737
9346 train 3.231907
9347 train 3.142615
9348 train 3.197438
9349 train 3.208410
9350 train 3.269920
9351 train 3.181681
9352 train 3.175052
9353 train 3.184074
9354 train 3.324231
9355 train 3.173069
9356 train 3.249036
9357 train 3.203687
9358 train 3.218335
9359 train 3.240811
9360 train 3.238113
9361 train 3.346550
9362 train 3.222761
9363 train 3.235972
9364 train 3.255814
9365 train 3.262501
9366 train 3.251999
9367 train 3.213830
9368 train 3.223870
9369 train 3.262945
9370 train 3.267078
9371 train 3.206448
9372 train 3.171715
9373 train 3.231428
9374 train 3.187860
9375 train 3.217505
9376 train 3.265230
9377 train 3.176340
9378 train 3.158964
9379 train 3.254740
9380 train 3.244268
9381 train 3.200973
9382 train 3.204199
9383 train 3.207508
9384 train 3.213624
9385 train 3.214247
9386 train 3.260799
9387 train 3.245220
9388 train 3.242840
9389 train 3.214029
9390 train 3.230386
9391 train 3.219107
9392 train 3.221051
9393 train 3.184738
9394 train 3.290962
9395 train 3.242563
9396 train 3.350255
9397 train 3.314627
9398 train 3.341317
9399 train 3.288411
9400 train 3.288126
9401 train 3.257222
9402 train 3.215370
9403 train 3.226026
9404 train 3.194227
9405 train 3.262571
9406 train 3.265450
9407 train 3.254402
9408 train 3.212315
9409 train 3.157583
9410 train 3.199445
9411 train 3.235476
9412 train 3.181013
9413 train 3.186940
9414 train 3.172785
9415 train 3.246104
9416 train 3.172248
9417 train 3.282659
9418 train 3.215909
9419 train 3.238874
9420 train 3.288560
9421 train 3.204256
9422 train 3.253788
9423 train 3.243190
9424 train 3.262869
9425 train 3.193170
9426 train 3.206582
9427 train 3.223336
9428 train 3.190912
9429 train 3.304284
9430 train 3.246173
9431 train 3.262471
9432 train 3.246816
9433 train 3.263214
9434 train 3.222786
9435 train 3.299561
9436 train 3.229338
9437 train 3.220006
9438 train 3.187975
9439 train 3.237440
9440 train 3.293519
9441 train 3.194456
9442 train 3.205001
9443 train 3.218546
9444 train 3.190201
9445 train 3.166683
9446 train 3.212419
9447 train 3.190402
9448 train 3.252211
9449 train 3.211458
9450 train 3.160033
9451 train 3.165615
9452 train 3.215306
9453 train 3.279798
9454 train 3.312028
9455 train 3.198581
9456 train 3.161645
9457 train 3.212643
9458 train 3.228997
9459 train 3.177238
9460 train 3.190116
9461 train 3.243845
9462 train 3.283233
9463 train 3.272888
9464 train 3.317851
9465 train 3.228124
9466 train 3.257597
9467 train 3.286698
9468 train 3.226766
9469 train 3.197065
9470 train 3.266695
9471 train 3.328059
9472 train 3.267394
9473 train 3.195014
9474 train 3.262079
9475 train 3.295864
9476 train 3.297160
9477 train 3.290974
9478 train 3.235624
9479 train 3.206909
9480 train 3.250196
9481 train 3.213124
9482 train 3.189518
9483 train 3.270056
9484 train 3.205240
9485 train 3.177252
9486 train 3.226084
9487 train 3.261412
9488 train 3.195570
9489 train 3.198901
9490 train 3.213097
9491 train 3.203545
9492 train 3.216530
9493 train 3.207860
9494 train 3.284197
9495 train 3.266905
9496 train 3.252646
9497 train 3.187586
9498 train 3.166587
9499 train 3.279966
9500 train 3.263766
9501 train 3.197314
9502 train 3.338912
9503 train 3.272943
9504 train 3.285308
9505 train 3.202596
9506 train 3.225510
9507 train 3.283387
9508 train 3.269099
9509 train 3.271396
9510 train 3.277987
9511 train 3.303729
9512 train 3.239201
9513 train 3.230264
9514 train 3.198902
9515 train 3.221408
9516 train 3.198009
9517 train 3.201556
9518 train 3.201814
9519 train 3.280324
9520 train 3.210668
9521 train 3.209960
9522 train 3.226660
9523 train 3.186600
9524 train 3.220117
9525 train 3.206941
9526 train 3.247436
9527 train 3.249625
9528 train 3.217255
9529 train 3.223431
9530 train 3.234605
9531 train 3.245245
9532 train 3.191756
9533 train 3.260469
9534 train 3.218069
9535 train 3.211401
9536 train 3.251290
9537 train 3.196856
9538 train 3.267334
9539 train 3.181178
9540 train 3.174029
9541 train 3.243437
9542 train 3.179930
9543 train 3.254166
9544 train 3.247775
9545 train 3.235630
9546 train 3.220344
9547 train 3.223725
9548 train 3.206538
9549 train 3.206752
9550 train 3.241102
9551 train 3.219547
9552 train 3.237128
9553 train 3.215201
9554 train 3.176800
9555 train 3.213622
9556 train 3.269566
9557 train 3.216542
9558 train 3.216803
9559 train 3.241183
9560 train 3.177128
9561 train 3.225960
9562 train 3.213847
9563 train 3.191312
9564 train 3.197945
9565 train 3.223188
9566 train 3.183778
9567 train 3.258950
9568 train 3.176224
9569 train 3.225803
9570 train 3.241511
9571 train 3.182140
9572 train 3.243681
9573 train 3.241231
9574 train 3.224989
9575 train 3.253338
9576 train 3.199828
9577 train 3.226894
9578 train 3.229460
9579 train 3.202952
9580 train 3.215136
9581 train 3.197180
9582 train 3.255056
9583 train 3.169773
9584 train 3.202753
9585 train 3.203620
9586 train 3.182575
9587 train 3.186099
9588 train 3.198477
9589 train 3.156361
9590 train 3.111739
9591 train 3.188332
9592 train 3.171037
9593 train 3.160253
9594 train 3.192661
9595 train 3.199738
9596 train 3.137363
9597 train 3.228978
9598 train 3.162696
9599 train 3.213302
9600 train 3.163294
9601 train 3.162045
9602 train 3.149270
9603 train 3.196069
9604 train 3.203225
9605 train 3.233974
9606 train 3.183779
9607 train 3.243904
9608 train 3.305872
9609 train 3.232841
9610 train 3.210911
9611 train 3.227147
9612 train 3.279979
9613 train 3.281258
9614 train 3.229867
9615 train 3.198080
9616 train 3.191453
9617 train 3.210237
9618 train 3.245507
9619 train 3.318038
9620 train 3.204959
9621 train 3.211961
9622 train 3.200337
9623 train 3.222062
9624 train 3.228488
9625 train 3.227188
9626 train 3.255876
9627 train 3.147058
9628 train 3.193790
9629 train 3.182870
9630 train 3.109549
9631 train 3.212437
9632 train 3.170218
9633 train 3.195973
9634 train 3.147827
9635 train 3.157403
9636 train 3.180584
9637 train 3.184067
9638 train 3.208121
9639 train 3.161224
9640 train 3.256658
9641 train 3.215050
9642 train 3.318726
9643 train 3.350374
9644 train 3.249721
9645 train 3.249630
9646 train 3.264543
9647 train 3.281274
9648 train 3.257745
9649 train 3.260128
9650 train 3.168410
9651 train 3.223030
9652 train 3.225136
9653 train 3.233577
9654 train 3.274312
9655 train 3.285398
9656 train 3.171546
9657 train 3.225315
9658 train 3.239376
9659 train 3.244353
9660 train 3.166145
9661 train 3.232170
9662 train 3.199235
9663 train 3.226954
9664 train 3.148101
9665 train 3.194142
9666 train 3.172729
9667 train 3.181623
9668 train 3.217385
9669 train 3.148613
9670 train 3.209831
9671 train 3.143747
9672 train 3.151863
9673 train 3.141469
9674 train 3.154001
9675 train 3.159802
9676 train 3.209861
9677 train 3.169730
9678 train 3.218945
9679 train 3.184453
9680 train 3.191278
9681 train 3.256250
9682 train 3.271072
9683 train 3.202421
9684 train 3.218578
9685 train 3.224012
9686 train 3.221233
9687 train 3.206459
9688 train 3.242449
9689 train 3.271083
9690 train 3.222153
9691 train 3.256426
9692 train 3.201217
9693 train 3.222535
9694 train 3.173421
9695 train 3.209245
9696 train 3.238958
9697 train 3.182168
9698 train 3.161745
9699 train 3.181210
9700 train 3.194903
9701 train 3.181112
9702 train 3.142810
9703 train 3.174634
9704 train 3.196463
9705 train 3.194247
9706 train 3.178401
9707 train 3.142394
9708 train 3.204768
9709 train 3.262144
9710 train 3.175856
9711 train 3.180344
9712 train 3.222966
9713 train 3.201399
9714 train 3.230539
9715 train 3.155538
9716 train 3.398838
9717 train 3.194249
9718 train 3.158909
9719 train 3.183442
9720 train 3.247849
9721 train 3.205696
9722 train 3.179465
9723 train 3.195559
9724 train 3.265072
9725 train 3.198433
9726 train 3.232067
9727 train 3.241092
9728 train 3.244598
9729 train 3.224442
9730 train 3.178696
9731 train 3.167105
9732 train 3.204340
9733 train 3.202109
9734 train 3.184576
9735 train 3.172548
9736 train 3.212441
9737 train 3.158182
9738 train 3.189007
9739 train 3.176514
9740 train 3.219069
9741 train 3.253683
9742 train 3.231767
9743 train 3.225760
9744 train 3.168262
9745 train 3.236343
9746 train 3.297054
9747 train 3.216125
9748 train 3.331548
9749 train 3.226416
9750 train 3.231448
9751 train 3.219796
9752 train 3.233878
9753 train 3.244964
9754 train 3.195488
9755 train 3.248585
9756 train 3.205583
9757 train 3.219375
9758 train 3.192300
9759 train 3.227434
9760 train 3.249352
9761 train 3.206804
9762 train 3.232347
9763 train 3.253458
9764 train 3.203050
9765 train 3.172024
9766 train 3.211004
9767 train 3.162494
9768 train 3.178972
9769 train 3.231534
9770 train 3.164778
9771 train 3.185072
9772 train 3.210531
9773 train 3.129213
9774 train 3.179797
9775 train 3.184107
9776 train 3.224620
9777 train 3.239077
9778 train 3.196515
9779 train 3.312470
9780 train 3.221587
9781 train 3.250268
9782 train 3.198678
9783 train 3.216564
9784 train 3.231800
9785 train 3.227160
9786 train 3.328738
9787 train 3.281998
9788 train 3.224323
9789 train 3.148809
9790 train 3.191552
9791 train 3.245872
9792 train 3.215192
9793 train 3.221364
9794 train 3.238680
9795 train 3.212194
9796 train 3.203566
9797 train 3.287179
9798 train 3.235586
9799 train 3.182509
9800 train 3.244670
9801 train 3.184372
9802 train 3.134439
9803 train 3.191047
9804 train 3.180852
9805 train 3.182806
9806 train 3.249076
9807 train 3.184926
9808 train 3.180731
9809 train 3.221923
9810 train 3.240531
9811 train 3.187734
9812 train 3.188255
9813 train 3.172169
9814 train 3.237110
9815 train 3.142241
9816 train 3.170053
9817 train 3.204488
9818 train 3.195411
9819 train 3.220587
9820 train 3.190000
9821 train 3.193084
9822 train 3.158647
9823 train 3.179051
9824 train 3.247100
9825 train 3.266591
9826 train 3.178261
9827 train 3.193045
9828 train 3.231917
9829 train 3.248648
9830 train 3.180008
9831 train 3.250920
9832 train 3.265204
9833 train 3.219195
9834 train 3.263899
9835 train 3.184720
9836 train 3.177718
9837 train 3.191369
9838 train 3.216153
9839 train 3.169228
9840 train 3.169189
9841 train 3.189711
9842 train 3.151923
9843 train 3.171375
9844 train 3.154390
9845 train 3.191592
9846 train 3.187141
9847 train 3.181569
9848 train 3.219519
9849 train 3.202621
9850 train 3.201942
9851 train 3.264935
9852 train 3.227036
9853 train 3.240202
9854 train 3.217113
9855 train 3.213241
9856 train 3.223936
9857 train 3.213175
9858 train 3.163125
9859 train 3.248873
9860 train 3.278337
9861 train 3.253953
9862 train 3.234904
9863 train 3.236071
9864 train 3.201205
9865 train 3.252087
9866 train 3.238870
9867 train 3.195290
9868 train 3.236130
9869 train 3.208871
9870 train 3.169262
9871 train 3.186080
9872 train 3.171053
9873 train 3.231494
9874 train 3.237310
9875 train 3.156774
9876 train 3.231012
9877 train 3.194668
9878 train 3.200809
9879 train 3.167509
9880 train 3.141706
9881 train 3.153917
9882 train 3.158765
9883 train 3.238329
9884 train 3.227884
9885 train 3.162307
9886 train 3.228272
9887 train 3.210227
9888 train 3.177358
9889 train 3.253189
9890 train 3.195068
9891 train 3.166696
9892 train 3.220225
9893 train 3.214032
9894 train 3.264417
9895 train 3.304653
9896 train 3.240131
9897 train 3.249291
9898 train 3.249722
9899 train 3.241461
9900 train 3.221500
9901 train 3.227344
9902 train 3.245332
9903 train 3.168746
9904 train 3.198312
9905 train 3.218108
9906 train 3.167040
9907 train 3.226031
9908 train 3.078688
9909 train 3.186628
9910 train 3.171382
9911 train 3.215785
9912 train 3.187358
9913 train 3.201092
9914 train 3.150263
9915 train 3.210812
9916 train 3.163999
9917 train 3.228307
9918 train 3.229269
9919 train 3.179050
9920 train 3.193683
9921 train 3.236734
9922 train 3.264844
9923 train 3.183594
9924 train 3.197290
9925 train 3.182218
9926 train 3.208876
9927 train 3.157278
9928 train 3.225411
9929 train 3.187874
9930 train 3.188514
9931 train 3.150368
9932 train 3.139745
9933 train 3.192213
9934 train 3.167737
9935 train 3.170820
9936 train 3.189999
9937 train 3.126561
9938 train 3.179266
9939 train 3.103075
9940 train 3.192809
9941 train 3.178530
9942 train 3.163926
9943 train 3.224444
9944 train 3.141248
9945 train 3.206790
9946 train 3.161262
9947 train 3.180197
9948 train 3.171123
9949 train 3.178643
9950 train 3.257839
9951 train 3.282135
9952 train 3.232845
9953 train 3.168445
9954 train 3.216286
9955 train 3.228718
9956 train 3.190949
9957 train 3.170204
9958 train 3.211318
9959 train 3.184195
9960 train 3.225124
9961 train 3.209318
9962 train 3.202044
9963 train 3.174381
9964 train 3.250125
9965 train 3.203265
9966 train 3.164252
9967 train 3.190940
9968 train 3.205216
9969 train 3.190801
9970 train 3.163331
9971 train 3.107395
9972 train 3.154361
9973 train 3.139807
9974 train 3.162740
9975 train 3.109515
9976 train 3.164653
9977 train 3.109162
9978 train 3.135835
9979 train 3.116130
9980 train 3.175906
9981 train 3.132778
9982 train 3.135968
9983 train 3.205773
9984 train 3.176430
9985 train 3.228173
9986 train 3.172612
9987 train 3.259208
9988 train 3.192505
9989 train 3.202116
9990 train 3.198904
9991 train 3.191208
9992 train 3.174289
9993 train 3.206869
9994 train 3.237111
9995 train 3.173987
9996 train 3.219112
9997 train 3.217250
9998 train 3.154756
9999 train 3.199850
10000 val 3.1774
10000 hella 0.2899
10000 train 3.16240710001 train 3.162407
10002 train 3.194909
10003 train 3.168616
10004 train 3.202538
10005 train 3.133090
10006 train 3.179305
10007 train 3.124103
10008 train 3.113774
10009 train 3.106126
10010 train 3.115057
10011 train 3.166986
10012 train 3.205701
10013 train 3.202077
10014 train 3.086018
10015 train 3.120120
10016 train 3.100758
10017 train 3.092117
10018 train 3.102728
10019 train 3.165316
10020 train 3.229687
10021 train 3.154139
10022 train 3.131048
10023 train 3.144913
10024 train 3.170100
10025 train 3.118262
10026 train 3.172247
10027 train 3.165330
10028 train 3.148892
10029 train 3.160458
10030 train 3.148061
10031 train 3.153115
10032 train 3.219931
10033 train 3.143927
10034 train 3.198559
10035 train 3.229198
10036 train 3.123465
10037 train 3.150427
10038 train 3.156266
10039 train 3.159660
10040 train 3.152524
10041 train 3.150920
10042 train 3.179136
10043 train 3.090289
10044 train 3.034723
10045 train 3.137913
10046 train 3.085793
10047 train 3.044541
10048 train 3.069187
10049 train 3.127583
10050 train 3.094982
10051 train 3.106172
10052 train 3.145386
10053 train 3.110705
10054 train 3.136365
10055 train 3.168803
10056 train 3.123937
10057 train 3.205182
10058 train 3.150988
10059 train 3.168744
10060 train 3.119238
10061 train 3.114028
10062 train 3.107198
10063 train 3.159506
10064 train 3.168851
10065 train 3.127588
10066 train 3.149336
10067 train 3.172991
10068 train 3.172766
10069 train 3.173041
10070 train 3.154337
10071 train 3.117664
10072 train 3.176051
10073 train 3.156410
10074 train 3.147964
10075 train 3.135095
10076 train 3.127872
10077 train 3.137413
10078 train 3.119042
10079 train 3.067659
10080 train 3.095292
10081 train 3.109754
10082 train 3.092409
10083 train 3.113036
10084 train 3.076427
10085 train 3.112500
10086 train 3.071823
10087 train 3.053961
10088 train 3.135504
10089 train 3.154200
10090 train 3.152417
10091 train 3.135917
10092 train 3.068792
10093 train 3.147940
10094 train 3.144078
10095 train 3.157279
10096 train 3.109597
10097 train 3.121628
10098 train 3.076090
10099 train 3.143637
10100 train 3.171932
10101 train 3.145166
10102 train 3.183776
10103 train 3.129418
10104 train 3.156773
10105 train 3.126823
10106 train 3.175233
10107 train 3.159000
10108 train 3.093616
10109 train 3.180155
10110 train 3.161821
10111 train 3.113414
10112 train 3.168519
10113 train 3.188992
10114 train 3.170719
10115 train 3.169814
10116 train 3.192017
10117 train 3.194778
10118 train 3.135502
10119 train 3.154806
10120 train 3.193825
10121 train 3.191487
10122 train 3.150542
10123 train 3.081391
10124 train 3.159402
10125 train 3.178545
10126 train 3.126257
10127 train 3.132981
10128 train 3.156277
10129 train 3.113029
10130 train 3.094574
10131 train 3.150326
10132 train 3.148730
10133 train 3.152434
10134 train 3.117140
10135 train 3.219322
10136 train 3.181956
10137 train 3.136446
10138 train 3.191435
10139 train 3.179679
10140 train 3.198745
10141 train 3.267776
10142 train 3.129702
10143 train 3.122114
10144 train 3.168213
10145 train 3.237902
10146 train 3.202513
10147 train 3.103205
10148 train 3.191049
10149 train 3.186863
10150 train 3.162069
10151 train 3.168257
10152 train 3.175204
10153 train 3.130386
10154 train 3.133635
10155 train 3.283741
10156 train 3.123395
10157 train 3.108688
10158 train 3.238887
10159 train 3.161927
10160 train 3.139126
10161 train 3.155200
10162 train 3.135933
10163 train 3.147423
10164 train 3.089956
10165 train 3.116731
10166 train 3.216699
10167 train 3.122539
10168 train 3.134209
10169 train 3.128570
10170 train 3.075222
10171 train 3.177057
10172 train 3.169978
10173 train 3.142424
10174 train 3.199659
10175 train 3.125089
10176 train 3.291171
10177 train 3.181768
10178 train 3.120099
10179 train 3.212110
10180 train 3.114952
10181 train 3.233270
10182 train 3.154843
10183 train 3.167017
10184 train 3.182501
10185 train 3.142080
10186 train 3.193882
10187 train 3.148325
10188 train 3.144633
10189 train 3.116451
10190 train 3.134396
10191 train 3.129409
10192 train 3.183018
10193 train 3.192277
10194 train 3.121347
10195 train 3.142522
10196 train 3.129198
10197 train 3.121696
10198 train 3.098924
10199 train 3.153393
10200 train 3.094295
10201 train 3.165152
10202 train 3.101655
10203 train 3.098355
10204 train 3.187656
10205 train 3.096984
10206 train 3.168505
10207 train 3.202857
10208 train 3.203986
10209 train 3.154256
10210 train 3.234856
10211 train 3.174110
10212 train 3.146045
10213 train 3.204344
10214 train 3.197595
10215 train 3.197520
10216 train 3.139843
10217 train 3.143004
10218 train 3.173556
10219 train 3.205642
10220 train 3.161747
10221 train 3.139875
10222 train 3.124986
10223 train 3.171246
10224 train 3.186894
10225 train 3.197559
10226 train 3.133073
10227 train 3.227729
10228 train 3.176938
10229 train 3.107474
10230 train 3.147661
10231 train 3.130300
10232 train 3.138891
10233 train 3.099498
10234 train 3.097674
10235 train 3.174303
10236 train 3.097044
10237 train 3.114520
10238 train 3.131581
10239 train 3.086958
10240 train 3.144960
10241 train 3.181631
10242 train 3.186654
10243 train 3.121163
10244 train 3.216333
10245 train 3.188225
10246 train 3.158980
10247 train 3.100238
10248 train 3.228238
10249 train 3.140720
10250 train 3.241058
10251 train 3.168124
10252 train 3.182232
10253 train 3.150067
10254 train 3.131470
10255 train 3.180091
10256 train 3.100758
10257 train 3.173719
10258 train 3.113045
10259 train 3.098416
10260 train 3.152287
10261 train 3.181769
10262 train 3.158131
10263 train 3.126490
10264 train 3.179964
10265 train 3.140048
10266 train 3.126787
10267 train 3.114989
10268 train 3.079927
10269 train 3.261106
10270 train 3.162178
10271 train 3.092965
10272 train 3.120881
10273 train 3.136281
10274 train 3.114279
10275 train 3.085106
10276 train 3.140914
10277 train 3.133322
10278 train 3.132322
10279 train 3.081671
10280 train 3.202864
10281 train 3.179684
10282 train 3.120779
10283 train 3.323622
10284 train 3.180053
10285 train 3.139923
10286 train 3.165557
10287 train 3.134130
10288 train 3.205827
10289 train 3.079151
10290 train 3.163481
10291 train 3.165236
10292 train 3.157317
10293 train 3.194636
10294 train 3.123909
10295 train 3.164810
10296 train 3.174553
10297 train 3.088027
10298 train 3.115799
10299 train 3.140253
10300 train 3.142910
10301 train 3.121748
10302 train 3.115516
10303 train 3.111209
10304 train 3.128117
10305 train 3.120874
10306 train 3.211858
10307 train 3.093747
10308 train 3.166257
10309 train 3.115096
10310 train 3.079415
10311 train 3.124926
10312 train 3.133579
10313 train 3.080067
10314 train 3.088834
10315 train 3.048534
10316 train 3.103467
10317 train 3.057622
10318 train 3.059415
10319 train 3.095180
10320 train 3.082814
10321 train 3.060492
10322 train 3.101446
10323 train 3.077006
10324 train 3.109969
10325 train 3.141418
10326 train 3.121554
10327 train 3.106155
10328 train 3.123719
10329 train 3.090338
10330 train 3.121079
10331 train 3.126658
10332 train 3.075232
10333 train 3.150607
10334 train 3.133284
10335 train 3.146166
10336 train 3.112825
10337 train 3.124527
10338 train 3.131056
10339 train 3.112373
10340 train 3.115118
10341 train 3.107848
10342 train 3.162135
10343 train 3.122733
10344 train 3.141011
10345 train 3.128340
10346 train 3.054041
10347 train 3.105572
10348 train 3.058038
10349 train 3.029230
10350 train 3.090899
10351 train 3.210656
10352 train 3.056362
10353 train 3.098127
10354 train 3.112485
10355 train 3.110528
10356 train 3.065566
10357 train 3.101647
10358 train 3.135095
10359 train 3.134418
10360 train 3.218721
10361 train 3.129604
10362 train 3.156332
10363 train 3.074427
10364 train 3.135958
10365 train 3.070225
10366 train 3.126096
10367 train 3.141534
10368 train 3.105703
10369 train 3.129089
10370 train 3.153624
10371 train 3.109426
10372 train 3.143927
10373 train 3.122132
10374 train 3.101739
10375 train 3.135870
10376 train 3.187948
10377 train 3.100869
10378 train 3.143831
10379 train 3.144603
10380 train 3.092967
10381 train 3.092947
10382 train 3.065947
10383 train 3.091286
10384 train 3.070408
10385 train 3.080570
10386 train 3.121634
10387 train 3.098880
10388 train 3.077325
10389 train 3.090233
10390 train 3.100005
10391 train 3.093105
10392 train 3.127289
10393 train 3.106382
10394 train 3.127529
10395 train 3.203270
10396 train 3.020772
10397 train 3.176171
10398 train 3.120569
10399 train 3.169007
10001 train 3.162407
10002 train 3.194815
10003 train 3.168621
10004 train 3.202479
10005 train 3.133079
10006 train 3.179368
10007 train 3.124149
10008 train 3.113718
10009 train 3.106106
10010 train 3.115007
10011 train 3.166994
10012 train 3.205728
10013 train 3.202116
10014 train 3.085874
10015 train 3.120161
10016 train 3.100746
10017 train 3.092223
10018 train 3.102754
10019 train 3.165396
10020 train 3.229672
10021 train 3.154094
10022 train 3.131078
10023 train 3.144939
10024 train 3.170163
10025 train 3.118345
10026 train 3.172314
10027 train 3.165350
10028 train 3.148962
10029 train 3.160448
10030 train 3.148110
10031 train 3.153088
10032 train 3.219844
10033 train 3.144000
10034 train 3.198542
10035 train 3.229149
10036 train 3.123442
10037 train 3.150425
10038 train 3.156283
10039 train 3.159637
10040 train 3.152623
10041 train 3.150920
10042 train 3.179091
10043 train 3.090254
10044 train 3.034731
10045 train 3.137847
10046 train 3.085750
10047 train 3.044489
10048 train 3.069189
10049 train 3.127602
10050 train 3.095022
10051 train 3.106138
10052 train 3.145283
10053 train 3.110814
10054 train 3.136260
10055 train 3.168839
10056 train 3.123965
10057 train 3.205207
10058 train 3.151075
10059 train 3.168765
10060 train 3.119227
10061 train 3.113959
10062 train 3.107182
10063 train 3.159463
10064 train 3.168944
10065 train 3.127536
10066 train 3.149330
10067 train 3.173099
10068 train 3.172730
10069 train 3.173095
10070 train 3.154405
10071 train 3.117672
10072 train 3.176079
10073 train 3.156445
10074 train 3.148113
10075 train 3.135147
10076 train 3.127924
10077 train 3.137516
10078 train 3.119004
10079 train 3.067628
10080 train 3.095262
10081 train 3.109866
10082 train 3.092491
10083 train 3.113001
10084 train 3.076474
10085 train 3.112514
10086 train 3.071827
10087 train 3.053902
10088 train 3.135484
10089 train 3.154204
10090 train 3.152453
10091 train 3.136077
10092 train 3.068775
10093 train 3.148042
10094 train 3.144069
10095 train 3.157259
10096 train 3.109576
10097 train 3.121582
10098 train 3.076145
10099 train 3.143597
10100 train 3.171968
10101 train 3.145206
10102 train 3.183612
10103 train 3.129457
10104 train 3.156834
10105 train 3.126830
10106 train 3.175340
10107 train 3.159053
10108 train 3.093609
10109 train 3.180187
10110 train 3.161767
10111 train 3.113436
10112 train 3.168500
10113 train 3.188903
10114 train 3.170662
10115 train 3.169797
10116 train 3.192060
10117 train 3.194692
10118 train 3.135501
10119 train 3.154809
10120 train 3.193824
10121 train 3.191486
10122 train 3.150509
10123 train 3.081403
10124 train 3.159484
10125 train 3.178469
10126 train 3.126220
10127 train 3.132947
10128 train 3.156329
10129 train 3.113069
10130 train 3.094683
10131 train 3.150294
10132 train 3.148558
10133 train 3.152388
10134 train 3.117150
10135 train 3.219270
10136 train 3.181913
10137 train 3.136456
10138 train 3.191500
10139 train 3.179665
10140 train 3.198661
10141 train 3.267818
10142 train 3.129690
10143 train 3.122072
10144 train 3.168182
10145 train 3.237973
10146 train 3.202468
10147 train 3.103216
10148 train 3.191077
10149 train 3.186796
10150 train 3.162199
10151 train 3.168266
10152 train 3.175078
10153 train 3.130388
10154 train 3.133806
10155 train 3.283743
10156 train 3.123467
10157 train 3.108808
10158 train 3.238939
10159 train 3.161975
10160 train 3.139133
10161 train 3.155060
10162 train 3.135951
10163 train 3.147437
10164 train 3.089825
10165 train 3.116802
10166 train 3.216740
10167 train 3.122582
10168 train 3.134168
10169 train 3.128460
10170 train 3.075306
10171 train 3.177142
10172 train 3.169953
10173 train 3.142431
10174 train 3.199773
10175 train 3.125071
10176 train 3.291198
10177 train 3.181690
10178 train 3.120153
10179 train 3.212079
10180 train 3.114997
10181 train 3.233318
10182 train 3.154910
10183 train 3.166973
10184 train 3.182580
10185 train 3.142102
10186 train 3.193990
10187 train 3.148329
10188 train 3.144559
10189 train 3.116433
10190 train 3.134464
10191 train 3.129369
10192 train 3.183124
10193 train 3.192297
10194 train 3.121383
10195 train 3.142616
10196 train 3.129129
10197 train 3.121742
10198 train 3.098888
10199 train 3.153429
10200 train 3.094186
10201 train 3.165150
10202 train 3.101641
10203 train 3.098353
10204 train 3.187676
10205 train 3.096864
10206 train 3.168524
10207 train 3.202835
10208 train 3.203975
10209 train 3.154278
10210 train 3.234932
10211 train 3.174118
10212 train 3.146191
10213 train 3.204300
10214 train 3.197518
10215 train 3.197465
10216 train 3.139798
10217 train 3.142933
10218 train 3.173592
10219 train 3.205601
10220 train 3.161759
10221 train 3.139966
10222 train 3.124986
10223 train 3.171331
10224 train 3.186966
10225 train 3.197581
10226 train 3.133152
10227 train 3.227698
10228 train 3.177001
10229 train 3.107529
10230 train 3.147695
10231 train 3.130332
10232 train 3.138858
10233 train 3.099494
10234 train 3.097671
10235 train 3.174356
10236 train 3.096980
10237 train 3.114530
10238 train 3.131636
10239 train 3.087000
10240 train 3.144911
10241 train 3.181650
10242 train 3.186640
10243 train 3.121204
10244 train 3.216300
10245 train 3.188141
10246 train 3.159013
10247 train 3.100215
10248 train 3.228214
10249 train 3.140667
10250 train 3.240976
10251 train 3.168093
10252 train 3.182189
10253 train 3.149983
10254 train 3.131413
10255 train 3.180106
10256 train 3.100780
10257 train 3.173655
10258 train 3.113066
10259 train 3.098369
10260 train 3.152309
10261 train 3.181776
10262 train 3.158148
10263 train 3.126579
10264 train 3.180033
10265 train 3.140087
10266 train 3.126750
10267 train 3.115026
10268 train 3.079975
10269 train 3.261067
10270 train 3.162134
10271 train 3.092883
10272 train 3.120923
10273 train 3.136261
10274 train 3.114276
10275 train 3.085094
10276 train 3.140980
10277 train 3.133344
10278 train 3.132197
10279 train 3.081683
10280 train 3.202891
10281 train 3.179769
10282 train 3.120815
10283 train 3.323627
10284 train 3.180069
10285 train 3.139934
10286 train 3.165624
10287 train 3.134131
10288 train 3.205677
10289 train 3.079211
10290 train 3.163500
10291 train 3.165202
10292 train 3.157220
10293 train 3.194554
10294 train 3.123933
10295 train 3.164898
10296 train 3.174417
10297 train 3.087922
10298 train 3.115754
10299 train 3.140174
10300 train 3.142918
10301 train 3.121786
10302 train 3.115514
10303 train 3.111303
10304 train 3.128012
10305 train 3.120857
10306 train 3.211742
10307 train 3.093725
10308 train 3.166310
10309 train 3.115076
10310 train 3.079445
10311 train 3.124825
10312 train 3.133519
10313 train 3.080015
10314 train 3.088851
10315 train 3.048609
10316 train 3.103419
10317 train 3.057699
10318 train 3.059353
10319 train 3.095165
10320 train 3.082810
10321 train 3.060507
10322 train 3.101505
10323 train 3.076957
10324 train 3.110087
10325 train 3.141374
10326 train 3.121459
10327 train 3.106194
10328 train 3.123669
10329 train 3.090293
10330 train 3.121049
10331 train 3.126604
10332 train 3.075121
10333 train 3.150742
10334 train 3.133321
10335 train 3.146202
10336 train 3.112801
10337 train 3.124511
10338 train 3.131095
10339 train 3.112450
10340 train 3.114919
10341 train 3.107851
10342 train 3.162148
10343 train 3.122717
10344 train 3.140924
10345 train 3.128258
10346 train 3.054098
10347 train 3.105598
10348 train 3.057973
10349 train 3.029170
10350 train 3.090965
10351 train 3.210577
10352 train 3.056431
10353 train 3.098060
10354 train 3.112521
10355 train 3.110540
10356 train 3.065558
10357 train 3.101609
10358 train 3.135144
10359 train 3.134520
10360 train 3.218565
10361 train 3.129663
10362 train 3.156347
10363 train 3.074330
10364 train 3.135913
10365 train 3.070200
10366 train 3.126013
10367 train 3.141598
10368 train 3.105650
10369 train 3.128977
10370 train 3.153563
10371 train 3.109394
10372 train 3.143965
10373 train 3.122131
10374 train 3.101764
10375 train 3.135894
10376 train 3.188127
10377 train 3.100846
10378 train 3.143870
10379 train 3.144663
10380 train 3.093023
10381 train 3.092954
10382 train 3.065992
10383 train 3.091194
10384 train 3.070398
10385 train 3.080426
10386 train 3.121604
10387 train 3.098840
10388 train 3.077372
10389 train 3.090245
10390 train 3.100048
10391 train 3.093030
10392 train 3.127270
10393 train 3.106313
10394 train 3.127466
10395 train 3.203364
10396 train 3.020770
10397 train 3.176118
10398 train 3.120483
10399 train 3.169044
10400 train 3.121636
10401 train 3.143927
10402 train 3.126158
10403 train 3.133750
10404 train 3.095503
10405 train 3.175666
10406 train 3.135051
10407 train 3.137684
10408 train 3.088831
10409 train 3.115147
10410 train 3.145756
10411 train 3.134326
10412 train 3.080317
10413 train 3.081530
10414 train 3.137041
10415 train 3.083024
10416 train 3.133382
10417 train 3.052069
10418 train 3.095110
10419 train 3.058386
10420 train 3.083113
10421 train 3.069288
10422 train 3.112627
10423 train 3.049288
10424 train 3.160794
10425 train 3.077389
10426 train 3.139148
10427 train 3.158315
10428 train 3.139045
10429 train 3.025618
10430 train 3.070047
10431 train 3.131775
10432 train 3.248218
10433 train 3.155564
10434 train 3.110647
10435 train 3.080832
10436 train 3.140928
10437 train 3.095186
10438 train 3.144733
10439 train 3.102204
10440 train 3.108033
10441 train 3.067530
10442 train 3.192739
10443 train 3.100245
10444 train 3.111586
10445 train 3.078357
10446 train 3.135569
10447 train 3.138159
10448 train 3.105361
10449 train 3.117867
10450 train 3.099498
10451 train 3.073886
10452 train 3.068146
10453 train 3.076563
10454 train 3.068223
10455 train 3.097337
10456 train 3.057878
10457 train 3.048677
10458 train 3.060424
10459 train 3.078422
10460 train 3.072466
10461 train 3.093015
10462 train 3.113432
10463 train 3.153424
10464 train 3.082298
10465 train 3.300647
10466 train 3.117628
10467 train 3.102399
10468 train 3.145604
10469 train 3.170534
10470 train 3.080631
10471 train 3.105582
10472 train 3.161149
10473 train 3.218065
10474 train 3.099999
10475 train 3.116470
10476 train 3.109993
10477 train 3.142512
10478 train 3.096386
10479 train 3.153078
10480 train 3.105971
10481 train 3.131161
10482 train 3.153227
10483 train 3.137289
10484 train 3.171278
10485 train 3.167605
10486 train 3.146169
10487 train 3.104880
10488 train 3.081795
10489 train 3.081625
10490 train 3.091228
10491 train 3.114286
10492 train 3.162360
10493 train 3.168022
10494 train 3.101199
10495 train 3.137227
10496 train 3.162240
10497 train 3.100061
10498 train 3.077353
10499 train 3.087111
10500 train 3.114356
10501 train 3.151026
10502 train 3.108540
10503 train 3.131068
10504 train 3.113139
10505 train 3.139434
10506 train 3.171778
10507 train 3.116711
10508 train 3.146654
10509 train 3.140960
10510 train 3.100697
10511 train 3.070229
10512 train 3.007820
10513 train 3.062199
10514 train 3.002736
10515 train 3.082510
10516 train 3.035279
10517 train 3.059206
10518 train 3.013007
10519 train 3.056577
10520 train 3.056764
10521 train 3.056334
10522 train 3.107607
10523 train 3.187952
10524 train 3.146734
10525 train 3.171079
10526 train 3.110307
10527 train 3.198355
10528 train 3.129907
10529 train 3.147594
10530 train 3.118726
10531 train 3.125092
10532 train 3.160920
10533 train 3.145639
10534 train 3.102855
10535 train 3.045051
10536 train 3.120932
10537 train 3.095166
10538 train 3.065600
10539 train 3.098331
10540 train 3.153335
10541 train 3.284652
10542 train 3.138460
10543 train 3.116622
10544 train 3.108902
10545 train 3.171429
10546 train 3.096802
10547 train 3.019509
10548 train 3.065676
10549 train 3.022388
10550 train 3.089516
10551 train 3.034663
10552 train 3.013192
10553 train 3.090442
10554 train 3.068948
10555 train 3.037914
10556 train 3.034218
10557 train 3.018918
10558 train 3.168742
10559 train 3.167357
10560 train 3.122362
10561 train 3.175721
10562 train 3.136117
10563 train 3.168160
10564 train 3.238201
10565 train 3.078804
10566 train 3.164040
10567 train 3.076335
10568 train 3.160767
10569 train 3.115150
10570 train 3.090280
10571 train 3.073240
10572 train 3.080733
10573 train 3.096970
10574 train 3.097341
10575 train 3.081486
10576 train 3.139602
10577 train 3.096074
10578 train 3.066341
10579 train 3.121205
10580 train 3.163764
10581 train 3.105782
10582 train 3.032200
10583 train 3.053029
10584 train 3.088949
10585 train 3.026096
10586 train 3.003634
10587 train 3.101997
10588 train 3.060250
10589 train 3.066429
10590 train 3.009697
10591 train 3.032671
10592 train 3.069807
10593 train 3.113547
10594 train 3.129843
10595 train 3.126894
10596 train 3.166626
10597 train 3.172069
10598 train 3.197023
10599 train 3.176095
10600 train 3.157801
10601 train 3.146411
10602 train 3.105853
10603 train 3.154186
10604 train 3.105950
10605 train 3.103341
10606 train 3.176344
10607 train 3.123385
10608 train 3.147414
10609 train 3.196617
10610 train 3.145287
10611 train 3.168186
10612 train 3.083380
10613 train 3.166380
10614 train 3.120721
10615 train 3.137097
10616 train 3.068308
10617 train 3.140000
10618 train 3.107477
10619 train 3.132412
10620 train 3.122601
10621 train 3.100650
10622 train 3.138534
10623 train 3.132916
10624 train 3.144971
10625 train 3.131190
10626 train 3.121680
10627 train 3.079587
10628 train 3.061815
10629 train 3.019715
10630 train 3.044466
10631 train 3.025812
10632 train 3.034786
10633 train 3.042921
10634 train 3.025162
10635 train 3.022774
10636 train 3.030566
10637 train 3.006434
10638 train 2.965382
10639 train 2.986543
10640 train 3.165977
10641 train 3.168484
10642 train 3.161766
10643 train 3.104812
10644 train 3.182595
10645 train 3.169622
10646 train 3.138593
10647 train 3.117108
10648 train 3.140083
10649 train 3.159607
10650 train 3.243206
10651 train 3.170988
10652 train 3.129604
10653 train 3.131186
10654 train 3.173771
10655 train 3.175980
10656 train 3.220696
10657 train 3.121614
10658 train 3.159191
10659 train 3.091390
10660 train 3.162690
10661 train 3.087628
10662 train 3.190329
10663 train 3.129412
10664 train 3.099464
10665 train 3.196531
10666 train 3.141981
10667 train 3.084521
10668 train 3.104137
10669 train 3.083146
10670 train 3.108908
10671 train 3.124035
10672 train 3.094491
10673 train 3.133558
10674 train 3.039748
10675 train 3.021566
10676 train 3.098290
10677 train 3.081103
10678 train 2.996469
10679 train 3.035927
10680 train 3.007922
10681 train 3.076806
10682 train 3.013764
10683 train 3.087822
10684 train 3.019542
10685 train 3.021534
10686 train 3.169770
10687 train 3.159398
10688 train 3.151875
10689 train 3.176670
10690 train 3.194720
10691 train 3.183925
10692 train 3.175643
10693 train 3.129274
10694 train 3.138544
10695 train 3.109624
10696 train 3.126217
10697 train 3.099478
10698 train 3.125842
10699 train 3.133731
10700 train 3.139218
10701 train 3.116884
10702 train 3.107977
10703 train 3.183249
10704 train 3.186080
10705 train 3.105177
10706 train 3.099106
10707 train 3.164256
10708 train 3.147785
10709 train 3.103163
10710 train 3.159014
10711 train 3.138067
10712 train 3.080846
10713 train 3.137974
10714 train 3.111825
10715 train 3.111995
10716 train 3.105498
10717 train 3.139452
10718 train 3.109346
10719 train 3.117686
10720 train 3.115714
10721 train 3.030395
10722 train 3.019095
10723 train 3.069201
10724 train 3.068297
10725 train 3.000929
10726 train 3.024972
10727 train 2.985527
10728 train 3.045817
10729 train 3.014442
10730 train 3.016675
10731 train 3.014222
10732 train 3.097449
10733 train 3.168501
10734 train 3.165922
10735 train 3.152904
10736 train 3.102820
10737 train 3.133925
10738 train 3.187643
10739 train 3.097120
10740 train 3.140369
10741 train 3.160363
10742 train 3.226570
10743 train 3.151789
10744 train 3.123523
10745 train 3.133252
10746 train 3.173160
10747 train 3.148807
10748 train 3.160363
10749 train 3.144054
10750 train 3.127849
10751 train 3.210306
10752 train 3.155880
10753 train 3.160866
10754 train 3.132922
10755 train 3.118788
10756 train 3.079246
10757 train 3.181538
10758 train 3.114218
10759 train 3.127914
10760 train 3.098117
10761 train 3.141953
10762 train 3.110147
10763 train 3.075595
10764 train 3.117309
10765 train 3.114772
10766 train 3.120892
10767 train 3.214309
10768 train 3.045018
10769 train 3.022573
10770 train 3.005221
10771 train 3.056191
10772 train 3.056096
10773 train 2.982853
10774 train 3.019442
10775 train 2.988428
10776 train 3.048408
10777 train 3.028182
10778 train 3.097468
10779 train 3.202274
10780 train 3.220320
10781 train 3.220096
10782 train 3.186802
10783 train 3.161764
10784 train 3.114783
10785 train 3.091072
10786 train 3.120743
10787 train 3.193347
10788 train 3.141195
10789 train 3.058290
10790 train 3.098647
10791 train 3.107774
10792 train 3.083579
10793 train 3.124345
10794 train 3.068780
10795 train 3.121497
10796 train 3.094281
10797 train 3.101375
10798 train 3.108547
10799 train 3.140877
10800 train 3.114788
10801 train 3.125688
10802 train 3.042786
10803 train 3.122068
10804 train 3.173637
10805 train 3.087623
10806 train 3.128645
10807 train 3.127899
10808 train 3.102645
10809 train 3.115973
10810 train 3.111520
10811 train 3.060225
10812 train 3.132721
10813 train 3.111792
10814 train 3.102502
10815 train 3.154382
10816 train 3.162390
10817 train 3.101822
10818 train 3.080531
10819 train 3.041502
10820 train 3.102963
10821 train 3.070116
10822 train 3.093255
10823 train 3.086919
10824 train 3.085156
10825 train 3.070895
10826 train 3.142097
10827 train 3.076258
10828 train 3.146434
10829 train 3.106573
10830 train 3.116770
10831 train 3.116201
10832 train 3.159494
10833 train 3.070143
10834 train 3.087028
10835 train 3.112960
10836 train 3.084129
10837 train 3.066655
10838 train 3.089795
10839 train 3.072437
10840 train 3.116800
10841 train 3.101515
10842 train 3.087158
10843 train 3.133331
10844 train 3.126490
10845 train 3.107285
10846 train 3.137107
10847 train 3.104587
10848 train 3.120969
10849 train 3.095764
10850 train 3.117978
10851 train 3.125398
10852 train 3.131111
10853 train 3.133229
10854 train 3.094798
10855 train 3.111665
10856 train 3.102502
10857 train 3.157096
10858 train 3.102711
10859 train 3.071504
10860 train 3.097559
10861 train 3.042804
10862 train 3.126555
10863 train 3.089947
10864 train 3.057985
10865 train 3.098442
10866 train 3.116468
10867 train 3.108532
10868 train 3.101911
10869 train 3.127609
10870 train 3.083480
10871 train 3.074344
10872 train 3.071397
10873 train 3.087848
10874 train 3.112297
10875 train 3.068112
10876 train 3.102826
10877 train 3.099886
10878 train 3.095723
10879 train 3.149747
10880 train 3.128263
10881 train 3.123023
10882 train 3.090439
10883 train 3.124431
10884 train 3.164112
10885 train 3.092643
10886 train 3.095766
10887 train 3.073756
10888 train 3.039526
10889 train 3.081220
10890 train 3.054036
10891 train 3.041577
10892 train 3.053163
10893 train 3.072875
10894 train 3.088620
10895 train 3.096213
10896 train 3.115045
10897 train 3.062483
10898 train 3.086175
10899 train 3.150954
10900 train 3.069502
10901 train 3.059709
10902 train 3.100041
10903 train 3.117761
10904 train 3.058354
10905 train 3.093470
10906 train 3.079093
10907 train 3.123878
10908 train 3.072613
10909 train 3.087685
10910 train 3.080506
10911 train 3.154462
10912 train 3.139817
10913 train 3.049717
10914 train 3.120108
10915 train 3.064484
10916 train 3.176303
10917 train 3.161164
10918 train 3.069773
10919 train 3.095636
10920 train 3.113268
10921 train 3.104214
10922 train 3.078478
10923 train 3.040924
10924 train 3.067082
10925 train 3.093138
10926 train 3.049695
10927 train 3.013790
10928 train 3.065588
10929 train 3.063567
10930 train 3.100662
10931 train 3.061933
10932 train 3.106608
10933 train 3.052349
10934 train 3.119341
10935 train 3.124034
10936 train 3.095275
10937 train 3.169554
10938 train 3.139458
10939 train 3.066217
10940 train 3.098219
10941 train 3.144169
10942 train 3.109799
10943 train 3.095380
10944 train 3.122826
10945 train 3.071155
10946 train 3.133217
10947 train 3.087151
10948 train 3.099522
10949 train 3.122922
10950 train 3.074292
10951 train 3.139879
10952 train 3.108594
10953 train 3.090302
10954 train 3.117927
10955 train 3.100336
10956 train 3.085914
10957 train 3.127202
10958 train 3.102437
10959 train 3.099676
10960 train 3.073724
10961 train 3.095833
10962 train 3.056853
10963 train 3.147148
10964 train 3.053316
10965 train 3.079850
10966 train 3.089330
10967 train 3.052670
10968 train 3.091158
10969 train 3.092347
10970 train 3.118610
10971 train 3.109037
10972 train 3.074281
10973 train 3.076637
10974 train 3.057645
10975 train 3.198532
10976 train 3.125245
10977 train 3.125052
10978 train 3.071326
10979 train 3.096321
10980 train 3.143734
10981 train 3.154202
10982 train 3.134129
10983 train 3.105543
10984 train 3.132378
10985 train 3.108875
10986 train 3.107740
10987 train 3.126328
10988 train 3.225902
10989 train 3.160093
10990 train 3.138825
10991 train 3.121337
10992 train 3.110209
10993 train 3.182145
10994 train 3.137070
10995 train 3.182526
10996 train 3.138314
10997 train 3.146341
10998 train 3.083945
10999 train 3.087220
11000 train 3.088999
11001 train 3.127992
11002 train 3.098285
11003 train 3.048647
11004 train 3.105406
11005 train 3.040656
11006 train 3.098207
11007 train 3.155722
11008 train 3.184055
11009 train 3.128215
11010 train 3.095910
11011 train 3.138919
11012 train 3.171609
11013 train 3.128059
11014 train 3.144284
11015 train 3.129509
11016 train 3.155030
11017 train 3.099433
11018 train 3.152988
11019 train 3.139192
11020 train 3.146207
11021 train 3.117774
11022 train 3.113417
11023 train 3.157623
11024 train 3.163772
11025 train 3.154941
11026 train 3.116179
11027 train 3.141317
11028 train 3.174359
11029 train 3.201697
11030 train 3.198823
11031 train 3.152133
11032 train 3.134571
11033 train 3.168643
11034 train 3.141183
11035 train 3.152461
11036 train 3.055125
11037 train 3.093854
11038 train 3.078725
11039 train 3.090097
11040 train 3.051243
11041 train 3.062677
11042 train 3.047894
11043 train 3.107878
11044 train 3.103518
11045 train 3.094433
11046 train 3.165705
11047 train 3.122979
11048 train 3.140333
11049 train 3.129191
11050 train 3.128132
11051 train 3.067519
11052 train 3.141243
11053 train 3.158685
11054 train 3.179953
11055 train 3.205857
11056 train 3.107611
11057 train 3.145116
11058 train 3.148242
11059 train 3.147618
11060 train 3.145800
11061 train 3.263416
11062 train 3.104685
11063 train 3.173623
11064 train 3.136733
11065 train 3.196329
11066 train 3.196804
11067 train 3.147719
11068 train 3.148175
11069 train 3.075742
11070 train 3.140465
11071 train 3.061748
11072 train 3.134548
11073 train 3.089297
11074 train 3.072443
11075 train 3.084450
11076 train 3.049514
11077 train 3.132156
11078 train 3.144056
11079 train 3.095561
11080 train 3.121594
11081 train 3.118998
11082 train 3.134965
11083 train 3.198681
11084 train 3.123472
11085 train 3.156081
11086 train 3.132389
11087 train 3.150340
11088 train 3.099396
11089 train 3.092120
11090 train 3.126550
11091 train 3.175691
11092 train 3.127974
11093 train 3.151266
11094 train 3.199327
11095 train 3.144202
11096 train 3.183492
11097 train 3.121815
11098 train 3.140587
11099 train 3.234929
11100 train 3.134075
11101 train 3.163110
11102 train 3.131011
11103 train 3.096147
11104 train 3.088807
11105 train 3.119601
11106 train 3.072731
11107 train 3.104175
11108 train 3.101902
11109 train 3.101992
11110 train 3.137606
11111 train 3.078708
11112 train 3.073545
11113 train 3.147071
11114 train 3.159531
11115 train 3.102331
11116 train 3.131527
11117 train 3.162864
11118 train 3.106931
11119 train 3.143599
11120 train 3.130974
11121 train 3.198843
11122 train 3.157625
11123 train 3.112831
11124 train 3.093127
11125 train 3.148846
11126 train 3.138489
11127 train 3.148278
11128 train 3.231273
11129 train 3.129700
11130 train 3.240138
11131 train 3.118264
11132 train 3.170701
11133 train 3.150845
11134 train 3.131388
11135 train 3.131875
11136 train 3.148321
11137 train 3.116535
11138 train 3.081941
11139 train 3.088553
11140 train 3.055765
11141 train 3.108879
11142 train 3.096213
11143 train 3.094003
11144 train 3.107892
11145 train 3.071416
11146 train 3.108343
11147 train 3.073831
11148 train 3.135808
11149 train 3.085951
11150 train 3.167465
11151 train 3.110938
11152 train 3.150422
11153 train 3.153985
11154 train 3.150587
11155 train 3.205572
11156 train 3.183021
11157 train 3.118860
11158 train 3.178177
11159 train 3.154603
11160 train 3.135443
11161 train 3.121663
11162 train 3.202877
11163 train 3.155796
11164 train 3.149128
11165 train 3.108145
11166 train 3.035186
11167 train 3.004744
11168 train 3.118869
11169 train 3.092331
11170 train 3.107591
11171 train 3.092686
11172 train 3.126709
11173 train 3.096190
11174 train 3.022431
11175 train 3.165777
11176 train 3.168471
11177 train 3.196673
11178 train 3.156478
11179 train 3.131237
11180 train 3.203027
11181 train 3.146286
11182 train 3.102676
11183 train 3.242000
11184 train 3.224487
11185 train 3.161693
11186 train 3.168015
11187 train 3.149110
11188 train 3.081627
11189 train 3.147162
11190 train 3.085943
11191 train 3.112281
11192 train 3.123801
11193 train 3.068915
11194 train 3.104286
11195 train 3.088736
11196 train 3.156910
11197 train 3.157829
11198 train 3.072825
11199 train 3.069115
11200 train 3.022259
11201 train 3.147818
11202 train 3.059062
11203 train 3.056031
11204 train 3.024940
11205 train 3.066354
11206 train 3.029683
11207 train 3.025393
11208 train 3.113031
11209 train 3.080089
11210 train 3.049383
11211 train 3.136768
11212 train 3.195542
11213 train 3.166004
11214 train 3.151317
11215 train 3.142214
11216 train 3.222337
11217 train 3.165707
11218 train 3.174100
11219 train 3.189573
11220 train 3.216221
11221 train 3.184687
11222 train 3.084920
11223 train 3.086486
11224 train 3.131838
11225 train 3.059418
11226 train 3.101269
11227 train 3.071145
11228 train 3.104886
11229 train 3.130754
11230 train 3.080936
11231 train 3.043554
11232 train 3.108444
11233 train 3.107061
11234 train 3.040700
11235 train 3.062802
11236 train 3.070483
11237 train 3.089070
11238 train 3.051637
11239 train 2.993359
11240 train 3.027745
11241 train 3.024377
11242 train 3.064301
11243 train 3.064437
11244 train 3.050734
11245 train 3.016437
11246 train 3.153517
11247 train 3.163080
11248 train 3.198767
11249 train 3.171180
11250 train 3.241270
11251 train 3.139534
11252 train 3.422695
11253 train 3.215832
11254 train 3.170525
11255 train 3.110027
11256 train 3.122761
11257 train 3.118158
11258 train 3.117996
11259 train 3.136112
11260 train 3.118189
11261 train 3.116178
11262 train 3.103139
11263 train 3.049026
11264 train 3.101852
11265 train 3.078721
11266 train 3.082205
11267 train 3.133050
11268 train 3.148590
11269 train 3.087914
11270 train 3.100365
11271 train 3.073629
11272 train 3.051505
11273 train 3.052944
11274 train 3.003059
11275 train 3.075808
11276 train 3.074322
11277 train 3.064129
11278 train 3.079005
11279 train 3.028171
11280 train 3.036963
11281 train 3.125134
11282 train 3.147503
11283 train 3.108830
11284 train 3.105914
11285 train 3.162371
11286 train 3.144317
11287 train 3.139821
11288 train 3.152997
11289 train 3.162223
11290 train 3.148233
11291 train 3.120292
11292 train 3.161266
11293 train 3.077546
11294 train 3.101374
11295 train 3.115788
11296 train 3.084977
11297 train 3.031470
11298 train 3.106163
11299 train 3.156581
11300 train 3.180282
11301 train 3.109272
11302 train 3.156667
11303 train 3.126471
11304 train 3.068239
11305 train 3.000748
11306 train 3.069567
11307 train 3.087105
11308 train 3.055065
11309 train 3.005208
11310 train 3.072013
11311 train 3.020669
11312 train 3.040411
11313 train 3.066954
11314 train 3.049132
11315 train 3.256211
11316 train 3.097045
11317 train 3.102613
11318 train 3.168607
11319 train 3.198286
11320 train 3.251313
11321 train 3.105614
11322 train 3.131954
11323 train 3.136701
11324 train 3.155734
11325 train 3.136630
11326 train 3.112752
11327 train 3.109187
11328 train 3.129647
11329 train 3.084749
11330 train 3.095192
11331 train 3.132818
11332 train 3.032538
11333 train 3.078343
11334 train 3.107314
11335 train 3.060576
11336 train 3.063929
11337 train 3.124424
11338 train 3.090050
11339 train 3.078343
11340 train 3.041517
11341 train 3.053438
11342 train 3.078521
11343 train 3.108805
11344 train 3.054239
11345 train 2.976742
11346 train 3.029315
11347 train 3.067705
11348 train 2.979352
11349 train 3.031061
11350 train 3.038981
11351 train 3.031320
11352 train 3.167125
11353 train 3.195019
11354 train 3.111687
11355 train 3.196815
11356 train 3.076103
11357 train 2.957629
11358 train 2.955261
11359 train 2.981734
11360 train 2.933135
11361 train 2.908630
11362 train 3.019423
11363 train 2.939994
11364 train 2.966977
11365 train 2.947619
11366 train 2.935184
11367 train 2.941631
11368 train 3.067020
11369 train 3.064669
11370 train 3.063323
11371 train 3.164567
11372 train 3.122495
11373 train 3.137120
11374 train 3.123105
11375 train 3.135843
11376 train 3.087481
11377 train 3.074543
11378 train 3.132446
11379 train 3.078431
11380 train 3.129976
11381 train 3.142129
11382 train 3.103438
11383 train 3.097698
11384 train 3.159941
11385 train 3.194656
11386 train 3.135974
11387 train 3.149497
11388 train 3.057309
11389 train 3.154845
11390 train 3.138605
11391 train 3.090636
11392 train 3.081703
11393 train 3.094077
11394 train 3.053496
11395 train 3.109057
11396 train 3.139373
11397 train 3.104689
11398 train 2.998004
11399 train 3.098203
11400 train 3.236129
11401 train 3.088389
11402 train 3.083933
11403 train 2.995961
11404 train 2.925655
11405 train 3.005578
11406 train 2.938449
11407 train 2.996911
11408 train 2.991208
11409 train 3.001998
11410 train 2.989597
11411 train 2.961192
11412 train 2.970361
11413 train 2.969841
11414 train 2.931901
11415 train 3.012005
11416 train 3.099187
11417 train 3.107538
11418 train 3.173102
11419 train 3.034097
11420 train 3.117895
11421 train 3.140413
11422 train 3.116371
11423 train 3.082584
11424 train 3.117060
11425 train 3.135744
11426 train 3.133429
11427 train 3.044129
11428 train 3.142064
11429 train 3.162650
11430 train 3.144082
11431 train 3.122146
11432 train 3.091185
11433 train 3.087453
11434 train 3.100338
11435 train 3.159014
11436 train 3.118762
11437 train 3.100004
11438 train 3.176951
11439 train 3.069219
11440 train 3.089743
11441 train 3.082089
11442 train 3.076110
11443 train 3.162138
11444 train 3.064041
11445 train 3.157454
11446 train 3.073070
11447 train 3.089692
11448 train 3.058774
11449 train 3.116056
11450 train 3.114281
11451 train 2.974869
11452 train 2.919343
11453 train 3.042717
11454 train 3.001184
11455 train 2.957869
11456 train 2.924501
11457 train 2.972482
11458 train 2.941094
11459 train 2.983588
11460 train 2.953276
11461 train 2.925355
11462 train 2.953034
11463 train 3.097808
11464 train 3.066017
11465 train 3.110425
11466 train 3.093486
11467 train 3.163962
11468 train 3.099551
11469 train 3.128874
11470 train 3.128474
11471 train 3.100356
11472 train 3.123675
11473 train 3.068352
11474 train 3.150935
11475 train 3.159888
11476 train 3.138345
11477 train 3.099298
11478 train 3.051541
11479 train 3.103653
11480 train 3.099049
11481 train 3.093713
11482 train 3.165418
11483 train 3.152332
11484 train 3.147432
11485 train 3.080054
11486 train 3.084705
11487 train 3.100308
11488 train 3.041524
11489 train 3.069834
11490 train 3.093792
11491 train 3.102994
11492 train 3.071223
11493 train 3.108093
11494 train 3.056146
11495 train 3.168865
11496 train 3.107311
11497 train 3.086120
11498 train 3.002621
11499 train 3.001189
11500 train 2.963352
11501 train 2.954598
11502 train 2.907570
11503 train 2.949902
11504 train 2.944636
11505 train 2.934475
11506 train 2.969488
11507 train 2.973501
11508 train 2.925747
11509 train 2.945756
11510 train 3.114588
11511 train 3.102193
11512 train 3.165302
11513 train 3.109519
11514 train 3.123456
11515 train 3.138430
11516 train 3.102922
11517 train 3.061870
11518 train 3.156462
11519 train 3.060285
11520 train 3.074730
11521 train 3.164274
11522 train 3.148960
11523 train 3.108447
11524 train 3.146250
11525 train 3.081996
11526 train 3.083781
11527 train 3.202751
11528 train 3.186309
11529 train 3.159869
11530 train 3.161735
11531 train 3.056838
11532 train 3.089447
11533 train 3.085178
11534 train 3.137434
11535 train 3.120806
11536 train 3.117834
11537 train 3.048263
11538 train 3.114795
11539 train 3.135962
11540 train 3.093693
11541 train 3.104200
11542 train 3.073942
11543 train 3.069260
11544 train 3.070400
11545 train 2.966153
11546 train 2.946999
11547 train 3.144390
11548 train 3.093336
11549 train 3.136126
11550 train 3.113893
11551 train 3.079729
11552 train 3.098361
11553 train 3.116802
11554 train 3.124048
11555 train 3.100375
11556 train 3.188765
11557 train 3.113125
11558 train 3.096622
11559 train 3.081409
11560 train 3.058768
11561 train 3.079501
11562 train 3.108975
11563 train 3.134151
11564 train 3.013134
11565 train 3.058074
11566 train 3.065972
11567 train 3.086764
11568 train 3.082591
11569 train 3.054218
11570 train 3.110910
11571 train 3.086728
11572 train 3.121281
11573 train 3.157806
11574 train 3.090986
11575 train 3.148895
11576 train 3.146147
11577 train 3.238814
11578 train 3.142359
11579 train 3.085366
11580 train 3.214245
11581 train 3.141681
11582 train 3.119632
11583 train 3.091996
11584 train 3.096918
11585 train 3.095637
11586 train 3.129067
11587 train 3.115806
11588 train 3.092655
11589 train 3.228025
11590 train 3.096734
11591 train 3.142865
11592 train 3.165390
11593 train 3.048148
11594 train 3.079469
11595 train 3.069952
11596 train 3.132824
11597 train 3.134335
11598 train 3.061435
11599 train 3.069919
11600 train 3.096786
11601 train 3.084687
11602 train 3.086997
11603 train 3.098405
11604 train 3.121726
11605 train 3.136763
11606 train 3.088732
11607 train 3.054053
11608 train 3.257921
11609 train 3.084665
11610 train 3.147729
11611 train 3.099745
11612 train 3.114043
11613 train 3.110397
11614 train 3.053624
11615 train 3.228608
11616 train 3.143135
11617 train 3.131052
11618 train 3.141563
11619 train 3.068527
11620 train 3.134274
11621 train 3.088949
11622 train 3.151119
11623 train 3.154428
11624 train 3.070437
11625 train 3.130577
11626 train 3.148764
11627 train 3.121472
11628 train 3.095596
11629 train 3.105945
11630 train 3.052803
11631 train 3.070734
11632 train 3.095106
11633 train 3.058719
11634 train 3.070469
11635 train 3.122308
11636 train 3.082392
11637 train 3.084509
11638 train 3.102018
11639 train 3.082857
11640 train 3.058720
11641 train 3.129611
11642 train 3.155910
11643 train 3.068914
11644 train 3.156170
11645 train 3.074681
11646 train 3.102914
11647 train 3.157264
11648 train 3.134480
11649 train 3.060636
11650 train 3.134436
11651 train 3.168124
11652 train 3.116980
11653 train 3.089847
11654 train 3.094908
11655 train 3.093308
11656 train 3.109225
11657 train 3.078747
11658 train 3.126601
11659 train 3.102160
11660 train 3.102724
11661 train 3.122967
11662 train 3.104330
11663 train 3.153571
11664 train 3.033717
11665 train 3.113315
11666 train 3.091959
11667 train 3.100043
11668 train 3.063170
11669 train 3.090835
11670 train 3.103479
11671 train 3.068724
11672 train 3.078923
11673 train 3.064472
11674 train 3.051317
11675 train 3.155715
11676 train 3.145425
11677 train 3.139597
11678 train 3.079791
11679 train 3.082010
11680 train 3.240620
11681 train 3.069188
11682 train 3.080090
11683 train 3.079469
11684 train 3.104909
11685 train 3.142657
11686 train 3.101931
11687 train 3.082586
11688 train 3.096909
11689 train 3.135534
11690 train 3.181576
11691 train 3.151677
11692 train 3.075367
11693 train 3.149737
11694 train 3.078692
11695 train 3.050915
11696 train 3.156745
11697 train 3.129717
11698 train 3.073331
11699 train 3.135735
11700 train 3.085063
11701 train 3.022004
11702 train 3.079397
11703 train 3.133498
11704 train 3.121914
11705 train 3.082595
11706 train 3.127091
11707 train 3.087155
11708 train 3.057889
11709 train 3.060855
11710 train 3.145848
11711 train 3.124790
11712 train 3.155301
11713 train 3.109284
11714 train 3.102670
11715 train 3.082546
11716 train 3.237309
11717 train 3.088490
11718 train 3.077758
11719 train 3.080889
11720 train 3.152635
11721 train 3.113524
11722 train 3.159337
11723 train 3.127212
11724 train 3.117798
11725 train 3.075017
11726 train 3.135452
11727 train 3.071443
11728 train 3.123971
11729 train 3.123134
11730 train 3.131848
11731 train 3.128786
11732 train 3.113872
11733 train 3.086600
11734 train 3.093587
11735 train 3.125710
11736 train 3.010675
11737 train 3.034479
11738 train 3.024816
11739 train 3.080137
11740 train 3.116651
11741 train 3.115438
11742 train 3.077072
11743 train 3.093736
11744 train 3.087264
11745 train 3.150928
11746 train 3.119682
11747 train 3.099127
11748 train 3.095022
11749 train 3.046557
11750 train 3.037421
11751 train 3.071615
11752 train 3.037060
11753 train 3.013456
11754 train 3.002385
11755 train 3.052876
11756 train 3.032618
11757 train 3.003886
11758 train 3.081824
11759 train 3.056640
11760 train 3.034937
11761 train 3.223985
11762 train 3.125673
11763 train 3.168739
11764 train 3.119536
11765 train 3.149292
11766 train 3.176539
11767 train 3.164050
11768 train 3.137299
11769 train 3.155053
11770 train 3.115893
11771 train 3.125724
11772 train 3.146048
11773 train 3.097771
11774 train 3.096213
11775 train 3.102577
11776 train 3.074169
11777 train 3.098742
11778 train 3.077840
11779 train 3.121550
11780 train 3.024707
11781 train 3.109815
11782 train 3.077559
11783 train 3.074878
11784 train 3.066336
11785 train 3.061260
11786 train 3.071237
11787 train 3.058270
11788 train 3.082067
11789 train 3.017241
11790 train 3.014321
11791 train 3.051954
11792 train 3.042480
11793 train 3.120091
11794 train 3.050623
11795 train 3.009813
11796 train 3.050477
11797 train 3.118976
11798 train 3.107292
11799 train 3.121696
11800 train 3.108104
11801 train 3.105178
11802 train 3.186288
11803 train 3.139900
11804 train 3.127771
11805 train 3.096723
11806 train 3.126565
11807 train 3.149073
11808 train 3.165340
11809 train 3.067613
11810 train 3.113122
11811 train 3.115809
11812 train 3.054904
11813 train 3.075432
11814 train 3.089961
11815 train 3.081042
11816 train 3.131015
11817 train 3.042250
11818 train 3.111236
11819 train 3.133739
11820 train 3.030926
11821 train 2.970208
11822 train 3.127762
11823 train 3.024102
11824 train 3.037309
11825 train 3.053633
11826 train 3.057019
11827 train 3.015928
11828 train 3.031795
11829 train 3.069378
11830 train 3.042685
11831 train 3.079165
11832 train 3.084697
11833 train 3.093271
11834 train 3.146071
11835 train 3.205303
11836 train 3.127485
11837 train 3.129222
11838 train 3.167062
11839 train 3.125558
11840 train 3.125104
11841 train 3.095530
11842 train 3.210283
11843 train 3.131635
11844 train 3.106471
11845 train 3.072573
11846 train 3.100077
11847 train 3.076838
11848 train 3.128953
11849 train 3.099764
11850 train 3.074672
11851 train 3.062916
11852 train 3.136206
11853 train 3.081362
11854 train 3.111715
11855 train 3.044410
11856 train 3.045013
11857 train 3.024838
11858 train 3.027568
11859 train 3.081511
11860 train 3.019387
11861 train 3.087411
11862 train 2.996688
11863 train 3.031905
11864 train 3.068900
11865 train 3.003728
11866 train 3.049258
11867 train 3.115948
11868 train 3.133494
11869 train 3.201656
11870 train 3.165184
11871 train 3.123756
11872 train 3.105633
11873 train 3.164512
11874 train 3.145298
11875 train 3.161192
11876 train 3.092986
11877 train 3.170737
11878 train 3.108042
11879 train 3.055288
11880 train 3.055283
11881 train 3.092203
11882 train 3.132218
11883 train 3.122894
11884 train 3.100090
11885 train 3.101150
11886 train 3.140497
11887 train 3.070141
11888 train 3.076341
11889 train 3.089394
11890 train 3.090100
11891 train 3.099921
11892 train 3.035269
11893 train 3.024817
11894 train 2.968607
11895 train 3.014473
11896 train 3.014033
11897 train 3.073607
11898 train 3.030191
11899 train 3.082964
11900 train 3.070601
11901 train 3.010105
11902 train 3.040273
11903 train 3.127139
11904 train 3.116183
11905 train 3.111299
11906 train 3.135258
11907 train 3.087003
11908 train 3.152046
11909 train 3.109685
11910 train 3.127631
11911 train 3.184926
11912 train 3.171342
11913 train 3.178165
11914 train 3.099194
11915 train 3.124001
11916 train 3.039659
11917 train 3.074602
11918 train 3.113099
11919 train 3.075420
11920 train 3.102463
11921 train 3.147648
11922 train 3.074977
11923 train 3.115129
11924 train 3.057745
11925 train 3.105693
11926 train 3.054134
11927 train 3.049508
11928 train 3.003646
11929 train 3.056485
11930 train 3.009293
11931 train 2.985863
11932 train 3.020730
11933 train 3.001247
11934 train 3.009552
11935 train 2.960708
11936 train 3.052404
11937 train 3.132453
11938 train 3.157474
11939 train 3.180889
11940 train 3.094229
11941 train 3.109231
11942 train 3.103688
11943 train 3.102994
11944 train 3.177938
11945 train 3.108296
11946 train 3.104688
11947 train 3.102885
11948 train 3.207583
11949 train 3.193825
11950 train 3.153088
11951 train 3.160928
11952 train 3.123531
11953 train 3.151440
11954 train 3.110094
11955 train 3.124391
11956 train 3.112522
11957 train 3.094540
11958 train 3.139956
11959 train 3.116018
11960 train 3.087010
11961 train 3.154999
11962 train 3.113132
11963 train 3.086242
11964 train 3.099188
11965 train 3.084551
11966 train 3.150898
11967 train 3.105011
11968 train 3.040755
11969 train 3.063072
11970 train 3.058201
11971 train 3.076721
11972 train 2.989716
11973 train 2.994673
11974 train 3.007574
11975 train 3.009895
11976 train 3.063783
11977 train 2.970893
11978 train 2.998379
11979 train 3.056678
11980 train 3.050745
11981 train 2.971203
11982 train 3.018460
11983 train 3.003043
11984 train 3.102520
11985 train 3.132833
11986 train 3.082314
11987 train 3.105145
11988 train 3.189641
11989 train 3.198334
11990 train 3.120976
11991 train 3.125097
11992 train 3.111601
11993 train 3.161129
11994 train 3.081085
11995 train 3.121577
11996 train 3.146067
11997 train 3.084157
11998 train 3.167189
11999 train 3.120881
12000 train 3.136473
12001 train 3.118335
12002 train 3.133043
12003 train 3.180330
12004 train 3.112380
12005 train 3.119412
12006 train 3.135816
12007 train 3.106880
12008 train 3.138161
12009 train 3.084073
12010 train 3.079140
12011 train 3.141433
12012 train 3.046096
12013 train 3.211011
12014 train 3.079674
12015 train 3.072747
12016 train 3.080955
12017 train 3.123440
12018 train 3.033281
12019 train 3.008264
12020 train 3.005692
12021 train 3.029081
12022 train 3.003448
12023 train 3.028755
12024 train 2.971873
12025 train 3.015348
12026 train 2.987548
12027 train 3.022507
12028 train 2.995900
12029 train 2.965086
12030 train 3.147587
12031 train 3.167900
12032 train 3.156938
12033 train 3.152914
12034 train 3.221444
12035 train 3.134381
12036 train 3.159474
12037 train 3.125794
12038 train 3.144243
12039 train 3.068767
12040 train 3.196989
12041 train 3.128702
12042 train 3.085067
12043 train 3.063182
12044 train 3.086463
12045 train 3.119584
12046 train 3.123111
12047 train 3.143860
12048 train 3.047492
12049 train 3.117828
12050 train 3.109646
12051 train 3.018596
12052 train 3.118588
12053 train 3.130488
12054 train 3.092813
12055 train 3.086467
12056 train 3.089394
12057 train 3.082960
12058 train 3.107379
12059 train 3.054928
12060 train 3.055157
12061 train 3.098029
12062 train 3.048129
12063 train 3.121764
12064 train 3.058479
12065 train 2.965636
12066 train 3.054815
12067 train 3.005116
12068 train 2.991486
12069 train 3.026592
12070 train 3.066366
12071 train 2.994225
12072 train 3.110856
12073 train 3.015297
12074 train 3.017709
12075 train 3.053793
12076 train 2.943459
12077 train 3.034265
12078 train 3.138369
12079 train 3.097438
12080 train 3.165888
12081 train 3.118658
12082 train 3.172529
12083 train 3.136332
12084 train 3.133984
12085 train 3.174264
12086 train 3.080441
12087 train 3.109396
12088 train 3.094639
12089 train 3.133777
12090 train 3.197628
12091 train 3.111393
12092 train 3.108987
12093 train 3.156781
12094 train 3.157264
12095 train 3.163199
12096 train 3.157121
12097 train 3.097244
12098 train 3.142178
12099 train 3.119309
12100 train 3.096847
12101 train 3.130105
12102 train 3.092995
12103 train 3.089405
12104 train 3.067569
12105 train 3.127384
12106 train 3.067873
12107 train 3.098969
12108 train 3.055392
12109 train 3.100391
12110 train 3.059449
12111 train 3.062036
12112 train 3.110216
12113 train 3.060397
12114 train 2.985530
12115 train 3.006269
12116 train 2.951649
12117 train 3.011067
12118 train 2.994310
12119 train 3.092077
12120 train 3.136657
12121 train 3.147132
12122 train 3.127230
12123 train 3.124118
12124 train 3.093116
12125 train 3.097697
12126 train 3.110427
12127 train 3.060064
12128 train 3.119722
12129 train 3.100837
12130 train 3.131318
12131 train 3.100681
12132 train 3.114835
12133 train 3.070560
12134 train 3.077192
12135 train 3.118181
12136 train 3.098453
12137 train 3.110767
12138 train 3.099299
12139 train 3.138074
12140 train 3.072925
12141 train 3.104678
12142 train 3.048262
12143 train 3.074576
12144 train 3.114414
12145 train 3.070851
12146 train 3.168913
12147 train 3.165958
12148 train 3.114774
12149 train 3.108581
12150 train 3.088938
12151 train 3.131623
12152 train 3.128447
12153 train 3.130234
12154 train 3.133579
12155 train 3.149708
12156 train 3.106972
12157 train 3.085161
12158 train 3.069673
12159 train 3.126219
12160 train 3.108408
12161 train 3.076586
12162 train 3.142723
12163 train 3.134015
12164 train 3.083110
12165 train 3.083560
12166 train 3.144823
12167 train 3.114922
12168 train 3.086747
12169 train 3.076110
12170 train 3.099041
12171 train 3.046404
12172 train 3.007101
12173 train 3.187114
12174 train 3.095244
12175 train 3.089304
12176 train 3.190972
12177 train 3.070058
12178 train 3.073274
12179 train 3.054812
12180 train 3.103453
12181 train 3.140904
12182 train 3.155842
12183 train 3.109698
12184 train 3.067490
12185 train 3.160682
12186 train 3.168515
12187 train 3.058112
12188 train 3.150302
12189 train 3.048567
12190 train 3.135837
12191 train 3.158182
12192 train 3.131699
12193 train 3.095265
12194 train 3.045702
12195 train 3.101510
12196 train 3.080232
12197 train 3.098861
12198 train 3.074945
12199 train 3.110377
12200 train 3.051360
12201 train 3.084652
12202 train 3.100708
12203 train 3.078376
12204 train 3.054147
12205 train 3.087955
12206 train 3.086064
12207 train 3.095929
12208 train 3.075197
12209 train 3.141583
12210 train 3.066936
12211 train 3.087368
12212 train 3.098141
12213 train 3.102825
12214 train 3.105236
12215 train 3.118593
12216 train 3.145047
12217 train 3.165517
12218 train 3.158418
12219 train 3.098894
12220 train 3.126291
12221 train 3.274436
12222 train 3.097795
12223 train 3.137955
12224 train 3.140635
12225 train 3.118657
12226 train 3.008653
12227 train 3.077137
12228 train 3.106313
12229 train 3.088435
12230 train 3.031083
12231 train 3.154961
12232 train 3.067288
12233 train 3.065126
12234 train 3.058738
12235 train 3.052802
12236 train 3.082946
12237 train 3.094949
12238 train 3.105701
12239 train 3.081633
12240 train 3.053068
12241 train 3.127424
12242 train 3.066752
12243 train 3.075495
12244 train 3.092152
12245 train 3.109314
12246 train 3.076318
12247 train 3.077907
12248 train 3.125174
12249 train 3.044724
12250 train 3.131286
12251 train 3.130731
12252 train 3.145894
12253 train 3.126344
12254 train 3.129586
12255 train 3.168375
12256 train 3.126585
12257 train 3.095646
12258 train 3.073180
12259 train 3.102324
12260 train 3.134163
12261 train 3.131556
12262 train 3.107857
12263 train 3.050337
12264 train 3.096302
12265 train 3.161998
12266 train 3.105976
12267 train 3.094739
12268 train 3.126889
12269 train 3.074363
12270 train 3.128589
12271 train 3.150753
12272 train 3.068417
12273 train 3.067322
12274 train 3.098649
12275 train 3.097525
12276 train 3.063284
12277 train 3.080034
12278 train 3.089162
12279 train 3.112338
12280 train 3.110847
12281 train 3.127377
12282 train 3.099016
12283 train 3.105161
12284 train 3.078318
12285 train 3.018946
12286 train 3.093633
12287 train 3.146744
12288 train 3.103983
12289 train 3.052158
12290 train 3.118028
12291 train 3.045208
12292 train 3.156051
12293 train 3.072016
12294 train 3.167722
12295 train 3.122260
12296 train 3.091826
12297 train 3.086646
12298 train 3.147083
12299 train 3.083222
12300 train 3.109586
12301 train 3.141848
12302 train 3.093227
12303 train 3.131665
12304 train 3.080050
12305 train 3.104961
12306 train 3.117521
12307 train 3.146400
12308 train 3.107508
12309 train 3.081687
12310 train 3.124614
12311 train 3.111250
12312 train 3.152573
12313 train 3.107615
12314 train 3.122662
12315 train 3.119031
12316 train 3.039791
12317 train 3.112724
12318 train 3.100980
12319 train 3.089714
12320 train 3.104337
12321 train 3.052691
12322 train 3.101763
12323 train 3.099628
12324 train 3.122892
12325 train 3.107138
12326 train 3.040631
12327 train 3.089208
12328 train 3.091010
12329 train 3.042498
12330 train 3.039917
12331 train 3.112029
12332 train 3.044680
12333 train 3.071609
12334 train 3.108831
12335 train 3.068127
12336 train 3.044333
12337 train 3.051203
12338 train 3.230483
12339 train 3.039250
12340 train 3.117974
12341 train 3.099518
12342 train 3.180835
12343 train 3.134509
12344 train 3.135426
12345 train 3.112376
12346 train 3.113350
12347 train 3.047799
12348 train 3.145344
12349 train 3.064438
12350 train 3.084393
12351 train 3.093146
12352 train 3.072015
12353 train 3.086235
12354 train 3.105572
12355 train 3.072781
12356 train 3.103189
12357 train 3.085072
12358 train 3.099413
12359 train 3.063968
12360 train 3.099516
12361 train 3.054921
12362 train 3.058258
12363 train 3.050789
12364 train 3.077025
12365 train 3.017569
12366 train 3.109945
12367 train 3.105354
12368 train 3.027674
12369 train 3.065618
12370 train 3.051751
12371 train 3.049537
12372 train 3.069181
12373 train 3.115444
12374 train 3.079380
12375 train 3.107403
12376 train 3.131143
12377 train 3.156919
12378 train 3.100094
12379 train 3.119152
12380 train 3.100526
12381 train 3.123461
12382 train 3.101759
12383 train 3.053341
12384 train 3.094993
12385 train 3.099067
12386 train 3.058098
12387 train 3.058880
12388 train 3.060800
12389 train 3.151966
12390 train 3.132364
12391 train 3.078292
12392 train 3.087900
12393 train 3.117038
12394 train 3.021840
12395 train 3.071866
12396 train 3.051418
12397 train 3.091006
12398 train 3.068536
12399 train 3.054982
12400 train 3.019466
12401 train 3.051135
12402 train 3.004716
12403 train 3.031109
12404 train 3.068505
12405 train 3.095423
12406 train 3.048203
12407 train 3.062482
12408 train 3.185441
12409 train 3.118425
12410 train 3.057884
12411 train 3.061165
12412 train 3.156727
12413 train 3.100196
12414 train 3.028506
12415 train 3.243981
12416 train 3.083172
12417 train 3.148711
12418 train 3.086681
12419 train 3.096189
12420 train 3.044691
12421 train 3.046259
12422 train 3.090770
12423 train 3.100282
12424 train 3.087158
12425 train 3.095610
12426 train 3.139287
12427 train 3.085262
12428 train 3.054795
12429 train 3.032672
12430 train 3.087227
12431 train 3.042892
12432 train 3.054650
12433 train 3.060193
12434 train 3.087715
12435 train 3.027630
12436 train 3.079143
12437 train 3.012640
12438 train 3.158380
12439 train 3.026147
12440 train 3.025860
12441 train 3.071375
12442 train 3.116723
12443 train 3.091528
12444 train 3.058563
12445 train 3.110656
12446 train 3.079582
12447 train 3.064672
12448 train 3.268014
12449 train 3.105963
12450 train 3.076844
12451 train 3.089993
12452 train 3.074685
12453 train 3.136353
12454 train 3.126201
12455 train 3.068798
12456 train 3.117766
12457 train 3.093509
12458 train 3.121275
12459 train 3.071274
12460 train 3.059071
12461 train 3.099555
12462 train 3.124491
12463 train 3.083824
12464 train 3.036112
12465 train 3.019061
12466 train 3.066465
12467 train 3.087100
12468 train 3.077146
12469 train 3.040988
12470 train 3.094868
12471 train 3.081413
12472 train 3.050688
12473 train 3.107532
12474 train 3.018053
12475 train 3.068221
12476 train 3.109285
12477 train 3.112339
12478 train 3.086620
12479 train 3.113466
12480 train 3.093996
12481 train 3.127757
12482 train 3.112925
12483 train 3.115935
12484 train 3.130644
12485 train 3.128031
12486 train 3.144060
12487 train 3.105221
12488 train 3.077895
12489 train 3.069463
12490 train 3.079319
12491 train 3.096338
12492 train 3.079618
12493 train 3.107168
12494 train 3.118304
12495 train 3.090527
12496 train 3.116264
12497 train 3.101910
12498 train 3.055046
12499 train 3.081643
12500 val 3.0682
12500 hella 0.3030
12500 train 3.084717
12501 train 3.111944
12502 train 3.117372
12503 train 3.149119
12504 train 3.117067
12505 train 3.148721
12506 train 3.157755
12507 train 3.124851
12508 train 3.160308
12509 train 3.136996
12510 train 3.187652
12511 train 3.159913
12512 train 3.119646
12513 train 3.156967
12514 train 3.195035
12515 train 3.156755
12516 train 3.177114
12517 train 3.173669
12518 train 3.133129
12519 train 3.109497
12520 train 3.011772
12521 train 3.186223
12522 train 3.080055
12523 train 3.085044
12524 train 3.184886
12525 train 3.111859
12526 train 3.067769
12527 train 3.072477
12528 train 3.043677
12529 train 3.056761
12530 train 3.095595
12531 train 3.157552
12532 train 3.152829
12533 train 3.033265
12534 train 3.115088
12535 train 3.161608
12536 train 3.066110
12537 train 3.092144
12538 train 3.144272
12539 train 3.176654
12540 train 3.134275
12541 train 3.118506
12542 train 3.133295
12543 train 3.081920
12544 train 3.190077
12545 train 3.148875
12546 train 3.207477
12547 train 3.120933
12548 train 3.192210
12549 train 3.117462
12550 train 3.119056
12551 train 3.103864
12552 train 3.130627
12553 train 3.104139
12554 train 3.112731
12555 train 3.126389
12556 train 3.079246
12557 train 3.110562
12558 train 3.118924
12559 train 3.033251
12560 train 3.070764
12561 train 3.056990
12562 train 3.094215
12563 train 3.035809
12564 train 3.130372
12565 train 3.108552
12566 train 3.080328
12567 train 3.153009
12568 train 3.096695
12569 train 3.107790
12570 train 3.088549
12571 train 3.071153
12572 train 3.068312
12573 train 3.106663
12574 train 3.079957
12575 train 3.162684
12576 train 3.107344
12577 train 3.139291
12578 train 3.168363
12579 train 3.208031
12580 train 3.092628
12581 train 3.143850
12582 train 3.178844
12583 train 3.154400
12584 train 3.140778
12585 train 3.133075
12586 train 3.150472
12587 train 3.114264
12588 train 3.106021
12589 train 3.058321
12590 train 3.029885
12591 train 3.123669
12592 train 3.095641
12593 train 3.047469
12594 train 3.102950
12595 train 3.122401
12596 train 3.088864
12597 train 3.027343
12598 train 3.095031
12599 train 3.126269
12600 train 3.087355
12601 train 3.111311
12602 train 3.145410
12603 train 3.148953
12604 train 3.131886
12605 train 3.147530
12606 train 3.175622
12607 train 3.097538
12608 train 3.191738
12609 train 3.191796
12610 train 3.173045
12611 train 3.072589
12612 train 3.148375
12613 train 3.195967
12614 train 3.123033
12615 train 3.176033
12616 train 3.144339
12617 train 3.124986
12618 train 3.152450
12619 train 3.097564
12620 train 3.137913
12621 train 3.141302
12622 train 3.042493
12623 train 3.116791
12624 train 3.109434
12625 train 3.111275
12626 train 3.074780
12627 train 3.126687
12628 train 3.097373
12629 train 3.089511
12630 train 3.109306
12631 train 3.098267
12632 train 3.079379
12633 train 3.062643
12634 train 3.134026
12635 train 3.155573
12636 train 3.131588
12637 train 3.137048
12638 train 3.158290
12639 train 3.182844
12640 train 3.123216
12641 train 3.095307
12642 train 3.081874
12643 train 3.134445
12644 train 3.162035
12645 train 3.134668
12646 train 3.149145
12647 train 3.113523
12648 train 3.150491
12649 train 3.135252
12650 train 3.216092
12651 train 3.112412
12652 train 3.175050
12653 train 3.113587
12654 train 3.126361
12655 train 3.148818
12656 train 3.157013
12657 train 3.107809
12658 train 3.047302
12659 train 3.077430
12660 train 3.104604
12661 train 3.079914
12662 train 3.039801
12663 train 3.072793
12664 train 3.100047
12665 train 3.104955
12666 train 3.113039
12667 train 3.086272
12668 train 3.131971
12669 train 3.088470
12670 train 3.149738
12671 train 3.121965
12672 train 3.118274
12673 train 3.173551
12674 train 3.161274
12675 train 3.104570
12676 train 3.053083
12677 train 2.883370
12678 train 3.121151
12679 train 3.134178
12680 train 3.114630
12681 train 3.177674
12682 train 3.084771
12683 train 3.156096
12684 train 3.154162
12685 train 3.216457
12686 train 3.141959
12687 train 3.134290
12688 train 3.135373
12689 train 3.158169
12690 train 3.200157
12691 train 3.160177
12692 train 3.107283
12693 train 3.082103
12694 train 3.029473
12695 train 3.116873
12696 train 3.093544
12697 train 3.069094
12698 train 3.068101
12699 train 3.017841
12700 train 3.006142
12701 train 3.048511
12702 train 3.016891
12703 train 3.048203
12704 train 3.054893
12705 train 2.998887
12706 train 3.098524
12707 train 3.024887
12708 train 3.021981
12709 train 3.065787
12710 train 3.173845
12711 train 3.131207
12712 train 3.152353
12713 train 3.170831
12714 train 3.061868
12715 train 3.105042
12716 train 3.129730
12717 train 3.179861
12718 train 3.122861
12719 train 3.093901
12720 train 3.114625
12721 train 3.013020
12722 train 3.081715
12723 train 3.103748
12724 train 3.081379
12725 train 3.088280
12726 train 3.099954
12727 train 3.097239
12728 train 3.083494
12729 train 3.077729
12730 train 3.158689
12731 train 3.078380
12732 train 3.068052
12733 train 3.013583
12734 train 3.043907
12735 train 3.036205
12736 train 3.045353
12737 train 3.043110
12738 train 3.019745
12739 train 3.010096
12740 train 3.053357
12741 train 3.007338
12742 train 3.014145
12743 train 3.101858
12744 train 3.080056
12745 train 3.104083
12746 train 3.103429
12747 train 3.085363
12748 train 3.106915
12749 train 3.158219
12750 train 3.089393
12751 train 3.089380
12752 train 3.085623
12753 train 3.069935
12754 train 3.076855
12755 train 3.042342
12756 train 3.024726
12757 train 3.043247
12758 train 3.099542
12759 train 3.151478
12760 train 3.031711
12761 train 3.081095
12762 train 3.109806
12763 train 3.083987
12764 train 3.074761
12765 train 3.073549
12766 train 3.126675
12767 train 3.089187
12768 train 3.035016
12769 train 3.041590
12770 train 3.049088
12771 train 3.041049
12772 train 3.045977
12773 train 2.990825
12774 train 2.990856
12775 train 3.022491
12776 train 3.051645
12777 train 2.998012
12778 train 3.047357
12779 train 3.062946
12780 train 3.159624
12781 train 3.043465
12782 train 3.181498
12783 train 3.100295
12784 train 3.092526
12785 train 3.115978
12786 train 3.193473
12787 train 3.100118
12788 train 3.122021
12789 train 3.127968
12790 train 3.015729
12791 train 3.031595
12792 train 3.044952
12793 train 3.200749
12794 train 3.111463
12795 train 3.055890
12796 train 3.079130
12797 train 3.046947
12798 train 3.045069
12799 train 3.054455
12800 train 3.095711
12801 train 3.103846
12802 train 3.074889
12803 train 3.036324
12804 train 3.023153
12805 train 3.064609
12806 train 3.058798
12807 train 3.075639
12808 train 3.019826
12809 train 3.039189
12810 train 3.014137
12811 train 3.029280
12812 train 2.989990
12813 train 3.025249
12814 train 3.060312
12815 train 3.081539
12816 train 3.086517
12817 train 3.128110
12818 train 3.097602
12819 train 3.089009
12820 train 3.173993
12821 train 3.083354
12822 train 3.048453
12823 train 3.142060
12824 train 3.212436
12825 train 3.123638
12826 train 3.078743
12827 train 3.064338
12828 train 3.059469
12829 train 3.073560
12830 train 2.994224
12831 train 3.060186
12832 train 3.069796
12833 train 3.042869
12834 train 3.061049
12835 train 3.090387
12836 train 3.109946
12837 train 3.097813
12838 train 3.046032
12839 train 3.030006
12840 train 3.037020
12841 train 3.022404
12842 train 2.977629
12843 train 3.025833
12844 train 3.063126
12845 train 3.034641
12846 train 3.084829
12847 train 2.999289
12848 train 3.013278
12849 train 3.021585
12850 train 3.124178
12851 train 3.178984
12852 train 3.110211
12853 train 3.119286
12854 train 3.127898
12855 train 3.159358
12856 train 3.123842
12857 train 3.117627
12858 train 3.103866
12859 train 3.091255
12860 train 3.116547
12861 train 3.065510
12862 train 3.128461
12863 train 3.153909
12864 train 3.086499
12865 train 3.087543
12866 train 3.150915
12867 train 3.111756
12868 train 3.050240
12869 train 3.066775
12870 train 3.055171
12871 train 3.082117
12872 train 3.076152
12873 train 3.019636
12874 train 3.131647
12875 train 3.042985
12876 train 3.022522
12877 train 2.990194
12878 train 3.104838
12879 train 3.034835
12880 train 3.034634
12881 train 2.974470
12882 train 3.040678
12883 train 3.088576
12884 train 3.123952
12885 train 3.107955
12886 train 3.100867
12887 train 3.079050
12888 train 3.095061
12889 train 3.088641
12890 train 3.066836
12891 train 3.113227
12892 train 3.100034
12893 train 3.137908
12894 train 3.078148
12895 train 3.065964
12896 train 3.101484
12897 train 3.042041
12898 train 3.056796
12899 train 3.141380
12900 train 3.125282
12901 train 3.052125
12902 train 3.089180
12903 train 3.106262
12904 train 3.091869
12905 train 3.077229
12906 train 3.035623
12907 train 3.073126
12908 train 3.060364
12909 train 3.036233
12910 train 3.072263
12911 train 3.048848
12912 train 3.038575
12913 train 3.109790
12914 train 3.041443
12915 train 3.037105
12916 train 3.104333
12917 train 3.116988
12918 train 3.057629
12919 train 3.091250
12920 train 3.116018
12921 train 3.095636
12922 train 3.107841
12923 train 3.105572
12924 train 3.067333
12925 train 3.120443
12926 train 3.151634
12927 train 3.089342
12928 train 3.079421
12929 train 3.102172
12930 train 3.114923
12931 train 3.143054
12932 train 3.078215
12933 train 3.124497
12934 train 3.175698
12935 train 3.132436
12936 train 3.088731
12937 train 3.185828
12938 train 3.104500
12939 train 3.170335
12940 train 3.048067
12941 train 3.143227
12942 train 3.042568
12943 train 3.057070
12944 train 3.099645
12945 train 3.120901
12946 train 3.077429
12947 train 3.062567
12948 train 3.061347
12949 train 3.078670
12950 train 3.086366
12951 train 3.154540
12952 train 3.087043
12953 train 3.119666
12954 train 3.096110
12955 train 3.079442
12956 train 3.072700
12957 train 3.078552
12958 train 3.087659
12959 train 3.062623
12960 train 3.085671
12961 train 3.084729
12962 train 3.150167
12963 train 3.168868
12964 train 3.068405
12965 train 3.082729
12966 train 3.087229
12967 train 3.059111
12968 train 3.114742
12969 train 3.093796
12970 train 3.116054
12971 train 3.038285
12972 train 3.101962
12973 train 3.063803
12974 train 3.065463
12975 train 2.976129
12976 train 3.045916
12977 train 3.097048
12978 train 3.035453
12979 train 3.081033
12980 train 3.044696
12981 train 3.063880
12982 train 3.067025
12983 train 3.060967
12984 train 3.089922
12985 train 3.109147
12986 train 3.149955
12987 train 3.119730
12988 train 3.172461
12989 train 3.130543
12990 train 3.089297
12991 train 3.134909
12992 train 3.133338
12993 train 3.080524
12994 train 3.108368
12995 train 3.061964
12996 train 3.153778
12997 train 3.153755
12998 train 3.099708
12999 train 3.105459
13000 train 3.112334
13001 train 3.137894
13002 train 3.060317
13003 train 3.075413
13004 train 3.053995
13005 train 3.092635
13006 train 3.079036
13007 train 3.085745
13008 train 3.099179
13009 train 3.133589
13010 train 3.071463
13011 train 3.008376
13012 train 3.133406
13013 train 3.063296
13014 train 3.091984
13015 train 3.120217
13016 train 3.058438
13017 train 3.140080
13018 train 3.064359
13019 train 3.095258
13020 train 3.148770
13021 train 3.086768
13022 train 3.144607
13023 train 3.070599
13024 train 3.108000
13025 train 3.064025
13026 train 3.125314
13027 train 3.116879
13028 train 3.095484
13029 train 3.083268
13030 train 3.076938
13031 train 3.068167
13032 train 3.117998
13033 train 3.083868
13034 train 3.096051
13035 train 3.145902
13036 train 3.091666
13037 train 3.078548
13038 train 3.074154
13039 train 3.039016
13040 train 3.078628
13041 train 3.113711
13042 train 3.187494
13043 train 3.062788
13044 train 3.079370
13045 train 3.001805
13046 train 3.082826
13047 train 3.111264
13048 train 3.098671
13049 train 3.091434
13050 train 3.083984
13051 train 3.125918
13052 train 3.086970
13053 train 3.062114
13054 train 3.061228
13055 train 3.103768
13056 train 3.038446
13057 train 3.110092
13058 train 3.130656
13059 train 3.123675
13060 train 3.115974
13061 train 3.115574
13062 train 3.087347
13063 train 3.065628
13064 train 3.141179
13065 train 3.092946
13066 train 3.117769
13067 train 3.103613
13068 train 3.099511
13069 train 3.082161
13070 train 3.205401
13071 train 3.085561
13072 train 3.081330
13073 train 2.988302
13074 train 2.943821
13075 train 3.021215
13076 train 2.940454
13077 train 3.077657
13078 train 3.068718
13079 train 3.168984
13080 train 3.202413
13081 train 3.072106
13082 train 3.140420
13083 train 3.106421
13084 train 3.107327
13085 train 3.106518
13086 train 3.068822
13087 train 3.174174
13088 train 3.092008
13089 train 3.136444
13090 train 3.093720
13091 train 3.108283
13092 train 3.143728
13093 train 3.058619
13094 train 3.096641
13095 train 3.128754
13096 train 3.059599
13097 train 3.117350
13098 train 3.100303
13099 train 3.051090
13100 train 3.135755
13101 train 3.073060
13102 train 3.089963
13103 train 3.072673
13104 train 3.064044
13105 train 3.054172
13106 train 3.090874
13107 train 3.052553
13108 train 3.079768
13109 train 3.097764
13110 train 3.105528
13111 train 3.098202
13112 train 3.037627
13113 train 2.949268
13114 train 2.993584
13115 train 3.015912
13116 train 2.960269
13117 train 2.987924
13118 train 2.984604
13119 train 2.976434
13120 train 2.989285
13121 train 3.007474
13122 train 2.999506
13123 train 3.037312
13124 train 3.106039
13125 train 3.103217
13126 train 3.056658
13127 train 3.067425
13128 train 3.068300
13129 train 3.129148
13130 train 3.036901
13131 train 3.078100
13132 train 3.114514
13133 train 3.142541
13134 train 3.076887
13135 train 3.135230
13136 train 3.071767
13137 train 3.139140
13138 train 3.085272
13139 train 3.100571
13140 train 3.125367
13141 train 3.113982
13142 train 3.086811
13143 train 3.118296
13144 train 3.073191
13145 train 3.115740
13146 train 3.075739
13147 train 3.069323
13148 train 3.053941
13149 train 3.048549
13150 train 3.011997
13151 train 3.102571
13152 train 3.068272
13153 train 3.098998
13154 train 3.066108
13155 train 3.004889
13156 train 3.082618
13157 train 2.993350
13158 train 3.018595
13159 train 3.018555
13160 train 2.964036
13161 train 2.984347
13162 train 3.039176
13163 train 2.970098
13164 train 2.976688
13165 train 3.046740
13166 train 2.996399
13167 train 3.023171
13168 train 2.920879
13169 train 2.979197
13170 train 3.090830
13171 train 3.088219
13172 train 3.103322
13173 train 3.053517
13174 train 3.107572
13175 train 3.137230
13176 train 3.111995
13177 train 3.084689
13178 train 3.136635
13179 train 3.095693
13180 train 3.075633
13181 train 3.081830
13182 train 3.133561
13183 train 3.123772
13184 train 3.111981
13185 train 3.146416
13186 train 3.097795
13187 train 3.116631
13188 train 3.120874
13189 train 3.109941
13190 train 3.186197
13191 train 3.171372
13192 train 3.132118
13193 train 3.060401
13194 train 3.071710
13195 train 3.061277
13196 train 3.062082
13197 train 3.059612
13198 train 3.085603
13199 train 3.089919
13200 train 3.074074
13201 train 3.127077
13202 train 3.050257
13203 train 3.101353
13204 train 3.028399
13205 train 2.974209
13206 train 2.959739
13207 train 2.998790
13208 train 2.953377
13209 train 2.974066
13210 train 2.983171
13211 train 3.071294
13212 train 2.959170
13213 train 2.937327
13214 train 2.992643
13215 train 3.033629
13216 train 3.059768
13217 train 3.081738
13218 train 3.080563
13219 train 3.076033
13220 train 3.087680
13221 train 3.108111
13222 train 3.137917
13223 train 3.067901
13224 train 3.137302
13225 train 3.098800
13226 train 3.124563
13227 train 3.118588
13228 train 3.131042
13229 train 3.159336
13230 train 3.075034
13231 train 3.117033
13232 train 3.184951
13233 train 3.117413
13234 train 3.147521
13235 train 3.092522
13236 train 3.113111
13237 train 3.118613
13238 train 3.071103
13239 train 3.144447
13240 train 3.057495
13241 train 3.102647
13242 train 3.143103
13243 train 3.095830
13244 train 3.058361
13245 train 3.007959
13246 train 3.070254
13247 train 3.031436
13248 train 3.222463
13249 train 3.071095
13250 train 3.045043
13251 train 3.078751
13252 train 2.992070
13253 train 3.083041
13254 train 3.090382
13255 train 3.008584
13256 train 2.922528
13257 train 3.021620
13258 train 2.968232
13259 train 2.993573
13260 train 2.977010
13261 train 3.003842
13262 train 2.940861
13263 train 3.156885
13264 train 3.098669
13265 train 3.091563
13266 train 3.098790
13267 train 3.116755
13268 train 3.091335
13269 train 3.069222
13270 train 3.069188
13271 train 3.030280
13272 train 3.036913
13273 train 3.032612
13274 train 3.032605
13275 train 3.094145
13276 train 3.139369
13277 train 3.118098
13278 train 3.078903
13279 train 2.985456
13280 train 2.860787
13281 train 2.870445
13282 train 2.947798
13283 train 2.856481
13284 train 2.885628
13285 train 2.917514
13286 train 2.887146
13287 train 2.888620
13288 train 2.889716
13289 train 2.935362
13290 train 2.863011
13291 train 3.101982
13292 train 3.206130
13293 train 3.150391
13294 train 3.073904
13295 train 3.150546
13296 train 3.131498
13297 train 3.113003
13298 train 3.082615
13299 train 3.111080
13300 train 3.060369
13301 train 3.089154
13302 train 3.022746
13303 train 3.082737
13304 train 3.113267
13305 train 3.128350
13306 train 3.059312
13307 train 3.144204
13308 train 3.081792
13309 train 3.133452
13310 train 3.128525
13311 train 3.144565
13312 train 3.157342
13313 train 3.136877
13314 train 3.074843
13315 train 3.092037
13316 train 3.038484
13317 train 3.025571
13318 train 3.035890
13319 train 3.084296
13320 train 3.039815
13321 train 3.127455
13322 train 3.111624
13323 train 3.082539
13324 train 3.093834
13325 train 3.059905
13326 train 2.883277
13327 train 2.891456
13328 train 2.859882
13329 train 2.886926
13330 train 2.836204
13331 train 2.882859
13332 train 2.923239
13333 train 2.881116
13334 train 2.889188
13335 train 2.851223
13336 train 2.853679
13337 train 3.008701
13338 train 3.112043
13339 train 3.062238
13340 train 3.093717
13341 train 3.175751
13342 train 3.027621
13343 train 3.063993
13344 train 3.124528
13345 train 3.100349
13346 train 3.115062
13347 train 3.131627
13348 train 3.091534
13349 train 3.158676
13350 train 3.107489
13351 train 3.153861
13352 train 3.071933
13353 train 3.100136
13354 train 3.153471
13355 train 3.105031
13356 train 3.107305
13357 train 3.137345
13358 train 3.122953
13359 train 3.128962
13360 train 3.118134
13361 train 3.045283
13362 train 3.071962
13363 train 3.075867
13364 train 3.103327
13365 train 3.055078
13366 train 3.107251
13367 train 3.108392
13368 train 3.093265
13369 train 3.014021
13370 train 3.041656
13371 train 3.056921
13372 train 2.900287
13373 train 2.867637
13374 train 2.897727
13375 train 2.903430
13376 train 2.837640
13377 train 2.912309
13378 train 2.921379
13379 train 2.827678
13380 train 2.879480
13381 train 2.934671
13382 train 2.903485
13383 train 2.917156
13384 train 3.107786
13385 train 3.058644
13386 train 3.203240
13387 train 3.110440
13388 train 3.147341
13389 train 3.051992
13390 train 3.079678
13391 train 3.139778
13392 train 3.156114
13393 train 3.126779
13394 train 3.103295
13395 train 3.088873
13396 train 3.131581
13397 train 3.088899
13398 train 3.120751
13399 train 3.161494
13400 train 3.132706
13401 train 3.111723
13402 train 3.125665
13403 train 3.185736
13404 train 3.125206
13405 train 3.131517
13406 train 3.151388
13407 train 3.076301
13408 train 3.071906
13409 train 3.060714
13410 train 3.107456
13411 train 3.011893
13412 train 3.118896
13413 train 3.024328
13414 train 3.088427
13415 train 3.049721
13416 train 3.054440
13417 train 3.088522
13418 train 2.964142
13419 train 2.892037
13420 train 2.926177
13421 train 2.898196
13422 train 2.880359
13423 train 2.891572
13424 train 2.911120
13425 train 2.886841
13426 train 2.887860
13427 train 2.925962
13428 train 2.864559
13429 train 2.872693
13430 train 3.077898
13431 train 3.117256
13432 train 3.137123
13433 train 3.117910
13434 train 3.150440
13435 train 3.057122
13436 train 3.085743
13437 train 3.212514
13438 train 3.096843
13439 train 3.092052
13440 train 3.110601
13441 train 3.131300
13442 train 3.112154
13443 train 3.129178
13444 train 3.094778
13445 train 3.104170
13446 train 3.067175
13447 train 3.120533
13448 train 3.150593
13449 train 3.121619
13450 train 3.103720
13451 train 3.114351
13452 train 3.099365
13453 train 3.022185
13454 train 3.056789
13455 train 3.035905
13456 train 3.104107
13457 train 3.057849
13458 train 3.038394
13459 train 3.036899
13460 train 3.055464
13461 train 3.105472
13462 train 3.066226
13463 train 3.080624
13464 train 2.996338
13465 train 3.057891
13466 train 3.122429
13467 train 3.170128
13468 train 3.119167
13469 train 3.063074
13470 train 3.051151
13471 train 3.128609
13472 train 3.119257
13473 train 3.134041
13474 train 3.093994
13475 train 3.067904
13476 train 3.078849
13477 train 3.089959
13478 train 3.087695
13479 train 3.118198
13480 train 3.117887
13481 train 3.117324
13482 train 3.126477
13483 train 3.144563
13484 train 3.072457
13485 train 3.119904
13486 train 3.150127
13487 train 3.103786
13488 train 3.111817
13489 train 3.208676
13490 train 3.064328
13491 train 2.999164
13492 train 3.049345
13493 train 3.088893
13494 train 3.094411
13495 train 3.096259
13496 train 3.053640
13497 train 3.035270
13498 train 3.022330
13499 train 3.056461
13500 train 3.139076
13501 train 3.061119
13502 train 3.108720
13503 train 3.071666
13504 train 3.100950
13505 train 3.100320
13506 train 3.170764
13507 train 3.057000
13508 train 3.082422
13509 train 3.007447
13510 train 3.058025
13511 train 3.130993
13512 train 3.079129
13513 train 3.076581
13514 train 3.083101
13515 train 3.096828
13516 train 3.083043
13517 train 3.136658
13518 train 3.102887
13519 train 3.067608
13520 train 3.167137
13521 train 3.129210
13522 train 3.121933
13523 train 3.086607
13524 train 3.100192
13525 train 3.121160
13526 train 3.070020
13527 train 3.068555
13528 train 3.064386
13529 train 3.067778
13530 train 2.976813
13531 train 3.060368
13532 train 3.097203
13533 train 3.066635
13534 train 3.130947
13535 train 3.081399
13536 train 3.102053
13537 train 3.092192
13538 train 3.056005
13539 train 3.113261
13540 train 3.115060
13541 train 3.084623
13542 train 3.137798
13543 train 3.100079
13544 train 3.119013
13545 train 3.152369
13546 train 3.081731
13547 train 3.096623
13548 train 3.111538
13549 train 3.135454
13550 train 3.112218
13551 train 3.139455
13552 train 3.099211
13553 train 3.140394
13554 train 3.087212
13555 train 3.072300
13556 train 3.112328
13557 train 3.061800
13558 train 3.048426
13559 train 3.077724
13560 train 3.049146
13561 train 3.046435
13562 train 3.143713
13563 train 3.001084
13564 train 3.094713
13565 train 3.060440
13566 train 3.093429
13567 train 3.028657
13568 train 3.030716
13569 train 3.107528
13570 train 3.125322
13571 train 3.073976
13572 train 3.125891
13573 train 3.089361
13574 train 3.089323
13575 train 3.023129
13576 train 3.120605
13577 train 3.123808
13578 train 3.067303
13579 train 3.108457
13580 train 3.064595
13581 train 3.146931
13582 train 3.093936
13583 train 3.113744
13584 train 3.046612
13585 train 3.124782
13586 train 3.068795
13587 train 3.083311
13588 train 3.112257
13589 train 3.020768
13590 train 2.985076
13591 train 3.087636
13592 train 3.048026
13593 train 3.064959
13594 train 3.104224
13595 train 3.068708
13596 train 3.027961
13597 train 3.037876
13598 train 3.091187
13599 train 2.988884
13600 train 3.078650
13601 train 3.041240
13602 train 3.059840
13603 train 3.102875
13604 train 3.079149
13605 train 3.095434
13606 train 3.143516
13607 train 3.115443
13608 train 3.105217
13609 train 3.081443
13610 train 3.075172
13611 train 3.073252
13612 train 3.132762
13613 train 3.186692
13614 train 3.179949
13615 train 3.107557
13616 train 3.090812
13617 train 3.092511
13618 train 3.037811
13619 train 3.070639
13620 train 3.062284
13621 train 3.058654
13622 train 3.091400
13623 train 3.006696
13624 train 3.096720
13625 train 3.094648
13626 train 3.058933
13627 train 3.071150
13628 train 3.047946
13629 train 3.033114
13630 train 3.003506
13631 train 3.069037
13632 train 3.059226
13633 train 3.026289
13634 train 3.027954
13635 train 3.057547
13636 train 3.066296
13637 train 3.074724
13638 train 3.058606
13639 train 3.138177
13640 train 3.074609
13641 train 3.104354
13642 train 3.162261
13643 train 3.116288
13644 train 3.130051
13645 train 3.128299
13646 train 3.094994
13647 train 3.106940
13648 train 3.178768
13649 train 3.083728
13650 train 3.110719
13651 train 3.111617
13652 train 3.134057
13653 train 3.071293
13654 train 3.109547
13655 train 3.101100
13656 train 3.120669
13657 train 3.071761
13658 train 3.093172
13659 train 3.061150
13660 train 3.033070
13661 train 3.078798
13662 train 3.132000
13663 train 3.058277
13664 train 2.995995
13665 train 2.972865
13666 train 3.065726
13667 train 2.989732
13668 train 3.005897
13669 train 3.024692
13670 train 2.982828
13671 train 3.013067
13672 train 2.997014
13673 train 3.029345
13674 train 3.013578
13675 train 3.026119
13676 train 3.097028
13677 train 3.152163
13678 train 3.121631
13679 train 3.110629
13680 train 3.116212
13681 train 3.154820
13682 train 3.155776
13683 train 3.185412
13684 train 3.090922
13685 train 3.156031
13686 train 3.062561
13687 train 3.114508
13688 train 3.066560
13689 train 3.077371
13690 train 3.012907
13691 train 3.091023
13692 train 3.058514
13693 train 3.238637
13694 train 3.074950
13695 train 3.064554
13696 train 3.067332
13697 train 3.064853
13698 train 3.006960
13699 train 3.013870
13700 train 3.024137
13701 train 3.018517
13702 train 2.963152
13703 train 3.034273
13704 train 3.001724
13705 train 2.995217
13706 train 2.996036
13707 train 3.017294
13708 train 3.025011
13709 train 3.026104
13710 train 3.130066
13711 train 3.134153
13712 train 3.153715
13713 train 3.133566
13714 train 3.094688
13715 train 3.093349
13716 train 3.098018
13717 train 3.119476
13718 train 3.081925
13719 train 3.105660
13720 train 3.132484
13721 train 3.086669
13722 train 3.086075
13723 train 3.017148
13724 train 3.090256
13725 train 3.080534
13726 train 3.085330
13727 train 3.087769
13728 train 3.136561
13729 train 3.111136
13730 train 3.045936
13731 train 3.066584
13732 train 3.074495
13733 train 3.055114
13734 train 3.044701
13735 train 3.019732
13736 train 2.996860
13737 train 2.958473
13738 train 3.013265
13739 train 2.964195
13740 train 3.017805
13741 train 3.017609
13742 train 3.080174
13743 train 3.042714
13744 train 3.023042
13745 train 2.991250
13746 train 3.118744
13747 train 3.102501
13748 train 3.059325
13749 train 3.160094
13750 train 3.136064
13751 train 3.115855
13752 train 3.095513
13753 train 3.097293
13754 train 3.124329
13755 train 3.078298
13756 train 3.099225
13757 train 3.078792
13758 train 3.107384
13759 train 3.104013
13760 train 3.070239
13761 train 3.161533
13762 train 3.079484
13763 train 3.063904
13764 train 3.060163
13765 train 3.073103
13766 train 3.097897
13767 train 3.069292
13768 train 3.073202
13769 train 3.055572
13770 train 2.976650
13771 train 2.991640
13772 train 3.025865
13773 train 3.066419
13774 train 2.966503
13775 train 3.034248
13776 train 3.017992
13777 train 3.044693
13778 train 3.005691
13779 train 2.988696
13780 train 3.049297
13781 train 3.065884
13782 train 3.082807
13783 train 3.074029
13784 train 3.141937
13785 train 3.109485
13786 train 3.143813
13787 train 3.088269
13788 train 3.102937
13789 train 3.176771
13790 train 3.103429
13791 train 3.013627
13792 train 3.096599
13793 train 3.013102
13794 train 3.187463
13795 train 3.068544
13796 train 3.063303
13797 train 3.051351
13798 train 3.078644
13799 train 3.063160
13800 train 3.085763
13801 train 3.042705
13802 train 2.996945
13803 train 3.096840
13804 train 3.004106
13805 train 3.003593
13806 train 3.015908
13807 train 3.037534
13808 train 3.004528
13809 train 2.960831
13810 train 3.015808
13811 train 3.014062
13812 train 2.982500
13813 train 3.044019
13814 train 2.970973
13815 train 2.993081
13816 train 3.088854
13817 train 3.149641
13818 train 3.127050
13819 train 3.095941
13820 train 3.072845
13821 train 3.185848
13822 train 3.112994
13823 train 3.158327
13824 train 3.071652
13825 train 3.178820
13826 train 3.035152
13827 train 3.150221
13828 train 3.061901
13829 train 3.068034
13830 train 3.065649
13831 train 3.018526
13832 train 3.061130
13833 train 3.080628
13834 train 3.025111
13835 train 3.103692
13836 train 3.070107
13837 train 3.060773
13838 train 3.020167
13839 train 3.059803
13840 train 3.120577
13841 train 2.967205
13842 train 3.074472
13843 train 3.092876
13844 train 3.024638
13845 train 2.916156
13846 train 2.896284
13847 train 2.865152
13848 train 2.864936
13849 train 2.912131
13850 train 2.902928
13851 train 2.866217
13852 train 2.862324
13853 train 2.870498
13854 train 2.965665
13855 train 2.906965
13856 train 3.047469
13857 train 3.053667
13858 train 3.064133
13859 train 3.119673
13860 train 3.066144
13861 train 3.033350
13862 train 3.043589
13863 train 3.080867
13864 train 3.090111
13865 train 3.132463
13866 train 3.096914
13867 train 3.127711
13868 train 3.116613
13869 train 3.103100
13870 train 3.088787
13871 train 3.087120
13872 train 3.114689
13873 train 3.143493
13874 train 3.085355
13875 train 3.100408
13876 train 3.086298
13877 train 3.110996
13878 train 3.069462
13879 train 3.080739
13880 train 3.079144
13881 train 3.074022
13882 train 3.062396
13883 train 3.045777
13884 train 3.130889
13885 train 3.076788
13886 train 3.049954
13887 train 3.087854
13888 train 3.053795
13889 train 3.067421
13890 train 3.130571
13891 train 2.891474
13892 train 2.839948
13893 train 2.886543
13894 train 2.944739
13895 train 2.886235
13896 train 2.924892
13897 train 2.944105
13898 train 2.857725
13899 train 2.914619
13900 train 2.908373
13901 train 2.923981
13902 train 2.978158
13903 train 3.207622
13904 train 3.072751
13905 train 3.190526
13906 train 3.056110
13907 train 3.116189
13908 train 3.096462
13909 train 3.129438
13910 train 3.083489
13911 train 3.077356
13912 train 3.097328
13913 train 3.153003
13914 train 3.080752
13915 train 3.096614
13916 train 3.019012
13917 train 3.078683
13918 train 3.121100
13919 train 3.098202
13920 train 3.097588
13921 train 3.028209
13922 train 3.043200
13923 train 2.999711
13924 train 3.050497
13925 train 3.131970
13926 train 3.036675
13927 train 3.120372
13928 train 3.044826
13929 train 3.036914
13930 train 3.005866
13931 train 3.037146
13932 train 2.969961
13933 train 3.042128
13934 train 3.036327
13935 train 3.110375
13936 train 3.083020
13937 train 3.057271
13938 train 2.958135
13939 train 2.975017
13940 train 2.929255
13941 train 2.880341
13942 train 2.897153
13943 train 2.939262
13944 train 2.890395
13945 train 2.916258
13946 train 2.884374
13947 train 2.917166
13948 train 2.942129
13949 train 2.930736
13950 train 3.057674
13951 train 3.065377
13952 train 3.064194
13953 train 3.056187
13954 train 3.110318
13955 train 3.317794
13956 train 3.112560
13957 train 3.052546
13958 train 3.095774
13959 train 3.072051
13960 train 3.113709
13961 train 3.140596
13962 train 3.110865
13963 train 3.049087
13964 train 3.160556
13965 train 3.070718
13966 train 3.085190
13967 train 3.124625
13968 train 3.085657
13969 train 3.085485
13970 train 3.102988
13971 train 3.119409
13972 train 3.082612
13973 train 3.051843
13974 train 3.001686
13975 train 3.032430
13976 train 3.023205
13977 train 3.028790
13978 train 3.065870
13979 train 3.124236
13980 train 3.018131
13981 train 3.002553
13982 train 3.080948
13983 train 3.108080
13984 train 3.026066
13985 train 2.924488
13986 train 2.931966
13987 train 2.935070
13988 train 2.915241
13989 train 2.908887
13990 train 3.000792
13991 train 2.880937
13992 train 2.935350
13993 train 2.935715
13994 train 2.943136
13995 train 2.927598
13996 train 2.945714
13997 train 3.095632
13998 train 3.106797
13999 train 3.165928
14000 train 3.132288
14001 train 3.058120
14002 train 3.106585
14003 train 3.118675
14004 train 3.105963
14005 train 3.171983
14006 train 3.129148
14007 train 3.078828
14008 train 3.118865
14009 train 3.127553
14010 train 3.109884
14011 train 3.081052
14012 train 3.058823
14013 train 3.114704
14014 train 3.104084
14015 train 3.116224
14016 train 3.074166
14017 train 3.114509
14018 train 3.091506
14019 train 3.054821
14020 train 3.092713
14021 train 3.057240
14022 train 3.188371
14023 train 3.036358
14024 train 3.016511
14025 train 3.091450
14026 train 3.108551
14027 train 3.093728
14028 train 3.086826
14029 train 3.032986
14030 train 3.053154
14031 train 3.003335
14032 train 3.068620
14033 train 3.011963
14034 train 3.085772
14035 train 3.016229
14036 train 3.033491
14037 train 3.072453
14038 train 3.070083
14039 train 2.957374
14040 train 2.966226
14041 train 2.864240
14042 train 2.876855
14043 train 2.953705
14044 train 2.922992
14045 train 2.856216
14046 train 2.957889
14047 train 2.907353
14048 train 2.874378
14049 train 2.905213
14050 train 2.873382
14051 train 3.085359
14052 train 3.081835
14053 train 3.114550
14054 train 3.036452
14055 train 3.116345
14056 train 3.123036
14057 train 3.144227
14058 train 3.068928
14059 train 3.080328
14060 train 3.093881
14061 train 3.105549
14062 train 3.142252
14063 train 3.105235
14064 train 3.021969
14065 train 3.076356
14066 train 3.091557
14067 train 3.118499
14068 train 3.122107
14069 train 3.044067
14070 train 3.089658
14071 train 3.077041
14072 train 3.109460
14073 train 3.065847
14074 train 3.029105
14075 train 3.061789
14076 train 3.090339
14077 train 3.087727
14078 train 3.092742
14079 train 3.073882
14080 train 3.064796
14081 train 3.070501
14082 train 3.053860
14083 train 3.073102
14084 train 3.092404
14085 train 2.963738
14086 train 2.862941
14087 train 2.878529
14088 train 2.966433
14089 train 2.921466
14090 train 2.974277
14091 train 2.900687
14092 train 2.896669
14093 train 2.910840
14094 train 2.922617
14095 train 2.906837
14096 train 2.899196
14097 train 3.055074
14098 train 3.076668
14099 train 3.096706
14100 train 3.094482
14101 train 3.078895
14102 train 3.088721
14103 train 3.039027
14104 train 3.087479
14105 train 3.081289
14106 train 3.158903
14107 train 3.085292
14108 train 3.076731
14109 train 3.039675
14110 train 3.047799
14111 train 3.092188
14112 train 3.082102
14113 train 3.083201
14114 train 3.088396
14115 train 3.073383
14116 train 3.083915
14117 train 3.112904
14118 train 3.076712
14119 train 3.127534
14120 train 3.072476
14121 train 3.061862
14122 train 3.041371
14123 train 3.035636
14124 train 3.051131
14125 train 3.067801
14126 train 3.017849
14127 train 3.052114
14128 train 3.071700
14129 train 3.074449
14130 train 3.030030
14131 train 2.954945
14132 train 2.884006
14133 train 2.926697
14134 train 2.914073
14135 train 2.873219
14136 train 2.844326
14137 train 2.944207
14138 train 2.964536
14139 train 2.956576
14140 train 2.944804
14141 train 2.913698
14142 train 2.968703
14143 train 3.099732
14144 train 3.171895
14145 train 3.149013
14146 train 3.046706
14147 train 3.253032
14148 train 3.078351
14149 train 3.045215
14150 train 3.065016
14151 train 3.082505
14152 train 3.055361
14153 train 3.064847
14154 train 3.164876
14155 train 3.192230
14156 train 3.125741
14157 train 3.081901
14158 train 3.079773
14159 train 3.112557
14160 train 3.098496
14161 train 3.165104
14162 train 3.148007
14163 train 3.079290
14164 train 3.144716
14165 train 3.068532
14166 train 3.127723
14167 train 3.063736
14168 train 3.040281
14169 train 3.027944
14170 train 3.102207
14171 train 3.045807
14172 train 3.049799
14173 train 3.115544
14174 train 3.062552
14175 train 3.047566
14176 train 3.049906
14177 train 3.075181
14178 train 2.890556
14179 train 2.953934
14180 train 2.875966
14181 train 2.921501
14182 train 2.986477
14183 train 2.900604
14184 train 2.879762
14185 train 2.971576
14186 train 2.859098
14187 train 3.018854
14188 train 2.962485
14189 train 2.919521
14190 train 3.104427
14191 train 3.138122
14192 train 3.106619
14193 train 3.111097
14194 train 3.092111
14195 train 3.105235
14196 train 3.102993
14197 train 3.115587
14198 train 3.148556
14199 train 3.079980
14200 train 3.018979
14201 train 3.133392
14202 train 3.080145
14203 train 3.135251
14204 train 3.098082
14205 train 3.070200
14206 train 3.091003
14207 train 3.092003
14208 train 3.091032
14209 train 3.060356
14210 train 3.120370
14211 train 3.093859
14212 train 3.062996
14213 train 3.086140
14214 train 3.057608
14215 train 3.075352
14216 train 3.064354
14217 train 2.945777
14218 train 2.850234
14219 train 2.997788
14220 train 2.921887
14221 train 2.873346
14222 train 2.882018
14223 train 2.943438
14224 train 2.909257
14225 train 2.917933
14226 train 2.949193
14227 train 3.076292
14228 train 3.073305
14229 train 3.113403
14230 train 3.088793
14231 train 3.077270
14232 train 3.107490
14233 train 3.047287
14234 train 3.061369
14235 train 3.093538
14236 train 3.048926
14237 train 3.092665
14238 train 3.112813
14239 train 3.158550
14240 train 3.114599
14241 train 3.095800
14242 train 3.063030
14243 train 3.053565
14244 train 3.070107
14245 train 3.045151
14246 train 3.096875
14247 train 3.131834
14248 train 3.070566
14249 train 3.092386
14250 train 3.054681
14251 train 3.084542
14252 train 3.109084
14253 train 3.080402
14254 train 3.022281
14255 train 3.016955
14256 train 3.102648
14257 train 3.059538
14258 train 3.099339
14259 train 3.082125
14260 train 3.038469
14261 train 3.067937
14262 train 2.972898
14263 train 2.943994
14264 train 2.955209
14265 train 2.826146
14266 train 2.896484
14267 train 2.918127
14268 train 2.882172
14269 train 2.971578
14270 train 2.903260
14271 train 2.962826
14272 train 2.926728
14273 train 2.937356
14274 train 3.060717
14275 train 3.093562
14276 train 3.098002
14277 train 3.117518
14278 train 3.188233
14279 train 3.093379
14280 train 3.084289
14281 train 3.074826
14282 train 3.078115
14283 train 3.091896
14284 train 3.166084
14285 train 3.080637
14286 train 3.021399
14287 train 3.030506
14288 train 3.132941
14289 train 3.062352
14290 train 3.109749
14291 train 3.033138
14292 train 3.073789
14293 train 3.093557
14294 train 3.116795
14295 train 3.034394
14296 train 3.094402
14297 train 3.118724
14298 train 3.039197
14299 train 3.007690
14300 train 3.073336
14301 train 3.038965
14302 train 3.072666
14303 train 3.092709
14304 train 3.036879
14305 train 3.052203
14306 train 3.000650
14307 train 3.060659
14308 train 3.037549
14309 train 2.950050
14310 train 2.894519
14311 train 2.888356
14312 train 2.957421
14313 train 2.948220
14314 train 2.952956
14315 train 2.888438
14316 train 2.865232
14317 train 2.939309
14318 train 2.923640
14319 train 2.863228
14320 train 2.963979
14321 train 3.060033
14322 train 3.138931
14323 train 3.038246
14324 train 3.038493
14325 train 3.039980
14326 train 3.131618
14327 train 3.133538
14328 train 3.096088
14329 train 3.092320
14330 train 3.053684
14331 train 3.052096
14332 train 3.072861
14333 train 3.065035
14334 train 3.105103
14335 train 3.038117
14336 train 3.052690
14337 train 3.054298
14338 train 3.127817
14339 train 3.085652
14340 train 3.064289
14341 train 3.064766
14342 train 3.120771
14343 train 3.075097
14344 train 3.113677
14345 train 3.090733
14346 train 3.000909
14347 train 3.042780
14348 train 3.057374
14349 train 3.032931
14350 train 3.058621
14351 train 3.076538
14352 train 3.107313
14353 train 3.055444
14354 train 3.033711
14355 train 2.916946
14356 train 2.916548
14357 train 2.872185
14358 train 2.951397
14359 train 2.947261
14360 train 2.923527
14361 train 2.871737
14362 train 2.929202
14363 train 2.883329
14364 train 2.966710
14365 train 2.860874
14366 train 2.923030
14367 train 3.041771
14368 train 3.075673
14369 train 3.070363
14370 train 3.081516
14371 train 3.063263
14372 train 3.132025
14373 train 3.073431
14374 train 3.061443
14375 train 3.100555
14376 train 3.093772
14377 train 3.095359
14378 train 3.046323
14379 train 3.102134
14380 train 3.102821
14381 train 3.083848
14382 train 3.117994
14383 train 3.093247
14384 train 3.059540
14385 train 3.028632
14386 train 3.071949
14387 train 3.018182
14388 train 3.063140
14389 train 3.066390
14390 train 3.067355
14391 train 3.096222
14392 train 3.137938
14393 train 3.082388
14394 train 3.037695
14395 train 3.037709
14396 train 3.002002
14397 train 3.028313
14398 train 3.058811
14399 train 3.058253
14400 train 3.038656
14401 train 3.055460
14402 train 2.910716
14403 train 2.850951
14404 train 2.958604
14405 train 2.934520
14406 train 2.876977
14407 train 2.939334
14408 train 3.131001
14409 train 3.128009
14410 train 3.059332
14411 train 3.227224
14412 train 3.111066
14413 train 3.130970
14414 train 3.087441
14415 train 3.141628
14416 train 3.108769
14417 train 3.094719
14418 train 3.154640
14419 train 3.075819
14420 train 3.056121
14421 train 3.171246
14422 train 3.078328
14423 train 3.079395
14424 train 3.074462
14425 train 3.024652
14426 train 3.078150
14427 train 3.054842
14428 train 3.032515
14429 train 3.066660
14430 train 3.082625
14431 train 3.084353
14432 train 3.100245
14433 train 3.022979
14434 train 2.902290
14435 train 2.876337
14436 train 2.889334
14437 train 2.864488
14438 train 2.844166
14439 train 2.892161
14440 train 2.901689
14441 train 2.879652
14442 train 2.927752
14443 train 2.862782
14444 train 2.911679
14445 train 3.067623
14446 train 3.095483
14447 train 3.154774
14448 train 3.078418
14449 train 3.075335
14450 train 3.096593
14451 train 3.119579
14452 train 3.130237
14453 train 3.127834
14454 train 3.060940
14455 train 3.057791
14456 train 3.141659
14457 train 3.080962
14458 train 3.117103
14459 train 3.086491
14460 train 3.140131
14461 train 3.132434
14462 train 3.132262
14463 train 3.165859
14464 train 3.124475
14465 train 3.061793
14466 train 3.118323
14467 train 3.101979
14468 train 3.090411
14469 train 3.017685
14470 train 3.052313
14471 train 3.043210
14472 train 3.053104
14473 train 3.093354
14474 train 3.013325
14475 train 3.039869
14476 train 3.096747
14477 train 3.087208
14478 train 3.032249
14479 train 3.058849
14480 train 2.947387
14481 train 2.839740
14482 train 2.860215
14483 train 2.860363
14484 train 2.827811
14485 train 2.870516
14486 train 2.849860
14487 train 2.902589
14488 train 2.863029
14489 train 2.899380
14490 train 2.887793
14491 train 2.890917
14492 train 3.110338
14493 train 3.115615
14494 train 3.153672
14495 train 3.142519
14496 train 3.146497
14497 train 3.102646
14498 train 3.042324
14499 train 3.057698
14500 train 3.064371
14501 train 3.128454
14502 train 3.074982
14503 train 3.140505
14504 train 3.097579
14505 train 3.073868
14506 train 3.121383
14507 train 3.053495
14508 train 3.094009
14509 train 3.143764
14510 train 3.114969
14511 train 3.171108
14512 train 2.999717
14513 train 3.140388
14514 train 3.119422
14515 train 3.041470
14516 train 3.022512
14517 train 3.031117
14518 train 3.101480
14519 train 3.075521
14520 train 3.036816
14521 train 3.090790
14522 train 3.079275
14523 train 3.079868
14524 train 2.999973
14525 train 3.040239
14526 train 3.030028
14527 train 2.840796
14528 train 2.794221
14529 train 2.873573
14530 train 2.856008
14531 train 2.883440
14532 train 2.855588
14533 train 2.849754
14534 train 2.902287
14535 train 2.901478
14536 train 2.878865
14537 train 2.918739
14538 train 3.071113
14539 train 3.103435
14540 train 3.086161
14541 train 3.115285
14542 train 3.139346
14543 train 3.101467
14544 train 3.100266
14545 train 3.127637
14546 train 3.070613
14547 train 3.097180
14548 train 3.155375
14549 train 3.111289
14550 train 3.146265
14551 train 3.134088
14552 train 3.060682
14553 train 3.126951
14554 train 3.088144
14555 train 3.098142
14556 train 3.144873
14557 train 3.105903
14558 train 3.221190
14559 train 3.059525
14560 train 3.115515
14561 train 3.113378
14562 train 3.096365
14563 train 3.114068
14564 train 3.046041
14565 train 3.065647
14566 train 3.035792
14567 train 3.099053
14568 train 3.062211
14569 train 3.027544
14570 train 3.100045
14571 train 3.050415
14572 train 3.058753
14573 train 2.939095
14574 train 2.986746
14575 train 2.887563
14576 train 2.825250
14577 train 2.848549
14578 train 2.876182
14579 train 2.861789
14580 train 2.823724
14581 train 2.870644
14582 train 2.880440
14583 train 2.856539
14584 train 2.848782
14585 train 3.093108
14586 train 3.145637
14587 train 3.145001
14588 train 3.063841
14589 train 3.067302
14590 train 3.095387
14591 train 3.086274
14592 train 3.097192
14593 train 3.125405
14594 train 3.132751
14595 train 3.016794
14596 train 3.123218
14597 train 3.121673
14598 train 3.319108
14599 train 3.048786
14600 train 3.113646
14601 train 3.074914
14602 train 3.070143
14603 train 3.058617
14604 train 3.095432
14605 train 3.062608
14606 train 3.078369
14607 train 3.052449
14608 train 3.015523
14609 train 3.010189
14610 train 3.068137
14611 train 3.005782
14612 train 3.013648
14613 train 3.024863
14614 train 3.025142
14615 train 3.040569
14616 train 2.979290
14617 train 3.033942
14618 train 3.012854
14619 train 3.075772
14620 train 3.033177
14621 train 3.063611
14622 train 3.139529
14623 train 3.024985
14624 train 3.014372
14625 train 3.074306
14626 train 3.078741
14627 train 3.094803
14628 train 3.116731
14629 train 3.121980
14630 train 3.140400
14631 train 3.043597
14632 train 3.094742
14633 train 3.039277
14634 train 3.037967
14635 train 3.038429
14636 train 3.065225
14637 train 3.053511
14638 train 3.028302
14639 train 3.115281
14640 train 3.111424
14641 train 3.023530
14642 train 3.098885
14643 train 3.069668
14644 train 3.046486
14645 train 3.047438
14646 train 3.003190
14647 train 3.003721
14648 train 3.024282
14649 train 3.000334
14650 train 3.017600
14651 train 3.042037
14652 train 3.058088
14653 train 3.073117
14654 train 3.067183
14655 train 3.032880
14656 train 3.077499
14657 train 3.020608
14658 train 3.028261
14659 train 3.057385
14660 train 3.025236
14661 train 3.017902
14662 train 3.012390
14663 train 3.192477
14664 train 3.042093
14665 train 3.035787
14666 train 3.058051
14667 train 3.061347
14668 train 3.069599
14669 train 3.030470
14670 train 3.039319
14671 train 3.041523
14672 train 3.077721
14673 train 3.066694
14674 train 3.070042
14675 train 3.059923
14676 train 3.012319
14677 train 3.121046
14678 train 3.042145
14679 train 3.003804
14680 train 3.050974
14681 train 3.055110
14682 train 3.100929
14683 train 3.093585
14684 train 2.961054
14685 train 3.027544
14686 train 3.033629
14687 train 3.010460
14688 train 3.006836
14689 train 3.039076
14690 train 3.109441
14691 train 3.052305
14692 train 3.031979
14693 train 2.975787
14694 train 3.063203
14695 train 3.088171
14696 train 3.091771
14697 train 3.086859
14698 train 3.018663
14699 train 3.079116
14700 train 3.058965
14701 train 3.096722
14702 train 3.074427
14703 train 3.076410
14704 train 3.057955
14705 train 3.074209
14706 train 3.036402
14707 train 3.110799
14708 train 3.046453
14709 train 3.080950
14710 train 3.113374
14711 train 3.092000
14712 train 3.058613
14713 train 3.018113
14714 train 3.059860
14715 train 2.971244
14716 train 3.001184
14717 train 3.020030
14718 train 2.966222
14719 train 3.067910
14720 train 3.014892
14721 train 3.042233
14722 train 2.995720
14723 train 3.002988
14724 train 3.068802
14725 train 3.001538
14726 train 3.080762
14727 train 3.069835
14728 train 3.121491
14729 train 3.070893
14730 train 3.117173
14731 train 3.049634
14732 train 3.097290
14733 train 3.176642
14734 train 3.093631
14735 train 2.988429
14736 train 3.090101
14737 train 3.064730
14738 train 3.051555
14739 train 3.098456
14740 train 3.050403
14741 train 3.054454
14742 train 3.062693
14743 train 3.034024
14744 train 3.043147
14745 train 3.082105
14746 train 3.059560
14747 train 3.061906
14748 train 2.977005
14749 train 3.002185
14750 train 3.003449
14751 train 3.072131
14752 train 3.041997
14753 train 3.012789
14754 train 3.029586
14755 train 2.985658
14756 train 3.080629
14757 train 2.977290
14758 train 3.055664
14759 train 3.032790
14760 train 3.029369
14761 train 3.013306
14762 train 3.033514
14763 train 3.067612
14764 train 3.043582
14765 train 3.060048
14766 train 3.041586
14767 train 3.128604
14768 train 3.072799
14769 train 3.023849
14770 train 3.038633
14771 train 3.033969
14772 train 3.120970
14773 train 3.059021
14774 train 3.068115
14775 train 3.056001
14776 train 3.102210
14777 train 3.151304
14778 train 3.049896
14779 train 3.067827
14780 train 3.085907
14781 train 3.045409
14782 train 3.000016
14783 train 3.040946
14784 train 3.023705
14785 train 3.008524
14786 train 2.986379
14787 train 3.034863
14788 train 3.078593
14789 train 3.101853
14790 train 3.043864
14791 train 3.018471
14792 train 3.131667
14793 train 3.041572
14794 train 3.023608
14795 train 3.038426
14796 train 3.055878
14797 train 3.075269
14798 train 3.073543
14799 train 3.027493
14800 train 3.088305
14801 train 3.071059
14802 train 3.159727
14803 train 3.056199
14804 train 3.092011
14805 train 3.057285
14806 train 3.167753
14807 train 3.136173
14808 train 3.120292
14809 train 3.134656
14810 train 3.135951
14811 train 3.110273
14812 train 3.140943
14813 train 3.123004
14814 train 3.111648
14815 train 3.179167
14816 train 3.132458
14817 train 3.112501
14818 train 3.145975
14819 train 3.092240
14820 train 3.254208
14821 train 3.134458
14822 train 3.113323
14823 train 3.119402
14824 train 3.057703
14825 train 3.110879
14826 train 3.110846
14827 train 3.116634
14828 train 3.066589
14829 train 3.134005
14830 train 3.097374
14831 train 3.063319
14832 train 3.068918
14833 train 3.064892
14834 train 3.078111
14835 train 3.089200
14836 train 3.026194
14837 train 3.057151
14838 train 3.041610
14839 train 3.083113
14840 train 3.080099
14841 train 3.040303
14842 train 3.032803
14843 train 3.116210
14844 train 3.041373
14845 train 2.979200
14846 train 3.047807
14847 train 3.080825
14848 train 3.136246
14849 train 3.168985
14850 train 3.090034
14851 train 3.151566
14852 train 3.119344
14853 train 3.179475
14854 train 3.075029
14855 train 3.096409
14856 train 3.103822
14857 train 3.108876
14858 train 3.125471
14859 train 3.053754
14860 train 3.091981
14861 train 3.079767
14862 train 3.042425
14863 train 3.070211
14864 train 3.056483
14865 train 3.050547
14866 train 3.065446
14867 train 3.028128
14868 train 3.118874
14869 train 3.083450
14870 train 3.062526
14871 train 3.092382
14872 train 3.026636
14873 train 3.014373
14874 train 3.053173
14875 train 3.112996
14876 train 3.058348
14877 train 3.040069
14878 train 3.049069
14879 train 3.058282
14880 train 3.083361
14881 train 3.050470
14882 train 3.103480
14883 train 3.101184
14884 train 3.131097
14885 train 3.170634
14886 train 3.138384
14887 train 3.138093
14888 train 3.090704
14889 train 3.121942
14890 train 3.094051
14891 train 3.112985
14892 train 3.123689
14893 train 3.204157
14894 train 3.064447
14895 train 3.163059
14896 train 3.089634
14897 train 3.124394
14898 train 3.143321
14899 train 3.069922
14900 train 3.045448
14901 train 3.046934
14902 train 3.045078
14903 train 2.989468
14904 train 3.081261
14905 train 3.085686
14906 train 3.056962
14907 train 3.082272
14908 train 3.077851
14909 train 3.035644
14910 train 3.108197
14911 train 3.126943
14912 train 3.087910
14913 train 3.078223
14914 train 3.057704
14915 train 3.119060
14916 train 3.019076
14917 train 3.086682
14918 train 3.161863
14919 train 3.169641
14920 train 3.137229
14921 train 3.128386
14922 train 3.161880
14923 train 3.140851
14924 train 3.117545
14925 train 3.118364
14926 train 3.163714
14927 train 3.125555
14928 train 3.160883
14929 train 3.053986
14930 train 3.021496
14931 train 3.092924
14932 train 3.049416
14933 train 3.069593
14934 train 3.048953
14935 train 3.030382
14936 train 3.039250
14937 train 3.091547
14938 train 3.153438
14939 train 3.071882
14940 train 3.056416
14941 train 3.115027
14942 train 3.053444
14943 train 3.181844
14944 train 3.072792
14945 train 3.134920
14946 train 3.071107
14947 train 3.119847
14948 train 3.116050
14949 train 3.117204
14950 train 3.099174
14951 train 3.126638
14952 train 3.051707
14953 train 3.123735
14954 train 3.106729
14955 train 3.139351
14956 train 3.133449
14957 train 3.110247
14958 train 3.161800
14959 train 3.113764
14960 train 3.187046
14961 train 3.141734
14962 train 3.121815
14963 train 3.107745
14964 train 3.175501
14965 train 3.124716
14966 train 3.080396
14967 train 3.112438
14968 train 3.013648
14969 train 3.094739
14970 train 3.073654
14971 train 3.127673
14972 train 3.097097
14973 train 3.036134
14974 train 3.065000
14975 train 3.018666
14976 train 3.016783
14977 train 3.051181
14978 train 3.078425
14979 train 3.044168
14980 train 3.048025
14981 train 2.989161
14982 train 3.038247
14983 train 3.020208
14984 train 3.044080
14985 train 2.956585
14986 train 2.954284
14987 train 2.996272
14988 train 2.955330
14989 train 3.010031
14990 train 2.998271
14991 train 3.046838
14992 train 3.055099
14993 train 3.083713
14994 train 3.126549
14995 train 3.038008
14996 train 3.061333
14997 train 3.003784
14998 train 3.088812
14999 train 3.046827
15000 val 3.0404
15000 hella 0.3008
15000 train 3.094325
15001 train 3.138752
15002 train 3.085243
15003 train 3.054887
15004 train 3.082528
15005 train 3.026143
15006 train 3.067817
15007 train 3.063732
15008 train 3.018806
15009 train 3.049289
15010 train 3.087367
15011 train 3.069435
15012 train 3.067156
15013 train 3.049689
15014 train 3.070641
15015 train 3.018641
15016 train 2.996130
15017 train 3.000721
15018 train 2.979036
15019 train 3.002967
15020 train 3.010386
15021 train 3.013882
15022 train 3.006443
15023 train 3.058779
15024 train 2.961747
15025 train 2.945567
15026 train 3.044299
15027 train 3.028611
15028 train 3.064056
15029 train 3.124644
15030 train 3.095249
15031 train 3.111582
15032 train 3.129429
15033 train 3.027103
15034 train 3.128433
15035 train 3.102482
15036 train 3.091733
15037 train 3.087954
15038 train 3.074285
15039 train 3.097434
15040 train 3.056718
15041 train 3.064074
15042 train 3.089583
15043 train 3.075820
15044 train 3.009590
15045 train 3.058490
15046 train 3.033461
15047 train 3.029283
15048 train 3.080805
15049 train 3.044126
15050 train 3.018386
15051 train 3.021363
15052 train 2.970341
15053 train 3.026919
15054 train 3.006320
15055 train 2.998795
15056 train 3.001899
15057 train 2.992445
15058 train 2.990913
15059 train 2.969321
15060 train 2.957493
15061 train 2.957171
15062 train 3.029018
15063 train 3.056231
15064 train 3.091125
15065 train 3.064261
15066 train 3.065003
15067 train 3.049330
15068 train 3.048694
15069 train 3.088794
15070 train 3.106113
15071 train 3.158291
15072 train 3.108841
15073 train 3.068124
15074 train 3.051649
15075 train 3.122441
15076 train 3.047453
15077 train 3.131930
15078 train 3.053519
15079 train 3.058916
15080 train 3.092421
15081 train 3.062173
15082 train 3.123883
15083 train 3.083932
15084 train 3.096882
15085 train 2.992488
15086 train 3.039629
15087 train 3.001817
15088 train 3.044391
15089 train 3.020397
15090 train 3.000595
15091 train 2.969707
15092 train 2.978455
15093 train 3.052720
15094 train 2.988805
15095 train 2.998100
15096 train 2.996221
15097 train 3.032959
15098 train 3.045453
15099 train 3.083788
15100 train 3.277063
15101 train 3.084884
15102 train 3.128923
15103 train 3.070158
15104 train 3.074529
15105 train 3.037499
15106 train 3.089320
15107 train 3.127897
15108 train 3.116382
15109 train 3.073805
15110 train 3.016986
15111 train 3.139221
15112 train 3.046119
15113 train 3.043861
15114 train 3.023490
15115 train 3.054129
15116 train 3.058275
15117 train 3.082260
15118 train 3.077241
15119 train 3.071099
15120 train 3.000205
15121 train 2.956749
15122 train 2.965686
15123 train 2.971778
15124 train 2.925021
15125 train 3.004661
15126 train 2.962431
15127 train 3.013475
15128 train 2.989726
15129 train 2.937035
15130 train 2.914881
15131 train 2.966897
15132 train 3.037706
15133 train 3.077512
15134 train 3.077238
15135 train 3.006710
15136 train 3.078879
15137 train 3.037892
15138 train 3.091588
15139 train 3.011867
15140 train 3.102394
15141 train 3.121870
15142 train 3.083067
15143 train 2.998113
15144 train 3.077935
15145 train 3.051150
15146 train 3.047346
15147 train 3.081798
15148 train 3.008691
15149 train 3.045633
15150 train 3.051622
15151 train 3.092583
15152 train 3.011987
15153 train 3.061936
15154 train 3.102396
15155 train 2.976124
15156 train 3.005942
15157 train 2.994479
15158 train 2.925490
15159 train 2.923646
15160 train 2.972971
15161 train 2.956240
15162 train 3.065967
15163 train 2.974239
15164 train 3.007522
15165 train 2.983303
15166 train 3.027077
15167 train 3.107229
15168 train 3.032404
15169 train 3.037358
15170 train 2.967380
15171 train 3.006024
15172 train 2.919739
15173 train 2.920714
15174 train 3.082611
15175 train 3.086306
15176 train 3.120762
15177 train 3.152038
15178 train 3.097586
15179 train 3.119734
15180 train 3.076244
15181 train 3.059899
15182 train 3.105550
15183 train 3.130145
15184 train 3.030233
15185 train 3.063531
15186 train 3.075403
15187 train 3.053827
15188 train 3.058563
15189 train 3.030922
15190 train 3.139792
15191 train 3.074864
15192 train 3.117897
15193 train 3.033553
15194 train 3.064946
15195 train 3.078507
15196 train 3.087776
15197 train 3.058085
15198 train 3.063781
15199 train 3.103575
15200 train 3.058469
15201 train 3.071456
15202 train 3.180070
15203 train 3.071259
15204 train 3.018356
15205 train 3.053993
15206 train 3.026144
15207 train 3.040969
15208 train 3.063222
15209 train 2.929989
15210 train 2.944410
15211 train 2.909338
15212 train 2.979466
15213 train 2.903269
15214 train 2.908127
15215 train 3.005927
15216 train 2.905499
15217 train 2.879663
15218 train 2.982872
15219 train 2.873497
15220 train 2.892534
15221 train 3.108064
15222 train 3.092499
15223 train 3.097068
15224 train 3.099771
15225 train 3.174465
15226 train 3.062565
15227 train 3.118433
15228 train 3.026442
15229 train 3.091434
15230 train 3.113577
15231 train 3.089470
15232 train 3.029161
15233 train 3.077376
15234 train 3.127792
15235 train 3.098101
15236 train 3.145844
15237 train 3.063440
15238 train 3.096393
15239 train 3.078395
15240 train 3.090895
15241 train 3.121427
15242 train 3.077409
15243 train 3.019602
15244 train 3.012285
15245 train 3.043065
15246 train 2.999193
15247 train 3.022383
15248 train 3.043884
15249 train 3.063269
15250 train 3.020050
15251 train 3.046531
15252 train 3.085125
15253 train 3.034530
15254 train 3.057620
15255 train 2.917132
15256 train 2.906067
15257 train 2.841212
15258 train 2.942879
15259 train 2.871503
15260 train 2.849672
15261 train 2.918933
15262 train 2.893713
15263 train 3.073263
15264 train 2.900963
15265 train 2.896350
15266 train 2.944388
15267 train 3.100045
15268 train 3.088274
15269 train 3.107625
15270 train 3.128084
15271 train 3.089253
15272 train 3.143882
15273 train 3.083519
15274 train 3.089082
15275 train 3.168542
15276 train 3.054833
15277 train 3.175444
15278 train 3.103106
15279 train 3.084007
15280 train 3.037435
15281 train 3.074926
15282 train 3.046657
15283 train 3.113961
15284 train 3.080354
15285 train 3.070628
15286 train 3.064522
15287 train 3.105644
15288 train 3.132678
15289 train 3.134112
15290 train 3.007109
15291 train 3.055669
15292 train 3.041949
15293 train 3.049632
15294 train 3.069766
15295 train 3.006287
15296 train 3.097200
15297 train 3.036545
15298 train 3.077880
15299 train 3.045374
15300 train 3.014800
15301 train 2.980095
15302 train 2.868996
15303 train 2.910906
15304 train 2.861320
15305 train 2.854228
15306 train 2.908262
15307 train 2.912294
15308 train 2.945077
15309 train 2.913278
15310 train 2.931149
15311 train 3.059192
15312 train 2.927172
15313 train 2.993878
15314 train 3.007926
15315 train 3.033249
15316 train 3.141091
15317 train 3.101323
15318 train 3.095466
15319 train 3.054948
15320 train 3.033243
15321 train 3.110394
15322 train 3.059700
15323 train 3.084223
15324 train 3.089685
15325 train 3.066157
15326 train 3.125534
15327 train 3.075708
15328 train 3.065585
15329 train 3.096586
15330 train 3.123983
15331 train 3.102319
15332 train 3.054185
15333 train 3.069722
15334 train 3.091669
15335 train 3.087415
15336 train 3.081781
15337 train 3.127451
15338 train 3.063683
15339 train 3.029200
15340 train 3.030882
15341 train 3.064566
15342 train 3.035217
15343 train 3.097201
15344 train 3.059197
15345 train 3.113251
15346 train 3.095124
15347 train 3.003221
15348 train 3.053685
15349 train 2.863528
15350 train 2.981265
15351 train 2.909702
15352 train 2.930648
15353 train 2.890979
15354 train 2.831560
15355 train 2.882788
15356 train 2.865787
15357 train 2.882444
15358 train 2.861826
15359 train 2.854711
15360 train 2.908703
15361 train 3.103226
15362 train 3.072864
15363 train 3.053055
15364 train 3.063932
15365 train 3.071980
15366 train 3.077185
15367 train 3.038602
15368 train 3.070589
15369 train 2.966522
15370 train 3.055137
15371 train 3.045377
15372 train 3.054029
15373 train 3.063676
15374 train 3.026468
15375 train 3.025423
15376 train 3.048970
15377 train 3.008195
15378 train 2.911390
15379 train 2.866974
15380 train 2.934254
15381 train 2.950851
15382 train 2.868302
15383 train 2.917444
15384 train 2.922253
15385 train 2.925406
15386 train 2.928336
15387 train 2.864295
15388 train 2.848233
15389 train 2.905650
15390 train 3.120229
15391 train 3.046788
15392 train 3.094174
15393 train 3.070040
15394 train 3.100447
15395 train 3.084367
15396 train 3.080193
15397 train 3.097051
15398 train 3.074236
15399 train 3.100258
15400 train 3.030605
15401 train 3.135334
15402 train 3.037462
15403 train 3.136057
15404 train 3.113152
15405 train 3.049338
15406 train 3.053531
15407 train 3.094394
15408 train 3.069577
15409 train 3.069135
15410 train 3.138911
15411 train 3.136410
15412 train 3.060373
15413 train 2.976341
15414 train 3.072886
15415 train 3.027772
15416 train 3.026540
15417 train 3.132998
15418 train 3.019321
15419 train 3.058868
15420 train 3.133760
15421 train 3.067492
15422 train 3.037504
15423 train 3.023895
15424 train 3.079115
15425 train 2.931403
15426 train 2.902906
15427 train 2.879326
15428 train 2.924706
15429 train 2.921343
15430 train 2.891504
15431 train 2.874955
15432 train 2.954139
15433 train 2.900013
15434 train 2.916030
15435 train 2.913643
15436 train 2.860730
15437 train 3.028069
15438 train 3.056256
15439 train 3.089941
15440 train 3.035302
15441 train 3.027243
15442 train 3.034184
15443 train 3.068943
15444 train 3.034832
15445 train 3.048794
15446 train 3.052224
15447 train 3.006208
15448 train 3.036871
15449 train 3.075115
15450 train 3.141361
15451 train 3.126543
15452 train 3.109782
15453 train 3.119350
15454 train 3.194406
15455 train 3.084411
15456 train 3.141681
15457 train 3.165374
15458 train 3.061728
15459 train 3.090434
15460 train 3.105282
15461 train 3.039654
15462 train 3.064590
15463 train 3.013167
15464 train 3.058726
15465 train 3.094092
15466 train 3.044854
15467 train 3.010748
15468 train 3.014794
15469 train 3.040561
15470 train 3.060398
15471 train 3.064988
15472 train 2.941347
15473 train 2.878766
15474 train 2.990105
15475 train 2.926134
15476 train 2.896126
15477 train 2.926557
15478 train 2.865056
15479 train 2.836809
15480 train 2.951827
15481 train 2.876768
15482 train 2.882725
15483 train 2.903550
15484 train 3.043821
15485 train 3.042201
15486 train 3.080990
15487 train 3.062051
15488 train 3.024539
15489 train 3.048485
15490 train 3.075396
15491 train 3.023540
15492 train 3.050389
15493 train 3.084416
15494 train 3.068984
15495 train 3.052766
15496 train 3.058715
15497 train 3.093734
15498 train 3.098246
15499 train 2.972684
15500 train 3.114915
15501 train 3.070842
15502 train 3.036841
15503 train 3.045176
15504 train 3.030875
15505 train 3.077626
15506 train 3.084157
15507 train 3.023333
15508 train 3.033860
15509 train 3.060657
15510 train 3.051116
15511 train 3.021463
15512 train 3.043621
15513 train 3.047752
15514 train 3.050894
15515 train 2.978944
15516 train 3.150698
15517 train 3.074187
15518 train 3.028904
15519 train 2.928733
15520 train 2.964628
15521 train 2.932141
15522 train 2.868173
15523 train 2.867254
15524 train 2.844328
15525 train 2.926200
15526 train 2.928342
15527 train 2.939239
15528 train 2.875087
15529 train 2.888923
15530 train 2.930828
15531 train 3.119421
15532 train 3.091383
15533 train 3.058658
15534 train 3.085006
15535 train 3.083090
15536 train 3.070268
15537 train 3.076249
15538 train 3.076877
15539 train 3.046593
15540 train 3.098692
15541 train 3.081993
15542 train 3.052212
15543 train 3.068544
15544 train 3.080332
15545 train 3.201184
15546 train 3.068918
15547 train 3.081804
15548 train 3.098071
15549 train 3.112907
15550 train 3.101155
15551 train 3.306855
15552 train 3.025671
15553 train 3.041396
15554 train 3.078540
15555 train 3.069087
15556 train 3.007702
15557 train 2.994070
15558 train 3.051221
15559 train 3.043567
15560 train 3.031095
15561 train 3.017949
15562 train 2.998872
15563 train 3.031336
15564 train 3.101585
15565 train 3.076772
15566 train 3.109538
15567 train 3.099289
15568 train 3.055702
15569 train 3.090203
15570 train 3.036119
15571 train 3.049958
15572 train 3.122036
15573 train 3.043720
15574 train 3.057121
15575 train 3.036516
15576 train 2.908787
15577 train 3.010194
15578 train 2.969142
15579 train 3.035218
15580 train 2.994288
15581 train 3.029885
15582 train 3.052857
15583 train 3.012094
15584 train 3.064794
15585 train 3.061721
15586 train 3.085099
15587 train 3.033107
15588 train 3.024428
15589 train 3.017951
15590 train 3.073098
15591 train 3.023223
15592 train 3.001968
15593 train 3.070293
15594 train 3.051376
15595 train 3.070882
15596 train 3.021141
15597 train 3.122450
15598 train 2.974820
15599 train 3.032302
15600 train 3.046857
15601 train 3.066368
15602 train 3.062775
15603 train 3.048559
15604 train 3.030408
15605 train 3.079007
15606 train 3.081950
15607 train 3.041954
15608 train 3.088105
15609 train 3.082922
15610 train 3.110311
15611 train 3.018716
15612 train 2.988313
15613 train 3.036884
15614 train 3.004999
15615 train 3.003898
15616 train 3.068788
15617 train 3.028101
15618 train 3.065086
15619 train 2.995238
15620 train 3.009264
15621 train 3.040987
15622 train 3.042621
15623 train 3.136683
15624 train 3.071708
15625 train 3.044393
15626 train 3.068229
15627 train 3.041582
15628 train 3.054208
15629 train 3.065360
15630 train 2.980956
15631 train 3.041109
15632 train 2.998751
15633 train 3.002120
15634 train 3.027201
15635 train 3.048073
15636 train 3.085179
15637 train 3.102421
15638 train 3.087122
15639 train 3.103100
15640 train 3.098703
15641 train 3.162035
15642 train 3.102811
15643 train 3.092645
15644 train 3.071835
15645 train 3.029588
15646 train 3.067976
15647 train 2.991907
15648 train 3.005333
15649 train 3.000042
15650 train 2.964334
15651 train 3.047505
15652 train 3.051073
15653 train 2.991075
15654 train 2.966948
15655 train 2.991246
15656 train 3.029187
15657 train 3.029946
15658 train 3.031003
15659 train 3.038095
15660 train 3.070521
15661 train 2.990710
15662 train 3.029892
15663 train 3.050561
15664 train 3.029961
15665 train 3.079891
15666 train 3.101319
15667 train 3.054297
15668 train 3.091055
15669 train 3.031567
15670 train 3.061201
15671 train 3.036544
15672 train 3.120077
15673 train 3.072885
15674 train 3.057788
15675 train 3.069317
15676 train 2.987469
15677 train 3.038873
15678 train 3.031290
15679 train 3.030904
15680 train 3.149859
15681 train 2.998927
15682 train 3.015380
15683 train 3.021260
15684 train 3.002897
15685 train 2.989638
15686 train 3.021189
15687 train 3.108718
15688 train 3.011775
15689 train 3.045448
15690 train 3.014957
15691 train 3.049296
15692 train 2.996374
15693 train 3.093155
15694 train 3.146169
15695 train 3.114182
15696 train 3.025180
15697 train 3.079126
15698 train 3.129211
15699 train 3.090353
15700 train 3.071625
15701 train 3.018282
15702 train 2.989042
15703 train 3.057358
15704 train 2.968504
15705 train 3.024619
15706 train 3.032353
15707 train 3.047577
15708 train 3.043247
15709 train 2.989853
15710 train 3.025056
15711 train 3.071441
15712 train 3.054809
15713 train 3.043544
15714 train 3.008898
15715 train 3.088192
15716 train 3.066777
15717 train 3.037699
15718 train 2.984341
15719 train 2.971138
15720 train 2.996164
15721 train 3.086951
15722 train 2.990242
15723 train 3.006946
15724 train 3.049137
15725 train 3.119068
15726 train 3.035290
15727 train 3.080917
15728 train 2.984826
15729 train 3.014846
15730 train 3.052373
15731 train 3.040844
15732 train 2.995726
15733 train 3.024996
15734 train 3.060511
15735 train 3.027138
15736 train 3.127800
15737 train 3.044641
15738 train 3.072259
15739 train 2.980670
15740 train 3.104375
15741 train 3.025821
15742 train 3.088140
15743 train 3.133068
15744 train 3.070665
15745 train 3.096459
15746 train 3.106960
15747 train 3.080721
15748 train 3.100159
15749 train 3.272422
15750 train 3.031167
15751 train 3.103196
15752 train 3.099815
15753 train 3.084859
15754 train 3.115767
15755 train 3.056035
15756 train 3.099106
15757 train 3.018745
15758 train 3.147599
15759 train 3.050055
15760 train 3.112649
15761 train 3.084056
15762 train 3.130245
15763 train 3.070799
15764 train 3.047101
15765 train 3.056103
15766 train 3.049843
15767 train 3.019475
15768 train 3.019229
15769 train 3.024635
15770 train 3.075169
15771 train 3.093625
15772 train 3.034877
15773 train 3.042267
15774 train 3.090527
15775 train 3.014033
15776 train 2.979147
15777 train 3.067848
15778 train 2.985102
15779 train 3.041297
15780 train 3.031929
15781 train 3.087385
15782 train 3.056633
15783 train 3.034561
15784 train 3.077127
15785 train 3.037569
15786 train 3.035445
15787 train 3.123060
15788 train 3.096052
15789 train 3.076223
15790 train 3.071519
15791 train 3.096373
15792 train 3.091649
15793 train 3.070397
15794 train 3.133524
15795 train 3.095281
15796 train 3.019744
15797 train 3.103746
15798 train 3.053288
15799 train 3.070920
15800 train 3.096319
15801 train 3.035440
15802 train 3.043969
15803 train 3.051665
15804 train 3.076374
15805 train 3.029202
15806 train 3.030577
15807 train 3.028899
15808 train 3.025121
15809 train 3.070874
15810 train 3.052959
15811 train 3.087853
15812 train 3.068579
15813 train 3.081986
15814 train 3.111204
15815 train 3.059831
15816 train 2.986506
15817 train 3.037220
15818 train 3.079379
15819 train 3.079517
15820 train 3.108807
15821 train 3.103535
15822 train 3.117896
15823 train 3.104355
15824 train 3.097001
15825 train 3.099076
15826 train 3.096086
15827 train 3.079093
15828 train 3.103594
15829 train 3.106956
15830 train 3.069216
15831 train 3.081473
15832 train 3.094991
15833 train 3.091104
15834 train 3.091945
15835 train 3.052147
15836 train 3.051888
15837 train 3.000974
15838 train 3.136066
15839 train 3.101770
15840 train 3.071539
15841 train 3.091639
15842 train 3.070501
15843 train 3.040372
15844 train 3.059697
15845 train 3.066859
15846 train 3.089037
15847 train 3.023166
15848 train 3.051308
15849 train 3.066903
15850 train 3.062352
15851 train 3.092620
15852 train 3.060769
15853 train 3.093081
15854 train 3.054058
15855 train 3.088976
15856 train 3.099338
15857 train 3.127464
15858 train 3.078411
15859 train 3.101837
15860 train 3.075405
15861 train 3.111322
15862 train 3.110130
15863 train 3.096014
15864 train 3.077756
15865 train 3.103661
15866 train 3.066169
15867 train 3.072598
15868 train 3.044204
15869 train 3.039820
15870 train 3.103333
15871 train 3.108513
15872 train 3.123831
15873 train 3.035490
15874 train 3.032284
15875 train 3.051448
15876 train 3.017983
15877 train 3.044071
15878 train 3.041852
15879 train 3.075752
15880 train 3.081228
15881 train 3.023858
15882 train 3.096606
15883 train 3.165727
15884 train 3.014991
15885 train 3.037034
15886 train 3.073098
15887 train 3.002757
15888 train 3.055546
15889 train 3.070080
15890 train 3.113182
15891 train 3.032364
15892 train 3.060436
15893 train 3.088176
15894 train 3.119001
15895 train 3.027671
15896 train 3.138630
15897 train 3.088438
15898 train 3.089082
15899 train 3.081795
15900 train 3.060594
15901 train 3.063003
15902 train 3.082314
15903 train 3.069041
15904 train 3.052231
15905 train 3.040403
15906 train 3.045946
15907 train 3.064295
15908 train 3.052688
15909 train 2.979546
15910 train 3.078815
15911 train 3.059832
15912 train 3.054745
15913 train 3.114083
15914 train 3.033644
15915 train 3.046844
15916 train 3.065376
15917 train 3.024768
15918 train 3.096764
15919 train 2.959513
15920 train 3.023062
15921 train 3.032562
15922 train 3.025907
15923 train 3.097467
15924 train 3.048561
15925 train 3.064130
15926 train 3.071205
15927 train 3.047491
15928 train 3.070138
15929 train 3.105686
15930 train 3.109680
15931 train 3.141438
15932 train 3.141755
15933 train 3.182386
15934 train 3.056676
15935 train 3.060822
15936 train 3.073101
15937 train 3.035878
15938 train 2.953156
15939 train 2.954983
15940 train 2.880901
15941 train 2.924014
15942 train 2.861734
15943 train 2.901078
15944 train 2.899755
15945 train 2.896234
15946 train 2.929996
15947 train 2.893588
15948 train 2.867121
15949 train 2.929683
15950 train 3.042246
15951 train 3.157028
15952 train 3.055471
15953 train 3.094287
15954 train 3.150851
15955 train 3.101422
15956 train 3.062385
15957 train 3.095231
15958 train 3.105504
15959 train 3.123290
15960 train 3.069924
15961 train 3.067179
15962 train 3.076986
15963 train 3.089136
15964 train 3.045220
15965 train 3.035930
15966 train 3.050409
15967 train 3.029864
15968 train 3.052996
15969 train 3.078907
15970 train 3.032601
15971 train 3.098820
15972 train 3.067641
15973 train 3.048374
15974 train 3.032308
15975 train 3.016378
15976 train 3.071790
15977 train 3.051518
15978 train 3.040607
15979 train 3.000522
15980 train 3.029712
15981 train 3.066331
15982 train 3.009693
15983 train 2.993116
15984 train 2.993815
15985 train 2.985601
15986 train 2.919677
15987 train 2.873217
15988 train 2.820448
15989 train 2.898361
15990 train 2.894768
15991 train 2.940475
15992 train 2.903792
15993 train 2.900188
15994 train 2.953389
15995 train 2.928143
15996 train 2.916049
15997 train 3.015893
15998 train 3.107614
15999 train 3.086450
16000 train 3.040959
16001 train 3.107332
16002 train 3.037120
16003 train 3.083079
16004 train 3.079005
16005 train 3.149806
16006 train 3.078226
16007 train 3.098361
16008 train 3.073328
16009 train 3.040898
16010 train 2.981685
16011 train 3.009955
16012 train 3.068816
16013 train 3.031620
16014 train 3.065552
16015 train 3.051110
16016 train 3.072583
16017 train 3.119697
16018 train 3.090474
16019 train 3.129955
16020 train 3.042493
16021 train 3.045672
16022 train 2.995783
16023 train 3.037902
16024 train 2.971810
16025 train 3.028593
16026 train 3.048822
16027 train 3.022982
16028 train 3.018715
16029 train 3.003174
16030 train 3.086110
16031 train 3.055845
16032 train 2.921619
16033 train 2.959671
16034 train 2.913739
16035 train 2.915468
16036 train 2.893762
16037 train 2.936791
16038 train 2.984800
16039 train 2.931488
16040 train 2.964756
16041 train 2.890666
16042 train 2.888813
16043 train 2.859554
16044 train 3.016128
16045 train 3.145384
16046 train 3.054806
16047 train 3.125596
16048 train 3.153933
16049 train 3.152316
16050 train 3.135473
16051 train 3.132603
16052 train 3.056608
16053 train 3.109883
16054 train 3.043655
16055 train 3.045041
16056 train 3.061518
16057 train 3.052380
16058 train 3.021502
16059 train 3.047336
16060 train 3.023034
16061 train 3.060217
16062 train 3.086684
16063 train 3.029233
16064 train 3.078425
16065 train 3.090044
16066 train 3.081197
16067 train 3.019621
16068 train 3.048774
16069 train 2.996950
16070 train 3.032495
16071 train 3.038071
16072 train 3.020190
16073 train 3.026584
16074 train 3.030829
16075 train 3.066806
16076 train 3.003241
16077 train 3.053879
16078 train 2.968518
16079 train 2.883863
16080 train 2.941563
16081 train 2.927951
16082 train 2.904317
16083 train 2.878665
16084 train 2.975149
16085 train 2.881913
16086 train 2.948622
16087 train 2.889889
16088 train 2.869612
16089 train 2.931814
16090 train 3.109038
16091 train 3.065127
16092 train 3.079183
16093 train 3.112034
16094 train 3.061691
16095 train 3.066952
16096 train 3.007517
16097 train 3.106469
16098 train 3.032818
16099 train 3.050323
16100 train 3.135235
16101 train 3.045763
16102 train 3.067276
16103 train 3.100631
16104 train 3.021821
16105 train 3.093905
16106 train 3.101902
16107 train 3.063071
16108 train 3.030747
16109 train 3.084719
16110 train 3.049564
16111 train 3.052938
16112 train 3.010010
16113 train 3.086996
16114 train 3.035592
16115 train 3.040740
16116 train 3.085842
16117 train 3.050566
16118 train 3.033491
16119 train 3.016694
16120 train 3.071970
16121 train 3.085518
16122 train 3.028558
16123 train 3.000808
16124 train 2.994616
16125 train 3.089006
16126 train 3.086752
16127 train 3.117665
16128 train 3.158150
16129 train 3.125032
16130 train 3.115012
16131 train 3.129222
16132 train 3.123916
16133 train 3.148341
16134 train 3.129278
16135 train 3.106159
16136 train 3.198774
16137 train 3.126813
16138 train 2.970145
16139 train 3.047574
16140 train 3.069733
16141 train 2.985356
16142 train 3.091532
16143 train 3.057486
16144 train 3.072445
16145 train 3.077706
16146 train 3.036295
16147 train 3.036800
16148 train 3.054024
16149 train 3.030569
16150 train 3.101492
16151 train 3.084881
16152 train 3.050981
16153 train 3.157632
16154 train 3.109890
16155 train 3.082603
16156 train 3.096391
16157 train 3.162016
16158 train 3.040356
16159 train 3.122682
16160 train 3.113197
16161 train 3.111687
16162 train 3.099046
16163 train 3.126783
16164 train 3.114040
16165 train 3.149845
16166 train 3.124553
16167 train 3.143998
16168 train 3.102998
16169 train 3.138751
16170 train 3.123844
16171 train 3.117193
16172 train 3.102984
16173 train 3.069458
16174 train 3.067864
16175 train 3.036284
16176 train 3.056239
16177 train 3.013530
16178 train 3.057203
16179 train 3.021957
16180 train 3.037413
16181 train 3.041004
16182 train 3.060923
16183 train 3.098134
16184 train 3.008912
16185 train 3.049914
16186 train 3.114792
16187 train 3.074897
16188 train 3.044137
16189 train 3.095402
16190 train 3.088878
16191 train 3.064209
16192 train 3.084333
16193 train 3.093012
16194 train 3.087366
16195 train 3.056726
16196 train 3.062320
16197 train 3.074114
16198 train 3.069781
16199 train 3.071091
16200 train 3.124086
16201 train 3.075401
16202 train 3.069529
16203 train 3.082703
16204 train 3.102911
16205 train 3.074565
16206 train 3.060217
16207 train 3.053861
16208 train 3.139787
16209 train 3.032012
16210 train 3.024009
16211 train 3.016286
16212 train 3.049389
16213 train 3.006001
16214 train 3.041555
16215 train 3.038131
16216 train 3.044726
16217 train 3.005056
16218 train 3.036240
16219 train 3.016180
16220 train 3.000924
16221 train 3.128898
16222 train 3.045940
16223 train 3.101283
16224 train 3.051596
16225 train 3.088323
16226 train 3.104692
16227 train 3.084549
16228 train 3.065877
16229 train 3.072004
16230 train 3.086946
16231 train 3.068745
16232 train 3.053418
16233 train 3.076564
16234 train 3.085136
16235 train 3.137320
16236 train 3.108372
16237 train 3.077167
16238 train 3.034173
16239 train 3.051996
16240 train 3.037923
16241 train 3.061998
16242 train 3.079177
16243 train 3.048033
16244 train 3.097796
16245 train 3.168838
16246 train 2.998060
16247 train 3.011488
16248 train 3.055259
16249 train 3.066491
16250 train 3.091863
16251 train 3.084896
16252 train 3.063418
16253 train 3.048459
16254 train 3.046282
16255 train 3.111544
16256 train 3.167483
16257 train 3.019782
16258 train 3.119139
16259 train 3.071884
16260 train 3.120054
16261 train 3.123811
16262 train 3.067430
16263 train 3.064865
16264 train 3.156456
16265 train 3.059899
16266 train 3.116592
16267 train 3.119560
16268 train 3.148632
16269 train 3.169542
16270 train 3.094943
16271 train 3.116571
16272 train 3.125353
16273 train 3.137411
16274 train 3.109269
16275 train 3.093533
16276 train 3.112852
16277 train 3.058433
16278 train 3.082948
16279 train 3.077407
16280 train 3.095818
16281 train 3.096834
16282 train 3.043915
16283 train 3.067204
16284 train 3.075816
16285 train 3.037707
16286 train 3.071203
16287 train 2.998735
16288 train 3.065052
16289 train 3.044888
16290 train 3.018628
16291 train 3.013795
16292 train 3.052505
16293 train 3.074360
16294 train 3.058289
16295 train 3.124506
16296 train 3.083944
16297 train 3.075558
16298 train 3.131123
16299 train 3.045818
16300 train 3.073763
16301 train 3.074444
16302 train 3.110419
16303 train 3.110297
16304 train 3.038562
16305 train 3.050801
16306 train 3.092575
16307 train 3.090649
16308 train 3.115650
16309 train 3.113646
16310 train 3.139450
16311 train 3.065111
16312 train 3.067660
16313 train 3.087992
16314 train 3.124274
16315 train 3.064320
16316 train 3.057573
16317 train 3.073373
16318 train 3.087190
16319 train 3.049028
16320 train 3.119271
16321 train 3.040192
16322 train 3.074668
16323 train 3.001709
16324 train 3.012677
16325 train 2.828851
16326 train 2.910168
16327 train 2.878203
16328 train 2.902246
16329 train 2.868349
16330 train 2.847917
16331 train 2.916857
16332 train 2.859392
16333 train 2.798314
16334 train 2.922783
16335 train 2.795144
16336 train 2.932167
16337 train 3.102808
16338 train 3.055573
16339 train 3.063893
16340 train 3.080404
16341 train 3.013309
16342 train 3.087140
16343 train 3.044457
16344 train 3.099305
16345 train 3.117302
16346 train 3.068661
16347 train 3.089717
16348 train 3.186354
16349 train 3.083906
16350 train 3.113045
16351 train 3.089291
16352 train 3.156816
16353 train 3.049624
16354 train 3.088210
16355 train 3.113201
16356 train 3.119843
16357 train 3.093071
16358 train 3.108292
16359 train 3.048106
16360 train 3.028442
16361 train 3.040983
16362 train 3.065260
16363 train 2.985202
16364 train 3.047287
16365 train 3.035619
16366 train 2.996966
16367 train 3.077217
16368 train 3.081382
16369 train 3.031096
16370 train 3.024894
16371 train 2.831416
16372 train 2.879082
16373 train 2.867171
16374 train 2.842857
16375 train 2.892933
16376 train 2.834270
16377 train 2.870507
16378 train 2.882808
16379 train 2.781556
16380 train 2.913733
16381 train 2.924048
16382 train 2.964487
16383 train 3.096699
16384 train 3.052518
16385 train 3.045658
16386 train 3.118164
16387 train 3.104984
16388 train 3.087785
16389 train 3.035546
16390 train 3.125653
16391 train 3.053435
16392 train 3.049772
16393 train 3.130147
16394 train 3.092191
16395 train 3.090710
16396 train 3.139832
16397 train 3.095272
16398 train 3.125594
16399 train 3.079297
16400 train 3.061179
16401 train 3.063060
16402 train 3.095103
16403 train 3.069400
16404 train 3.076433
16405 train 3.076983
16406 train 3.019147
16407 train 3.030985
16408 train 3.070965
16409 train 3.048352
16410 train 3.057161
16411 train 3.035514
16412 train 3.070501
16413 train 3.083036
16414 train 3.098696
16415 train 2.992083
16416 train 2.765670
16417 train 2.792171
16418 train 2.839193
16419 train 2.846768
16420 train 2.903273
16421 train 2.853160
16422 train 2.875379
16423 train 2.832286
16424 train 2.854016
16425 train 2.852014
16426 train 2.815968
16427 train 3.147920
16428 train 3.113462
16429 train 3.052535
16430 train 3.053628
16431 train 3.080706
16432 train 3.096940
16433 train 3.058198
16434 train 3.073776
16435 train 3.125501
16436 train 3.067523
16437 train 3.113672
16438 train 3.117646
16439 train 3.100510
16440 train 3.068606
16441 train 3.115964
16442 train 3.072790
16443 train 3.065208
16444 train 3.054507
16445 train 3.110094
16446 train 3.061043
16447 train 3.071522
16448 train 3.148551
16449 train 3.102122
16450 train 3.051273
16451 train 3.065449
16452 train 3.065392
16453 train 3.075242
16454 train 3.040044
16455 train 2.998960
16456 train 3.053797
16457 train 3.031150
16458 train 2.992507
16459 train 3.063875
16460 train 3.007636
16461 train 2.863472
16462 train 2.887649
16463 train 2.912235
16464 train 2.919208
16465 train 2.863539
16466 train 2.889721
16467 train 2.882165
16468 train 2.812448
16469 train 2.868762
16470 train 2.830851
16471 train 2.815805
16472 train 3.100519
16473 train 3.051269
16474 train 3.036976
16475 train 3.114498
16476 train 3.042406
16477 train 3.115886
16478 train 3.089404
16479 train 3.069413
16480 train 3.078625
16481 train 3.245270
16482 train 3.096818
16483 train 3.101346
16484 train 3.078549
16485 train 3.099174
16486 train 3.067416
16487 train 3.111841
16488 train 3.123355
16489 train 3.064945
16490 train 3.036022
16491 train 3.106915
16492 train 3.089270
16493 train 3.098291
16494 train 3.120837
16495 train 3.069671
16496 train 3.035788
16497 train 3.077202
16498 train 3.005964
16499 train 3.023421
16500 train 3.058145
16501 train 3.053660
16502 train 3.060289
16503 train 3.060474
16504 train 3.096330
16505 train 3.070299
16506 train 3.057137
16507 train 3.083952
16508 train 2.948484
16509 train 2.976987
16510 train 2.984250
16511 train 2.940694
16512 train 2.972790
16513 train 3.000410
16514 train 2.915425
16515 train 2.975932
16516 train 2.982779
16517 train 2.926515
16518 train 3.004782
16519 train 3.018997
16520 train 2.997384
16521 train 3.054175
16522 train 3.102974
16523 train 3.080947
16524 train 3.052232
16525 train 3.042042
16526 train 3.078782
16527 train 3.000175
16528 train 3.080877
16529 train 3.059104
16530 train 3.094830
16531 train 3.192948
16532 train 3.091635
16533 train 3.013143
16534 train 3.106235
16535 train 3.074979
16536 train 3.048870
16537 train 3.101097
16538 train 3.095854
16539 train 3.094808
16540 train 3.075590
16541 train 3.037639
16542 train 3.061165
16543 train 3.098178
16544 train 3.062900
16545 train 3.041260
16546 train 3.091962
16547 train 3.097055
16548 train 3.075600
16549 train 3.028527
16550 train 3.024552
16551 train 3.045340
16552 train 3.075850
16553 train 3.003342
16554 train 2.993314
16555 train 2.918710
16556 train 2.965985
16557 train 2.982033
16558 train 2.995198
16559 train 2.960800
16560 train 2.968362
16561 train 2.957054
16562 train 2.970046
16563 train 2.978767
16564 train 3.004644
16565 train 2.948644
16566 train 2.998456
16567 train 3.037847
16568 train 3.127922
16569 train 3.050385
16570 train 3.058335
16571 train 3.061900
16572 train 3.065298
16573 train 3.160148
16574 train 3.000358
16575 train 3.092855
16576 train 3.058937
16577 train 3.066996
16578 train 3.055103
16579 train 3.051215
16580 train 3.088451
16581 train 3.102226
16582 train 3.107488
16583 train 3.047159
16584 train 3.109738
16585 train 3.110827
16586 train 3.067334
16587 train 3.005723
16588 train 3.074824
16589 train 3.042276
16590 train 3.014935
16591 train 3.006715
16592 train 3.031753
16593 train 3.034930
16594 train 3.057430
16595 train 3.060737
16596 train 3.063246
16597 train 3.022243
16598 train 3.041751
16599 train 2.978800
16600 train 3.047837
16601 train 3.040137
16602 train 2.987847
16603 train 2.956221
16604 train 2.964704
16605 train 3.023991
16606 train 2.963228
16607 train 2.973196
16608 train 2.982936
16609 train 2.989520
16610 train 2.962055
16611 train 2.930713
16612 train 2.992321
16613 train 2.992260
16614 train 3.000987
16615 train 3.036772
16616 train 3.076046
16617 train 3.077329
16618 train 3.046774
16619 train 2.993648
16620 train 3.121291
16621 train 3.095413
16622 train 3.036986
16623 train 3.042332
16624 train 3.127445
16625 train 3.059941
16626 train 3.074110
16627 train 3.089146
16628 train 3.068218
16629 train 3.105712
16630 train 3.045099
16631 train 3.040970
16632 train 3.075467
16633 train 3.052467
16634 train 3.097905
16635 train 3.072047
16636 train 3.037833
16637 train 3.101035
16638 train 3.021852
16639 train 3.014541
16640 train 3.028863
16641 train 3.003784
16642 train 3.070739
16643 train 3.058032
16644 train 3.004579
16645 train 3.031463
16646 train 3.084885
16647 train 3.047316
16648 train 3.017636
16649 train 3.050149
16650 train 3.042414
16651 train 2.994343
16652 train 2.946123
16653 train 2.957804
16654 train 2.977059
16655 train 2.979033
16656 train 2.911841
16657 train 2.975709
16658 train 2.907429
16659 train 2.994421
16660 train 2.969831
16661 train 2.957165
16662 train 3.058694
16663 train 3.063762
16664 train 3.109657
16665 train 3.079492
16666 train 3.085773
16667 train 3.055251
16668 train 3.019807
16669 train 3.106463
16670 train 3.104030
16671 train 3.115879
16672 train 3.058528
16673 train 3.052458
16674 train 3.071716
16675 train 3.036873
16676 train 3.078869
16677 train 3.099271
16678 train 3.095646
16679 train 3.127678
16680 train 3.045590
16681 train 3.117326
16682 train 3.035442
16683 train 3.014295
16684 train 3.070705
16685 train 3.048225
16686 train 3.001719
16687 train 3.044546
16688 train 3.044318
16689 train 3.033341
16690 train 3.041127
16691 train 3.045005
16692 train 3.046293
16693 train 3.001201
16694 train 3.024188
16695 train 3.026524
16696 train 3.112606
16697 train 3.090319
16698 train 3.082255
16699 train 3.060706
16700 train 3.089826
16701 train 3.084886
16702 train 3.027647
16703 train 3.005922
16704 train 3.064936
16705 train 2.999026
16706 train 3.056788
16707 train 3.006839
16708 train 3.031544
16709 train 3.021295
16710 train 3.034325
16711 train 3.118666
16712 train 3.042428
16713 train 3.031981
16714 train 3.104635
16715 train 2.992064
16716 train 3.082236
16717 train 3.070694
16718 train 3.025170
16719 train 3.054755
16720 train 3.075900
16721 train 3.065130
16722 train 3.048269
16723 train 3.045102
16724 train 3.093532
16725 train 3.099093
16726 train 3.075258
16727 train 3.044887
16728 train 3.068094
16729 train 3.052159
16730 train 3.084453
16731 train 3.074782
16732 train 3.078564
16733 train 3.040136
16734 train 3.095263
16735 train 3.075835
16736 train 3.069303
16737 train 3.035676
16738 train 3.027295
16739 train 2.983367
16740 train 2.978654
16741 train 2.996166
16742 train 3.036263
16743 train 2.995789
16744 train 3.094532
16745 train 3.046662
16746 train 3.028044
16747 train 3.107335
16748 train 2.989810
16749 train 3.089749
16750 train 3.095823
16751 train 3.074846
16752 train 3.026549
16753 train 3.090551
16754 train 3.054216
16755 train 3.132254
16756 train 3.087792
16757 train 3.065656
16758 train 3.026538
16759 train 3.005916
16760 train 3.050934
16761 train 3.064609
16762 train 3.028421
16763 train 3.060688
16764 train 3.141853
16765 train 3.048239
16766 train 3.085426
16767 train 3.093402
16768 train 3.126649
16769 train 3.052495
16770 train 3.094056
16771 train 3.040555
16772 train 3.066140
16773 train 3.011542
16774 train 3.003054
16775 train 3.003056
16776 train 3.125778
16777 train 3.054718
16778 train 3.058730
16779 train 3.011312
16780 train 2.999259
16781 train 3.066804
16782 train 3.057872
16783 train 2.974496
16784 train 3.027801
16785 train 3.076790
16786 train 3.014904
16787 train 3.040826
16788 train 3.140512
16789 train 3.018090
16790 train 3.119735
16791 train 3.089660
16792 train 3.016831
16793 train 3.046875
16794 train 3.066494
16795 train 3.065971
16796 train 3.104831
16797 train 3.026362
16798 train 3.192623
16799 train 3.089853
16800 train 3.085867
16801 train 3.040842
16802 train 3.056711
16803 train 3.052436
16804 train 3.087737
16805 train 3.051197
16806 train 3.075675
16807 train 3.053894
16808 train 2.982506
16809 train 3.020639
16810 train 3.047377
16811 train 3.053288
16812 train 2.961953
16813 train 3.016116
16814 train 3.053792
16815 train 2.988154
16816 train 2.994697
16817 train 3.004424
16818 train 3.029124
16819 train 3.081161
16820 train 3.046441
16821 train 2.992996
16822 train 3.118813
16823 train 3.072707
16824 train 3.026222
16825 train 3.083393
16826 train 3.083410
16827 train 3.027084
16828 train 3.026828
16829 train 3.053154
16830 train 3.053231
16831 train 3.043357
16832 train 2.957582
16833 train 3.075480
16834 train 3.077555
16835 train 3.054378
16836 train 3.100439
16837 train 3.030733
16838 train 3.084754
16839 train 3.052109
16840 train 3.013397
16841 train 3.068857
16842 train 3.100432
16843 train 3.056966
16844 train 3.054207
16845 train 3.041391
16846 train 3.006083
16847 train 2.965131
16848 train 3.000959
16849 train 3.016448
16850 train 2.972176
16851 train 3.035373
16852 train 3.004186
16853 train 2.971433
16854 train 3.101105
16855 train 3.087354
16856 train 3.050707
16857 train 3.053032
16858 train 3.089339
16859 train 3.073299
16860 train 3.018096
16861 train 3.066381
16862 train 3.017392
16863 train 3.075706
16864 train 3.136027
16865 train 3.071239
16866 train 3.077873
16867 train 3.029659
16868 train 3.111338
16869 train 3.089431
16870 train 3.062859
16871 train 3.080260
16872 train 2.991839
16873 train 3.110440
16874 train 3.115457
16875 train 3.022982
16876 train 3.044412
16877 train 3.069415
16878 train 3.003484
16879 train 3.007066
16880 train 3.025347
16881 train 3.035606
16882 train 3.007124
16883 train 3.029740
16884 train 3.040720
16885 train 3.034126
16886 train 3.004618
16887 train 3.057336
16888 train 3.065500
16889 train 3.070302
16890 train 3.075722
16891 train 3.037556
16892 train 3.028437
16893 train 3.214634
16894 train 3.016511
16895 train 3.038442
16896 train 3.026327
16897 train 3.068089
16898 train 3.025207
16899 train 3.023251
16900 train 3.108069
16901 train 3.066383
16902 train 3.005430
16903 train 3.093479
16904 train 3.057667
16905 train 3.068208
16906 train 3.067817
16907 train 3.051090
16908 train 3.037213
16909 train 3.063806
16910 train 3.095782
16911 train 3.105077
16912 train 3.105180
16913 train 3.190233
16914 train 3.083271
16915 train 3.117905
16916 train 3.081563
16917 train 3.195115
16918 train 3.064421
16919 train 3.121861
16920 train 3.129103
16921 train 3.144568
16922 train 3.094990
16923 train 3.102843
16924 train 3.013953
16925 train 3.017123
16926 train 3.069810
16927 train 3.097243
16928 train 3.075260
16929 train 3.060655
16930 train 3.046269
16931 train 3.115129
16932 train 3.068967
16933 train 3.060898
16934 train 3.124274
16935 train 3.063761
16936 train 3.029092
16937 train 3.026438
16938 train 3.092962
16939 train 3.145680
16940 train 3.054400
16941 train 2.998997
16942 train 3.059196
16943 train 3.067644
16944 train 3.056029
16945 train 3.074075
16946 train 3.076449
16947 train 3.149826
16948 train 3.046042
16949 train 3.149525
16950 train 3.135107
16951 train 3.169471
16952 train 3.087403
16953 train 3.111406
16954 train 3.086587
16955 train 3.176208
16956 train 3.081325
16957 train 3.070305
16958 train 3.058605
16959 train 3.055081
16960 train 3.075929
16961 train 3.064311
16962 train 3.110855
16963 train 3.042003
16964 train 3.068609
16965 train 3.098812
16966 train 2.946569
16967 train 3.095086
16968 train 3.065787
16969 train 3.038379
16970 train 3.066222
16971 train 3.111305
16972 train 3.099011
16973 train 3.062171
16974 train 3.032733
16975 train 3.051342
16976 train 3.104673
16977 train 3.081321
16978 train 3.102084
16979 train 3.080695
16980 train 3.085613
16981 train 3.019310
16982 train 3.067143
16983 train 3.104621
16984 train 3.120539
16985 train 3.124782
16986 train 3.066848
16987 train 3.117855
16988 train 3.116742
16989 train 3.327440
16990 train 3.058518
16991 train 3.165172
16992 train 3.087438
16993 train 3.012130
16994 train 3.049984
16995 train 3.032442
16996 train 3.082885
16997 train 3.038624
16998 train 3.051741
16999 train 3.040791
17000 train 3.043121
17001 train 3.033977
17002 train 3.092574
17003 train 3.050688
17004 train 3.111055
17005 train 3.124033
17006 train 3.052385
17007 train 3.074253
17008 train 3.144012
17009 train 3.123201
17010 train 3.024428
17011 train 3.064228
17012 train 3.018920
17013 train 3.066001
17014 train 3.062753
17015 train 3.150939
17016 train 3.079998
17017 train 3.065574
17018 train 3.120171
17019 train 3.059776
17020 train 3.145177
17021 train 3.091534
17022 train 3.104236
17023 train 3.091705
17024 train 3.192247
17025 train 3.088781
17026 train 3.052801
17027 train 3.042753
17028 train 3.041935
17029 train 3.039070
17030 train 3.002079
17031 train 3.113977
17032 train 3.021092
17033 train 3.079823
17034 train 3.051384
17035 train 3.109012
17036 train 3.034539
17037 train 3.124413
17038 train 3.079426
17039 train 3.060276
17040 train 3.026944
17041 train 3.047345
17042 train 3.098038
17043 train 3.049520
17044 train 3.038280
17045 train 3.081283
17046 train 3.074243
17047 train 3.119887
17048 train 3.062673
17049 train 3.099933
17050 train 3.207568
17051 train 3.072073
17052 train 3.113938
17053 train 3.130351
17054 train 3.115999
17055 train 3.161418
17056 train 3.112292
17057 train 3.071341
17058 train 3.117370
17059 train 3.098151
17060 train 3.074805
17061 train 3.053474
17062 train 3.063248
17063 train 3.124685
17064 train 3.031225
17065 train 3.097895
17066 train 3.096749
17067 train 3.099793
17068 train 3.007212
17069 train 3.020829
17070 train 2.993569
17071 train 3.062083
17072 train 3.039546
17073 train 3.099418
17074 train 3.092784
17075 train 3.107513
17076 train 3.035878
17077 train 3.079298
17078 train 3.048618
17079 train 3.043101
17080 train 2.997318
17081 train 3.027843
17082 train 3.036372
17083 train 2.967905
17084 train 3.080439
17085 train 3.011775
17086 train 2.997331
17087 train 2.991686
17088 train 3.015904
17089 train 3.017623
17090 train 3.000989
17091 train 3.004386
17092 train 3.020228
17093 train 3.049442
17094 train 3.065847
17095 train 3.011285
17096 train 3.083320
17097 train 3.056211
17098 train 3.107856
17099 train 3.025255
17100 train 3.050609
17101 train 3.035799
17102 train 3.015907
17103 train 3.011406
17104 train 3.036043
17105 train 3.052288
17106 train 3.018456
17107 train 3.031272
17108 train 3.005831
17109 train 3.037636
17110 train 3.062024
17111 train 3.036593
17112 train 3.035369
17113 train 2.977109
17114 train 3.037184
17115 train 2.956340
17116 train 2.948197
17117 train 2.957888
17118 train 2.976892
17119 train 3.027916
17120 train 2.958356
17121 train 3.006117
17122 train 2.939157
17123 train 2.999985
17124 train 3.025911
17125 train 3.034070
17126 train 3.005626
17127 train 3.043266
17128 train 3.097468
17129 train 3.079232
17130 train 3.056911
17131 train 3.060058
17132 train 3.051850
17133 train 3.072761
17134 train 3.055037
17135 train 2.968490
17136 train 3.066399
17137 train 3.089916
17138 train 3.018732
17139 train 3.112003
17140 train 3.035455
17141 train 3.014934
17142 train 3.029388
17143 train 3.080008
17144 train 3.034939
17145 train 3.065673
17146 train 3.064983
17147 train 3.064696
17148 train 3.024919
17149 train 3.024532
17150 train 2.998303
17151 train 3.051500
17152 train 2.996103
17153 train 3.002471
17154 train 3.008032
17155 train 3.073017
17156 train 3.044158
17157 train 3.000385
17158 train 3.034593
17159 train 3.035931
17160 train 3.041790
17161 train 3.007324
17162 train 3.102425
17163 train 3.067160
17164 train 3.135942
17165 train 3.001609
17166 train 3.120702
17167 train 3.011893
17168 train 3.090365
17169 train 3.069403
17170 train 3.049314
17171 train 3.120806
17172 train 3.020660
17173 train 3.036322
17174 train 3.049489
17175 train 3.049362
17176 train 3.050331
17177 train 3.061277
17178 train 3.034840
17179 train 3.041584
17180 train 3.165140
17181 train 3.051654
17182 train 3.068774
17183 train 3.054486
17184 train 3.031113
17185 train 3.045356
17186 train 3.055064
17187 train 3.030579
17188 train 3.036512
17189 train 3.004030
17190 train 3.028520
17191 train 3.016893
17192 train 2.977233
17193 train 2.995313
17194 train 3.006299
17195 train 2.987604
17196 train 3.039546
17197 train 3.032930
17198 train 3.111639
17199 train 3.091504
17200 train 3.056826
17201 train 3.109701
17202 train 3.064987
17203 train 3.034373
17204 train 3.037495
17205 train 3.133014
17206 train 3.011945
17207 train 3.051663
17208 train 3.047784
17209 train 3.084905
17210 train 3.109462
17211 train 3.039732
17212 train 3.119143
17213 train 3.060430
17214 train 3.041087
17215 train 3.050486
17216 train 2.998704
17217 train 3.019629
17218 train 3.038628
17219 train 3.022505
17220 train 3.044328
17221 train 3.009587
17222 train 2.946697
17223 train 2.941135
17224 train 3.025064
17225 train 2.974888
17226 train 3.033483
17227 train 3.023544
17228 train 3.035556
17229 train 3.024453
17230 train 3.025859
17231 train 3.101810
17232 train 3.069496
17233 train 3.005709
17234 train 3.022562
17235 train 2.939781
17236 train 3.036664
17237 train 3.053617
17238 train 3.045992
17239 train 2.995762
17240 train 3.065462
17241 train 3.023986
17242 train 3.066504
17243 train 3.078200
17244 train 3.035600
17245 train 3.128070
17246 train 3.055261
17247 train 3.059668
17248 train 3.082129
17249 train 3.040184
17250 train 3.029932
17251 train 3.010530
17252 train 3.023099
17253 train 3.046628
17254 train 3.026256
17255 train 2.966065
17256 train 3.022775
17257 train 3.004282
17258 train 3.006234
17259 train 3.035791
17260 train 3.017523
17261 train 3.018908
17262 train 3.044734
17263 train 3.036944
17264 train 3.041548
17265 train 3.085851
17266 train 3.077246
17267 train 3.092798
17268 train 3.068081
17269 train 3.064319
17270 train 3.066271
17271 train 3.027141
17272 train 3.088574
17273 train 3.085757
17274 train 3.080324
17275 train 3.064648
17276 train 3.031743
17277 train 3.035949
17278 train 3.029676
17279 train 3.137626
17280 train 3.089125
17281 train 3.037479
17282 train 3.116785
17283 train 3.070447
17284 train 3.073504
17285 train 3.060238
17286 train 3.132189
17287 train 3.062824
17288 train 3.253876
17289 train 3.171919
17290 train 3.056087
17291 train 3.197828
17292 train 3.175828
17293 train 3.018339
17294 train 3.078283
17295 train 3.059319
17296 train 3.064709
17297 train 3.110127
17298 train 3.087819
17299 train 3.030136
17300 train 3.054833
17301 train 3.138035
17302 train 3.072384
17303 train 3.104058
17304 train 3.107653
17305 train 3.089433
17306 train 3.077216
17307 train 3.113503
17308 train 3.109207
17309 train 3.053192
17310 train 2.999681
17311 train 3.022918
17312 train 3.105453
17313 train 3.097372
17314 train 3.013465
17315 train 3.048731
17316 train 3.059845
17317 train 3.076949
17318 train 3.024599
17319 train 3.080440
17320 train 3.028596
17321 train 3.079431
17322 train 3.088623
17323 train 3.076354
17324 train 3.032338
17325 train 3.124046
17326 train 3.129479
17327 train 3.077096
17328 train 3.069717
17329 train 3.114297
17330 train 3.099407
17331 train 2.982611
17332 train 3.104682
17333 train 3.076928
17334 train 3.088881
17335 train 3.121251
17336 train 3.101615
17337 train 3.118989
17338 train 3.109995
17339 train 3.092492
17340 train 3.064756
17341 train 3.114654
17342 train 3.072647
17343 train 3.061457
17344 train 3.059968
17345 train 3.090304
17346 train 3.049861
17347 train 3.074238
17348 train 3.027496
17349 train 3.085286
17350 train 3.107802
17351 train 3.009930
17352 train 3.039144
17353 train 3.049440
17354 train 3.046795
17355 train 3.115467
17356 train 3.034786
17357 train 3.062898
17358 train 3.060368
17359 train 3.083174
17360 train 3.077605
17361 train 3.124441
17362 train 3.160369
17363 train 3.142858
17364 train 3.103086
17365 train 3.067974
17366 train 3.078289
17367 train 3.118915
17368 train 3.109380
17369 train 3.089409
17370 train 3.114109
17371 train 3.101188
17372 train 3.114551
17373 train 3.061082
17374 train 3.070000
17375 train 3.131479
17376 train 3.106259
17377 train 3.073794
17378 train 3.059195
17379 train 3.133296
17380 train 3.060510
17381 train 3.091856
17382 train 3.091564
17383 train 3.011446
17384 train 3.088817
17385 train 3.024710
17386 train 3.058885
17387 train 3.054974
17388 train 3.046052
17389 train 3.055393
17390 train 3.129024
17391 train 3.073451
17392 train 3.092217
17393 train 3.070905
17394 train 3.037606
17395 train 3.057678
17396 train 3.051918
17397 train 3.082545
17398 train 3.064354
17399 train 3.074163
17400 train 3.071420
17401 train 3.065444
17402 train 3.060974
17403 train 3.086904
17404 train 3.072778
17405 train 3.116499
17406 train 3.079335
17407 train 3.128016
17408 train 3.155941
17409 train 3.041043
17410 train 3.066786
17411 train 3.084180
17412 train 3.070754
17413 train 3.050943
17414 train 3.106707
17415 train 3.016814
17416 train 3.036388
17417 train 3.093191
17418 train 3.078193
17419 train 3.054416
17420 train 3.054917
17421 train 3.018322
17422 train 3.026464
17423 train 3.108528
17424 train 3.068738
17425 train 3.159423
17426 train 3.057070
17427 train 3.060951
17428 train 2.981588
17429 train 3.040503
17430 train 3.016515
17431 train 3.083294
17432 train 2.980299
17433 train 3.033464
17434 train 3.062417
17435 train 2.995733
17436 train 3.006913
17437 train 3.091270
17438 train 3.031672
17439 train 3.102813
17440 train 3.084964
17441 train 3.050108
17442 train 3.056242
17443 train 3.072099
17444 train 3.139266
17445 train 3.080984
17446 train 3.088650
17447 train 3.134821
17448 train 3.140251
17449 train 3.063427
17450 train 3.057091
17451 train 3.082603
17452 train 3.112321
17453 train 3.061023
17454 train 3.060286
17455 train 3.110461
17456 train 3.050229
17457 train 3.034879
17458 train 3.067336
17459 train 3.032724
17460 train 3.007364
17461 train 3.016634
17462 train 3.067531
17463 train 3.078966
17464 train 3.036163
17465 train 3.039594
17466 train 3.093288
17467 train 3.060602
17468 train 3.065229
17469 train 3.048782
17470 train 3.142681
17471 train 3.032609
17472 train 3.076518
17473 train 3.089540
17474 train 3.132900
17475 train 3.092484
17476 train 3.121166
17477 train 3.072538
17478 train 3.133853
17479 train 3.073231
17480 train 3.084223
17481 train 3.106696
17482 train 3.056150
17483 train 3.137739
17484 train 3.089173
17485 train 3.070332
17486 train 3.092094
17487 train 3.074900
17488 train 2.978120
17489 train 3.021742
17490 train 3.048870
17491 train 3.021857
17492 train 2.983778
17493 train 3.035939
17494 train 3.006741
17495 train 3.027953
17496 train 3.025669
17497 train 3.083962
17498 train 3.047329
17499 train 3.010263
17500 val 3.0242
17500 hella 0.3062
17500 train 3.100019
17501 train 3.128802
17502 train 3.073907
17503 train 3.124583
17504 train 3.016460
17505 train 3.078759
17506 train 3.081044
17507 train 3.075501
17508 train 3.058031
17509 train 3.073901
17510 train 3.083587
17511 train 3.104191
17512 train 3.014624
17513 train 3.136869
17514 train 3.068449
17515 train 3.086474
17516 train 3.092522
17517 train 3.121771
17518 train 3.115318
17519 train 3.163523
17520 train 3.051608
17521 train 3.086261
17522 train 2.990782
17523 train 3.003528
17524 train 3.006998
17525 train 3.020326
17526 train 2.977984
17527 train 3.041557
17528 train 3.032119
17529 train 3.066256
17530 train 2.986032
17531 train 3.026081
17532 train 3.001702
17533 train 3.068522
17534 train 3.046977
17535 train 3.037647
17536 train 3.131983
17537 train 3.078048
17538 train 3.125976
17539 train 3.063648
17540 train 3.067845
17541 train 3.013592
17542 train 3.056374
17543 train 3.102290
17544 train 3.080144
17545 train 3.118427
17546 train 3.064597
17547 train 3.083908
17548 train 3.069010
17549 train 3.095577
17550 train 3.011261
17551 train 3.064684
17552 train 3.110813
17553 train 3.063820
17554 train 3.163786
17555 train 3.085671
17556 train 3.021439
17557 train 3.021813
17558 train 3.022583
17559 train 3.048617
17560 train 3.044506
17561 train 3.045736
17562 train 3.019500
17563 train 2.984913
17564 train 3.020551
17565 train 3.011832
17566 train 3.026820
17567 train 3.009110
17568 train 3.069604
17569 train 3.071980
17570 train 3.075284
17571 train 3.061074
17572 train 3.115070
17573 train 3.055941
17574 train 3.090116
17575 train 3.035335
17576 train 3.114446
17577 train 3.099111
17578 train 3.083283
17579 train 3.065368
17580 train 3.061994
17581 train 3.039776
17582 train 3.074831
17583 train 3.094784
17584 train 3.043314
17585 train 3.072493
17586 train 3.054954
17587 train 3.069740
17588 train 3.074850
17589 train 3.042186
17590 train 3.038618
17591 train 3.059986
17592 train 3.004984
17593 train 3.060911
17594 train 3.057230
17595 train 3.068269
17596 train 3.035449
17597 train 3.096292
17598 train 3.032319
17599 train 2.993474
17600 train 3.113186
17601 train 3.002152
17602 train 3.055323
17603 train 3.057630
17604 train 3.094379
17605 train 3.069125
17606 train 3.026886
17607 train 3.170192
17608 train 3.058656
17609 train 3.053246
17610 train 3.056396
17611 train 3.100694
17612 train 3.052178
17613 train 3.103031
17614 train 3.117068
17615 train 3.078938
17616 train 3.097868
17617 train 3.074046
17618 train 3.050315
17619 train 3.053693
17620 train 3.078761
17621 train 3.087277
17622 train 3.060204
17623 train 3.083891
17624 train 3.081970
17625 train 2.967228
17626 train 2.973888
17627 train 3.042658
17628 train 3.033226
17629 train 2.999608
17630 train 2.972726
17631 train 3.009231
17632 train 3.016156
17633 train 3.025367
17634 train 2.970836
17635 train 3.046795
17636 train 3.088123
17637 train 3.179492
17638 train 3.101803
17639 train 3.108980
17640 train 3.052256
17641 train 3.088393
17642 train 3.086285
17643 train 3.140698
17644 train 3.057185
17645 train 3.123434
17646 train 3.058151
17647 train 3.085343
17648 train 3.079054
17649 train 3.127086
17650 train 3.091657
17651 train 3.071387
17652 train 3.123801
17653 train 3.055600
17654 train 3.152644
17655 train 3.050155
17656 train 3.121266
17657 train 3.071684
17658 train 3.026006
17659 train 3.102582
17660 train 3.026299
17661 train 3.054788
17662 train 3.074211
17663 train 2.963542
17664 train 3.070216
17665 train 3.105165
17666 train 3.047154
17667 train 3.056354
17668 train 3.035450
17669 train 3.049363
17670 train 3.045996
17671 train 2.994404
17672 train 3.037617
17673 train 2.964818
17674 train 2.946443
17675 train 2.988313
17676 train 3.014381
17677 train 3.013870
17678 train 3.010083
17679 train 3.004184
17680 train 3.072415
17681 train 3.022930
17682 train 3.011426
17683 train 3.053621
17684 train 3.099703
17685 train 3.080090
17686 train 3.096709
17687 train 3.006017
17688 train 3.092972
17689 train 3.109801
17690 train 3.097454
17691 train 3.017228
17692 train 3.017076
17693 train 3.158915
17694 train 3.034572
17695 train 3.073569
17696 train 3.045574
17697 train 3.014081
17698 train 3.044255
17699 train 3.061789
17700 train 3.024370
17701 train 3.034441
17702 train 2.997039
17703 train 3.011956
17704 train 2.983303
17705 train 3.064196
17706 train 2.993169
17707 train 2.973766
17708 train 3.011300
17709 train 2.981945
17710 train 2.940018
17711 train 3.003759
17712 train 3.006643
17713 train 2.992227
17714 train 2.978882
17715 train 3.069080
17716 train 2.976859
17717 train 3.027001
17718 train 3.062169
17719 train 3.102689
17720 train 3.064857
17721 train 3.087644
17722 train 3.125881
17723 train 3.065136
17724 train 3.070229
17725 train 3.055614
17726 train 3.119554
17727 train 3.063136
17728 train 3.053590
17729 train 3.040953
17730 train 3.087669
17731 train 3.040983
17732 train 3.060894
17733 train 3.055404
17734 train 3.076242
17735 train 3.029088
17736 train 3.058361
17737 train 3.054258
17738 train 3.003232
17739 train 3.030216
17740 train 3.024662
17741 train 3.009032
17742 train 2.973383
17743 train 2.994283
17744 train 2.970846
17745 train 2.983016
17746 train 2.996539
17747 train 3.014795
17748 train 3.000394
17749 train 3.030432
17750 train 2.984907
17751 train 2.961969
17752 train 3.085095
17753 train 3.035982
17754 train 3.115099
17755 train 3.072987
17756 train 3.102615
17757 train 3.080685
17758 train 3.031484
17759 train 3.081043
17760 train 2.965960
17761 train 3.073021
17762 train 3.057956
17763 train 3.072840
17764 train 3.009182
17765 train 3.052376
17766 train 3.014851
17767 train 3.036123
17768 train 3.111131
17769 train 3.036308
17770 train 3.084710
17771 train 3.045921
17772 train 3.051670
17773 train 3.055527
17774 train 3.015800
17775 train 2.954769
17776 train 3.071176
17777 train 2.949435
17778 train 2.967185
17779 train 2.987120
17780 train 3.002170
17781 train 2.927758
17782 train 2.973332
17783 train 3.006295
17784 train 3.020370
17785 train 3.017198
17786 train 2.971108
17787 train 2.982411
17788 train 3.137823
17789 train 3.125488
17790 train 3.098828
17791 train 3.036223
17792 train 3.096509
17793 train 3.062302
17794 train 3.044843
17795 train 3.112160
17796 train 3.069496
17797 train 3.129275
17798 train 3.035823
17799 train 3.115999
17800 train 3.145179
17801 train 3.034696
17802 train 3.031833
17803 train 3.029315
17804 train 3.011998
17805 train 3.046233
17806 train 3.036467
17807 train 3.074225
17808 train 3.028300
17809 train 3.043796
17810 train 3.063972
17811 train 3.007106
17812 train 2.982406
17813 train 3.056355
17814 train 2.994940
17815 train 2.991966
17816 train 2.954661
17817 train 3.015564
17818 train 3.004297
17819 train 2.961833
17820 train 2.949284
17821 train 3.022673
17822 train 3.036795
17823 train 3.011601
17824 train 3.100707
17825 train 3.117812
17826 train 3.015424
17827 train 3.058322
17828 train 3.031629
17829 train 3.135022
17830 train 3.047967
17831 train 3.069637
17832 train 3.150961
17833 train 3.124219
17834 train 3.060534
17835 train 3.051246
17836 train 3.065157
17837 train 3.016476
17838 train 3.060121
17839 train 3.041466
17840 train 3.058868
17841 train 3.084583
17842 train 3.091076
17843 train 3.078948
17844 train 3.119277
17845 train 3.075248
17846 train 3.054688
17847 train 3.049729
17848 train 3.091676
17849 train 3.060742
17850 train 3.103899
17851 train 3.079431
17852 train 3.087738
17853 train 3.054927
17854 train 3.053880
17855 train 3.048231
17856 train 3.008094
17857 train 3.083593
17858 train 3.027092
17859 train 2.970787
17860 train 2.935558
17861 train 2.938200
17862 train 2.993854
17863 train 3.047095
17864 train 2.951644
17865 train 3.051804
17866 train 2.974838
17867 train 3.012980
17868 train 3.047207
17869 train 3.053600
17870 train 3.062366
17871 train 3.096135
17872 train 3.070327
17873 train 3.110778
17874 train 3.133143
17875 train 3.074002
17876 train 3.098055
17877 train 3.066278
17878 train 3.104361
17879 train 3.093251
17880 train 3.130388
17881 train 3.105024
17882 train 3.131029
17883 train 3.076760
17884 train 3.088918
17885 train 3.103346
17886 train 3.114506
17887 train 3.105108
17888 train 3.075834
17889 train 3.041136
17890 train 3.066235
17891 train 3.065682
17892 train 3.082408
17893 train 3.086513
17894 train 3.021099
17895 train 3.033878
17896 train 3.076081
17897 train 3.107337
17898 train 3.060874
17899 train 3.040037
17900 train 3.117399
17901 train 3.041403
17902 train 2.953618
17903 train 2.945886
17904 train 2.982091
17905 train 2.972906
17906 train 3.023615
17907 train 2.955408
17908 train 2.969617
17909 train 2.945355
17910 train 2.900697
17911 train 2.926368
17912 train 2.937728
17913 train 3.076699
17914 train 3.043058
17915 train 3.024966
17916 train 3.111741
17917 train 3.077594
17918 train 3.065317
17919 train 3.142047
17920 train 3.079641
17921 train 3.087329
17922 train 3.108752
17923 train 3.097262
17924 train 3.119688
17925 train 3.093673
17926 train 3.136344
17927 train 3.118747
17928 train 3.100959
17929 train 3.078049
17930 train 3.152283
17931 train 3.148528
17932 train 3.084667
17933 train 3.107813
17934 train 3.120349
17935 train 3.153919
17936 train 3.045396
17937 train 3.076624
17938 train 3.042650
17939 train 3.054772
17940 train 3.093362
17941 train 3.073894
17942 train 3.025225
17943 train 3.042310
17944 train 3.040089
17945 train 3.086131
17946 train 3.006140
17947 train 2.960004
17948 train 2.984969
17949 train 2.926374
17950 train 2.953814
17951 train 2.998713
17952 train 2.948727
17953 train 2.893246
17954 train 2.887116
17955 train 3.033560
17956 train 2.975714
17957 train 2.972070
17958 train 3.014300
17959 train 3.027078
17960 train 3.179434
17961 train 3.122803
17962 train 3.086413
17963 train 3.116452
17964 train 3.035279
17965 train 3.093268
17966 train 3.098916
17967 train 3.084086
17968 train 3.096363
17969 train 3.062900
17970 train 3.123766
17971 train 3.067406
17972 train 3.083293
17973 train 3.077355
17974 train 3.064408
17975 train 3.054493
17976 train 3.112629
17977 train 3.063266
17978 train 3.103732
17979 train 3.082579
17980 train 3.089563
17981 train 3.042985
17982 train 3.025336
17983 train 3.094515
17984 train 3.069076
17985 train 3.018691
17986 train 3.016017
17987 train 3.078739
17988 train 3.134483
17989 train 3.066195
17990 train 3.106629
17991 train 3.072245
17992 train 3.076694
17993 train 2.930527
17994 train 2.977454
17995 train 2.973255
17996 train 2.951471
17997 train 2.962267
17998 train 2.924861
17999 train 2.948221
18000 train 2.981562
18001 train 2.981271
18002 train 2.974787
18003 train 2.997432
18004 train 3.004764
18005 train 3.102073
18006 train 3.102502
18007 train 3.066180
18008 train 3.045241
18009 train 3.096637
18010 train 3.070844
18011 train 3.114017
18012 train 3.060616
18013 train 3.129972
18014 train 3.139221
18015 train 3.107850
18016 train 3.129435
18017 train 3.132660
18018 train 3.098920
18019 train 3.099238
18020 train 3.156564
18021 train 3.103067
18022 train 3.093345
18023 train 3.093617
18024 train 3.099447
18025 train 3.102002
18026 train 3.076905
18027 train 3.092451
18028 train 3.073654
18029 train 3.076130
18030 train 3.033380
18031 train 3.023489
18032 train 3.195145
18033 train 3.102843
18034 train 3.215299
18035 train 3.128127
18036 train 3.077663
18037 train 3.051101
18038 train 3.116777
18039 train 3.088526
18040 train 3.110802
18041 train 3.134258
18042 train 3.119119
18043 train 3.085193
18044 train 3.063968
18045 train 3.010427
18046 train 3.047451
18047 train 3.023348
18048 train 3.073298
18049 train 3.057824
18050 train 3.121048
18051 train 3.062140
18052 train 3.098480
18053 train 3.035851
18054 train 3.107612
18055 train 3.056504
18056 train 3.021844
18057 train 3.028843
18058 train 3.060418
18059 train 3.013434
18060 train 3.039480
18061 train 3.052111
18062 train 3.077172
18063 train 3.108041
18064 train 3.103792
18065 train 3.100882
18066 train 3.033428
18067 train 3.073604
18068 train 3.126847
18069 train 3.116827
18070 train 3.052604
18071 train 3.080412
18072 train 3.053824
18073 train 3.096173
18074 train 3.088384
18075 train 3.096209
18076 train 3.023812
18077 train 3.072048
18078 train 3.084961
18079 train 3.067399
18080 train 3.098286
18081 train 3.061781
18082 train 3.037334
18083 train 2.983030
18084 train 3.034001
18085 train 3.114499
18086 train 3.053744
18087 train 3.020092
18088 train 3.123216
18089 train 3.056129
18090 train 3.091005
18091 train 3.104145
18092 train 3.098488
18093 train 3.063094
18094 train 3.104557
18095 train 3.138740
18096 train 3.088362
18097 train 3.042058
18098 train 3.069227
18099 train 3.070449
18100 train 3.145940
18101 train 3.100832
18102 train 3.113958
18103 train 3.089416
18104 train 3.023029
18105 train 3.033761
18106 train 3.082407
18107 train 3.095665
18108 train 3.124929
18109 train 3.054154
18110 train 3.065683
18111 train 3.082078
18112 train 3.059499
18113 train 3.002868
18114 train 3.036241
18115 train 3.091745
18116 train 3.034198
18117 train 3.027112
18118 train 3.046519
18119 train 3.067437
18120 train 3.045772
18121 train 3.034203
18122 train 3.068560
18123 train 3.047609
18124 train 3.079997
18125 train 3.047335
18126 train 3.073049
18127 train 3.062008
18128 train 3.104273
18129 train 3.100887
18130 train 3.054514
18131 train 3.083291
18132 train 3.092050
18133 train 3.167696
18134 train 3.053901
18135 train 3.117250
18136 train 3.112201
18137 train 3.030104
18138 train 3.156937
18139 train 3.120817
18140 train 3.083652
18141 train 3.110773
18142 train 3.087058
18143 train 3.026800
18144 train 3.060911
18145 train 3.118166
18146 train 3.097663
18147 train 3.076685
18148 train 3.065733
18149 train 3.073303
18150 train 3.055580
18151 train 3.045076
18152 train 3.156313
18153 train 3.132610
18154 train 3.179148
18155 train 3.025766
18156 train 3.019440
18157 train 3.074765
18158 train 3.032705
18159 train 3.046982
18160 train 3.041836
18161 train 3.091027
18162 train 3.108178
18163 train 3.020108
18164 train 3.073490
18165 train 3.108391
18166 train 3.129959
18167 train 3.130462
18168 train 3.030159
18169 train 3.066352
18170 train 3.094851
18171 train 3.085660
18172 train 3.040011
18173 train 3.199533
18174 train 3.085804
18175 train 3.066829
18176 train 3.093210
18177 train 3.126062
18178 train 3.125256
18179 train 3.062413
18180 train 3.074298
18181 train 3.129430
18182 train 3.039307
18183 train 3.046247
18184 train 3.109112
18185 train 3.058842
18186 train 3.050702
18187 train 3.040779
18188 train 3.025039
18189 train 3.022446
18190 train 3.067133
18191 train 3.087943
18192 train 3.068024
18193 train 3.034515
18194 train 3.085086
18195 train 3.069084
18196 train 3.093910
18197 train 3.012594
18198 train 3.066871
18199 train 3.092637
18200 train 3.177300
18201 train 3.095553
18202 train 3.035264
18203 train 3.060454
18204 train 3.102735
18205 train 3.068874
18206 train 3.052686
18207 train 3.094567
18208 train 3.143425
18209 train 3.073440
18210 train 3.061327
18211 train 3.032852
18212 train 3.057939
18213 train 3.091648
18214 train 3.076628
18215 train 3.067902
18216 train 3.094430
18217 train 3.107039
18218 train 3.088225
18219 train 3.048001
18220 train 3.125015
18221 train 3.055135
18222 train 3.077079
18223 train 3.081228
18224 train 3.147987
18225 train 3.022050
18226 train 3.038086
18227 train 3.082346
18228 train 3.029382
18229 train 3.119706
18230 train 3.073876
18231 train 2.990236
18232 train 3.035129
18233 train 3.085326
18234 train 3.097422
18235 train 3.085030
18236 train 3.122099
18237 train 3.111740
18238 train 3.170132
18239 train 3.158865
18240 train 3.104858
18241 train 3.084689
18242 train 3.129585
18243 train 3.138114
18244 train 3.086006
18245 train 3.035501
18246 train 3.062875
18247 train 3.042387
18248 train 3.066729
18249 train 3.040762
18250 train 3.021544
18251 train 3.049121
18252 train 3.084958
18253 train 3.013031
18254 train 3.055060
18255 train 3.122783
18256 train 3.070084
18257 train 3.071463
18258 train 3.065665
18259 train 3.060952
18260 train 3.095221
18261 train 3.074099
18262 train 3.029948
18263 train 3.065257
18264 train 3.081329
18265 train 3.045379
18266 train 3.070060
18267 train 3.109872
18268 train 3.084436
18269 train 3.076513
18270 train 3.241548
18271 train 3.098909
18272 train 3.124989
18273 train 3.082684
18274 train 3.043355
18275 train 3.053408
18276 train 3.088440
18277 train 3.062025
18278 train 3.102064
18279 train 3.063044
18280 train 3.059180
18281 train 3.078575
18282 train 3.062894
18283 train 3.099987
18284 train 3.027574
18285 train 3.076275
18286 train 3.070709
18287 train 3.168577
18288 train 3.084666
18289 train 3.135534
18290 train 3.102139
18291 train 3.020674
18292 train 3.087551
18293 train 3.056676
18294 train 3.052920
18295 train 3.049968
18296 train 3.080702
18297 train 3.134656
18298 train 3.097534
18299 train 3.067215
18300 train 3.012165
18301 train 3.061146
18302 train 3.086970
18303 train 3.078334
18304 train 3.040729
18305 train 3.102138
18306 train 3.025026
18307 train 3.072653
18308 train 3.113724
18309 train 3.099596
18310 train 3.085538
18311 train 3.044474
18312 train 3.119047
18313 train 3.066701
18314 train 3.115808
18315 train 3.118556
18316 train 3.034692
18317 train 3.037518
18318 train 3.053355
18319 train 3.041982
18320 train 3.065508
18321 train 3.037844
18322 train 3.030531
18323 train 3.054089
18324 train 3.069814
18325 train 3.036418
18326 train 3.044143
18327 train 3.076957
18328 train 3.120502
18329 train 3.084603
18330 train 3.071270
18331 train 3.039647
18332 train 3.069813
18333 train 3.060699
18334 train 3.031840
18335 train 3.030054
18336 train 3.081970
18337 train 3.101424
18338 train 3.058796
18339 train 3.121968
18340 train 3.032326
18341 train 3.127453
18342 train 3.064795
18343 train 3.119357
18344 train 3.105023
18345 train 3.085264
18346 train 3.079817
18347 train 3.105536
18348 train 3.047036
18349 train 3.102767
18350 train 3.084368
18351 train 3.143655
18352 train 3.047277
18353 train 3.087781
18354 train 3.042221
18355 train 3.122674
18356 train 3.048200
18357 train 3.035533
18358 train 3.086741
18359 train 3.097888
18360 train 3.079971
18361 train 3.054187
18362 train 3.052219
18363 train 3.034562
18364 train 3.082371
18365 train 3.034982
18366 train 3.044948
18367 train 3.010848
18368 train 3.026582
18369 train 3.073344
18370 train 3.049031
18371 train 3.051931
18372 train 3.053415
18373 train 3.023197
18374 train 3.142297
18375 train 3.066820
18376 train 3.101459
18377 train 3.076796
18378 train 3.133345
18379 train 3.045475
18380 train 3.108518
18381 train 3.083561
18382 train 3.092733
18383 train 3.092771
18384 train 3.084190
18385 train 3.101851
18386 train 3.082215
18387 train 3.032436
18388 train 3.092267
18389 train 3.078756
18390 train 3.045695
18391 train 3.056237
18392 train 3.058849
18393 train 2.965134
18394 train 3.068300
18395 train 3.028493
18396 train 3.053093
18397 train 3.055223
18398 train 3.015118
18399 train 3.085684
18400 train 3.151902
18401 train 3.049671
18402 train 3.128182
18403 train 3.146174
18404 train 3.015728
18405 train 3.088734
18406 train 3.078737
18407 train 3.038011
18408 train 3.083187
18409 train 3.058695
18410 train 3.061568
18411 train 3.072766
18412 train 3.051806
18413 train 3.019876
18414 train 3.032810
18415 train 3.017105
18416 train 3.038697
18417 train 3.060230
18418 train 3.078436
18419 train 3.023274
18420 train 3.068179
18421 train 3.028121
18422 train 3.047376
18423 train 3.049582
18424 train 3.097676
18425 train 3.068292
18426 train 3.055883
18427 train 3.056082
18428 train 3.043519
18429 train 3.060562
18430 train 3.013047
18431 train 3.068558
18432 train 3.039170
18433 train 3.051004
18434 train 3.038341
18435 train 3.062722
18436 train 3.079890
18437 train 3.062088
18438 train 3.053277
18439 train 3.027164
18440 train 3.017296
18441 train 3.019127
18442 train 3.031720
18443 train 3.046621
18444 train 2.996776
18445 train 3.004850
18446 train 3.029810
18447 train 3.031408
18448 train 3.047652
18449 train 3.021857
18450 train 3.102417
18451 train 3.029166
18452 train 3.065522
18453 train 3.059621
18454 train 3.013114
18455 train 3.077941
18456 train 3.048990
18457 train 3.054411
18458 train 3.102152
18459 train 3.031905
18460 train 3.114302
18461 train 3.043534
18462 train 3.042391
18463 train 3.080579
18464 train 3.103783
18465 train 3.121213
18466 train 3.070648
18467 train 3.045323
18468 train 3.031217
18469 train 3.011922
18470 train 3.046216
18471 train 3.015020
18472 train 3.077184
18473 train 3.016032
18474 train 3.053797
18475 train 3.023273
18476 train 3.116796
18477 train 3.065495
18478 train 3.091187
18479 train 3.040239
18480 train 3.043275
18481 train 3.073974
18482 train 3.105487
18483 train 3.025861
18484 train 3.042310
18485 train 3.057842
18486 train 3.047349
18487 train 3.046553
18488 train 3.009674
18489 train 3.058298
18490 train 3.053710
18491 train 3.039520
18492 train 3.118739
18493 train 3.098917
18494 train 3.048771
18495 train 3.031023
18496 train 3.096628
18497 train 3.068316
18498 train 3.027411
18499 train 3.045960
18500 train 3.087201
18501 train 3.051649
18502 train 3.075993
18503 train 3.099363
18504 train 3.100520
18505 train 3.005277
18506 train 3.030323
18507 train 3.055767
18508 train 3.081971
18509 train 3.025853
18510 train 3.044328
18511 train 3.033254
18512 train 3.017446
18513 train 3.051494
18514 train 3.007152
18515 train 3.058823
18516 train 3.040490
18517 train 3.045168
18518 train 3.071208
18519 train 3.040781
18520 train 3.030281
18521 train 3.047855
18522 train 3.057847
18523 train 2.997161
18524 train 3.065639
18525 train 3.066299
18526 train 3.091287
18527 train 3.017299
18528 train 3.019839
18529 train 3.113467
18530 train 3.015316
18531 train 3.093423
18532 train 3.026352
18533 train 3.062318
18534 train 3.026515
18535 train 3.013311
18536 train 3.053639
18537 train 3.018052
18538 train 3.085247
18539 train 3.084191
18540 train 3.048503
18541 train 3.048092
18542 train 3.060439
18543 train 3.055781
18544 train 3.042171
18545 train 3.042258
18546 train 3.096278
18547 train 3.239513
18548 train 3.029620
18549 train 2.992432
18550 train 3.003003
18551 train 3.011625
18552 train 3.002058
18553 train 3.042621
18554 train 2.990120
18555 train 3.012964
18556 train 3.027039
18557 train 3.022050
18558 train 3.077872
18559 train 3.055831
18560 train 3.032934
18561 train 3.115007
18562 train 3.152915
18563 train 3.039924
18564 train 3.026961
18565 train 3.057586
18566 train 3.046237
18567 train 3.060333
18568 train 3.087315
18569 train 3.085643
18570 train 3.045999
18571 train 3.056273
18572 train 3.058647
18573 train 3.075947
18574 train 3.103029
18575 train 2.995776
18576 train 3.143359
18577 train 3.007617
18578 train 3.082633
18579 train 3.012550
18580 train 3.044244
18581 train 3.016121
18582 train 3.101814
18583 train 3.056151
18584 train 3.047569
18585 train 3.028717
18586 train 3.091636
18587 train 3.008890
18588 train 3.072417
18589 train 3.043605
18590 train 2.988116
18591 train 3.079845
18592 train 3.114983
18593 train 3.085961
18594 train 3.041250
18595 train 3.054909
18596 train 3.079995
18597 train 3.038623
18598 train 3.023049
18599 train 3.029177
18600 train 3.180383
18601 train 3.081548
18602 train 3.098173
18603 train 3.057531
18604 train 3.058038
18605 train 3.136837
18606 train 3.047209
18607 train 3.110763
18608 train 3.104061
18609 train 3.035055
18610 train 3.066844
18611 train 3.033320
18612 train 3.012532
18613 train 3.065506
18614 train 3.105447
18615 train 3.053986
18616 train 3.041991
18617 train 3.112909
18618 train 3.031435
18619 train 3.101990
18620 train 3.108511
18621 train 3.034766
18622 train 3.060895
18623 train 3.065561
18624 train 3.053619
18625 train 3.031497
18626 train 3.061269
18627 train 3.059420
18628 train 3.028643
18629 train 3.005265
18630 train 3.095476
18631 train 3.045932
18632 train 3.056976
18633 train 2.975692
18634 train 3.010264
18635 train 2.962514
18636 train 2.998086
18637 train 3.010018
18638 train 3.013157
18639 train 2.947640
18640 train 3.035524
18641 train 2.975073
18642 train 2.917319
18643 train 2.979289
18644 train 2.965664
18645 train 3.112759
18646 train 3.072311
18647 train 3.117728
18648 train 3.126539
18649 train 3.114358
18650 train 3.066403
18651 train 3.097814
18652 train 3.083330
18653 train 3.128689
18654 train 3.053377
18655 train 3.149611
18656 train 3.080251
18657 train 3.073502
18658 train 3.052467
18659 train 3.040147
18660 train 3.071454
18661 train 2.994551
18662 train 3.018497
18663 train 3.081936
18664 train 3.085232
18665 train 3.042878
18666 train 3.091538
18667 train 3.119415
18668 train 3.021452
18669 train 3.026713
18670 train 3.030680
18671 train 3.045810
18672 train 3.048771
18673 train 3.059477
18674 train 3.035978
18675 train 3.067493
18676 train 3.065693
18677 train 3.052106
18678 train 3.016592
18679 train 3.071456
18680 train 2.971680
18681 train 2.956567
18682 train 2.991981
18683 train 3.002922
18684 train 2.965999
18685 train 2.956026
18686 train 2.996861
18687 train 2.958998
18688 train 2.999160
18689 train 2.960123
18690 train 2.975936
18691 train 3.144782
18692 train 3.080260
18693 train 3.115108
18694 train 3.102592
18695 train 3.079216
18696 train 3.081488
18697 train 3.118669
18698 train 3.014173
18699 train 3.085770
18700 train 3.099475
18701 train 3.061466
18702 train 3.053070
18703 train 3.058178
18704 train 2.979469
18705 train 3.035709
18706 train 3.085367
18707 train 3.054232
18708 train 3.028304
18709 train 3.085938
18710 train 3.060538
18711 train 3.070287
18712 train 2.991115
18713 train 3.058340
18714 train 3.012065
18715 train 3.047879
18716 train 3.057406
18717 train 3.000751
18718 train 3.043678
18719 train 3.008706
18720 train 3.028212
18721 train 3.061844
18722 train 3.006538
18723 train 3.038172
18724 train 3.025080
18725 train 3.040683
18726 train 2.937073
18727 train 3.010621
18728 train 2.950353
18729 train 3.007041
18730 train 2.948704
18731 train 3.014888
18732 train 2.994654
18733 train 2.958368
18734 train 2.955934
18735 train 2.927858
18736 train 2.995981
18737 train 3.078488
18738 train 3.099695
18739 train 3.105277
18740 train 3.032549
18741 train 3.095601
18742 train 3.036102
18743 train 3.115403
18744 train 3.082120
18745 train 3.131493
18746 train 3.104985
18747 train 3.054695
18748 train 3.113437
18749 train 3.042145
18750 train 3.006757
18751 train 3.089921
18752 train 3.044528
18753 train 3.071377
18754 train 3.035423
18755 train 3.180573
18756 train 3.028187
18757 train 3.030112
18758 train 3.005880
18759 train 3.054286
18760 train 3.029127
18761 train 3.055672
18762 train 3.037632
18763 train 3.068214
18764 train 3.043236
18765 train 3.053413
18766 train 3.065576
18767 train 3.065489
18768 train 3.046568
18769 train 3.022279
18770 train 3.023070
18771 train 3.022626
18772 train 2.959834
18773 train 2.969794
18774 train 2.924602
18775 train 2.982846
18776 train 2.972934
18777 train 2.990270
18778 train 3.001334
18779 train 2.938949
18780 train 2.998964
18781 train 2.991242
18782 train 2.936874
18783 train 2.981403
18784 train 3.077790
18785 train 3.134039
18786 train 3.068845
18787 train 2.984903
18788 train 3.098574
18789 train 3.085912
18790 train 3.080459
18791 train 3.099751
18792 train 3.071565
18793 train 3.066404
18794 train 3.100354
18795 train 3.049953
18796 train 2.987055
18797 train 3.033617
18798 train 3.119545
18799 train 3.064468
18800 train 3.039665
18801 train 3.075154
18802 train 3.051124
18803 train 3.005934
18804 train 3.041430
18805 train 3.064737
18806 train 3.103296
18807 train 3.080167
18808 train 3.067925
18809 train 3.038021
18810 train 3.053590
18811 train 3.144158
18812 train 3.084247
18813 train 3.031412
18814 train 3.085232
18815 train 3.073821
18816 train 3.061597
18817 train 3.038269
18818 train 3.017088
18819 train 3.080474
18820 train 3.038011
18821 train 3.050788
18822 train 3.026809
18823 train 3.048954
18824 train 2.977681
18825 train 3.065269
18826 train 3.034571
18827 train 3.005205
18828 train 3.101903
18829 train 2.918226
18830 train 2.917600
18831 train 2.869452
18832 train 2.898671
18833 train 2.897038
18834 train 2.859250
18835 train 2.868127
18836 train 2.916005
18837 train 2.890609
18838 train 2.902921
18839 train 2.879888
18840 train 2.962882
18841 train 3.036194
18842 train 3.114201
18843 train 3.054316
18844 train 3.081560
18845 train 3.066219
18846 train 3.060609
18847 train 3.068983
18848 train 3.051868
18849 train 2.963273
18850 train 3.102175
18851 train 3.101267
18852 train 3.051187
18853 train 3.116601
18854 train 3.082251
18855 train 3.085312
18856 train 3.045289
18857 train 3.086548
18858 train 3.100240
18859 train 3.084440
18860 train 3.060992
18861 train 3.042322
18862 train 3.064137
18863 train 3.075326
18864 train 3.070121
18865 train 3.002028
18866 train 3.055707
18867 train 3.018507
18868 train 3.026096
18869 train 3.072546
18870 train 3.029553
18871 train 3.062548
18872 train 3.039483
18873 train 3.040749
18874 train 3.033015
18875 train 2.915764
18876 train 2.869322
18877 train 2.809411
18878 train 2.873961
18879 train 2.866275
18880 train 2.837842
18881 train 2.896832
18882 train 2.912012
18883 train 2.885559
18884 train 2.919228
18885 train 2.852564
18886 train 2.843022
18887 train 2.966106
18888 train 3.106282
18889 train 3.033518
18890 train 3.068158
18891 train 3.038393
18892 train 3.044186
18893 train 3.074247
18894 train 3.071236
18895 train 3.104090
18896 train 3.076684
18897 train 3.016922
18898 train 3.031652
18899 train 3.055196
18900 train 3.087322
18901 train 3.028799
18902 train 3.082482
18903 train 3.058936
18904 train 3.058980
18905 train 3.108462
18906 train 3.078136
18907 train 2.993852
18908 train 3.119293
18909 train 3.019693
18910 train 3.019238
18911 train 3.028081
18912 train 3.043659
18913 train 2.952168
18914 train 3.032592
18915 train 3.044219
18916 train 3.058646
18917 train 3.010153
18918 train 3.013544
18919 train 3.011230
18920 train 3.034455
18921 train 3.003940
18922 train 2.890244
18923 train 2.918124
18924 train 2.875553
18925 train 2.821855
18926 train 2.902790
18927 train 2.927387
18928 train 2.859402
18929 train 2.923741
18930 train 2.926563
18931 train 2.905652
18932 train 2.879140
18933 train 2.924153
18934 train 3.058289
18935 train 3.065567
18936 train 3.031679
18937 train 3.089918
18938 train 3.126439
18939 train 3.109867
18940 train 3.029279
18941 train 3.122506
18942 train 3.071522
18943 train 2.999165
18944 train 3.040349
18945 train 3.057366
18946 train 3.082670
18947 train 3.048748
18948 train 3.055024
18949 train 3.124552
18950 train 3.090241
18951 train 3.030759
18952 train 3.119770
18953 train 3.033553
18954 train 3.159892
18955 train 3.032142
18956 train 3.069510
18957 train 3.022151
18958 train 3.007244
18959 train 3.031502
18960 train 3.042710
18961 train 3.052325
18962 train 3.032894
18963 train 3.026779
18964 train 3.070436
18965 train 3.038089
18966 train 3.034119
18967 train 2.973360
18968 train 2.875493
18969 train 2.898538
18970 train 2.897857
18971 train 2.969829
18972 train 2.896114
18973 train 2.930010
18974 train 2.893411
18975 train 2.822651
18976 train 2.876254
18977 train 2.910386
18978 train 2.864874
18979 train 2.980181
18980 train 3.025275
18981 train 3.061577
18982 train 3.057682
18983 train 3.114318
18984 train 3.098583
18985 train 3.052628
18986 train 3.079793
18987 train 3.012596
18988 train 3.023928
18989 train 3.027123
18990 train 3.012841
18991 train 3.016947
18992 train 2.995436
18993 train 2.981338
18994 train 3.037141
18995 train 3.035996
18996 train 3.057595
18997 train 2.968908
18998 train 3.065510
18999 train 3.046386
19000 train 3.056252
19001 train 3.046657
19002 train 3.183586
19003 train 3.139495
19004 train 3.145902
19005 train 3.106992
19006 train 3.112461
19007 train 3.074658
19008 train 3.116955
19009 train 3.176754
19010 train 3.156211
19011 train 3.134182
19012 train 3.090036
19013 train 3.084938
19014 train 3.020867
19015 train 3.051145
19016 train 3.019209
19017 train 3.034279
19018 train 3.010419
19019 train 2.980586
19020 train 3.039637
19021 train 2.950973
19022 train 3.036640
19023 train 3.041303
19024 train 3.052048
19025 train 3.046933
19026 train 2.996289
19027 train 2.992032
19028 train 3.031636
19029 train 3.037213
19030 train 3.053675
19031 train 3.101366
19032 train 3.094335
19033 train 3.126431
19034 train 3.098861
19035 train 3.101687
19036 train 3.108360
19037 train 3.149574
19038 train 3.132301
19039 train 3.088670
19040 train 3.119001
19041 train 3.090495
19042 train 3.159543
19043 train 3.110015
19044 train 3.143408
19045 train 3.118492
19046 train 3.119600
19047 train 3.070001
19048 train 3.109782
19049 train 3.058518
19050 train 3.004534
19051 train 3.082067
19052 train 3.043481
19053 train 3.050560
19054 train 3.023291
19055 train 3.025770
19056 train 3.041910
19057 train 3.065975
19058 train 3.095320
19059 train 3.043206
19060 train 3.061756
19061 train 3.066086
19062 train 3.043267
19063 train 3.031341
19064 train 3.060063
19065 train 3.020834
19066 train 3.047916
19067 train 3.037337
19068 train 3.073842
19069 train 3.022380
19070 train 3.046716
19071 train 3.031328
19072 val 3.0155
19072 hella 0.3066
19072 train 3.099425
